phase,development,id,width,method,rho,seed,status,validation_accuracy,validation_loss,validation_logit_abs_max,validation_top_1pct_loss_fraction,update_seconds,test_accuracy,test_loss,test_logit_abs_max,test_top_1pct_loss_fraction,bn,feedback_scale,budget
width,True,dev_w1024_endfa_r3_s62000,1024,endfa,3.0,62000,complete,0.4735,1.5571837448401924,12.416886329650879,0.042624710464700816,21.53412330680294,,,,,,,
width,True,dev_w1024_endfa_r3_s62001,1024,endfa,3.0,62001,complete,0.4515,1.5425628158975144,11.308457374572754,0.0412691483398954,19.287216893746518,,,,,,,
width,True,dev_w1024_endfa_r30_s62000,1024,endfa,30.0,62000,complete,0.5055,1.4413724019184142,11.510501861572266,0.04112569442033515,19.287674261053326,,,,,,,
width,True,dev_w1024_endfa_r30_s62001,1024,endfa,30.0,62001,complete,0.483,1.4440957114811226,11.698311805725098,0.04112713630725913,19.255823127750773,,,,,,,
width,True,dev_w1024_endfa_r300_s62000,1024,endfa,300.0,62000,complete,0.518,1.3884756573370816,11.265920639038086,0.040925336486864625,19.265079249758855,,,,,,,
width,True,dev_w1024_endfa_r300_s62001,1024,endfa,300.0,62001,complete,0.5115,1.3615150832139302,13.03035831451416,0.04342041018520702,19.306921284842247,,,,,,,
width,True,dev_w1024_endfa_r3000_s62000,1024,endfa,3000.0,62000,complete,0.5165,1.3802479176708697,12.1305570602417,0.042204583791151454,19.297790121207072,,,,,,,
width,True,dev_w1024_endfa_r3000_s62001,1024,endfa,3000.0,62001,complete,0.508,1.3531135907518823,13.015359878540039,0.042749668739665306,19.36333426101919,,,,,,,
width,True,dev_w1024_ediag_r3_s62000,1024,ediag,3.0,62000,complete,0.5135,1.3855856244875053,11.061907768249512,0.041327214864794695,14.08809338377614,,,,,,,
width,True,dev_w1024_ediag_r3_s62001,1024,ediag,3.0,62001,complete,0.5095,1.360269450769918,11.918426513671875,0.04330659737184468,14.113854824085138,,,,,,,
width,True,dev_w1024_ediag_r30_s62000,1024,ediag,30.0,62000,complete,0.504,1.3856691782280008,12.1357421875,0.04169997164364476,14.07682258614659,,,,,,,
width,True,dev_w1024_ediag_r30_s62001,1024,ediag,30.0,62001,complete,0.506,1.3522397755387274,12.393659591674805,0.043253288550937026,14.105502407823224,,,,,,,
width,True,dev_w1024_ediag_r300_s62000,1024,ediag,300.0,62000,complete,0.518,1.3958455631456292,10.826397895812988,0.04106618864597957,14.072584373221616,,,,,,,
width,True,dev_w1024_ediag_r300_s62001,1024,ediag,300.0,62001,complete,0.5045,1.3596585882231662,12.395821571350098,0.04281982409765856,14.131599448301131,,,,,,,
width,True,dev_w1024_ediag_r3000_s62000,1024,ediag,3000.0,62000,complete,0.513,1.3987915832761504,11.4096097946167,0.04108733572416131,14.129378304962302,,,,,,,
width,True,dev_w1024_ediag_r3000_s62001,1024,ediag,3000.0,62001,complete,0.5065,1.3581661483201415,12.70258903503418,0.04328796977334802,14.051892459698138,,,,,,,
width,True,dev_w2048_endfa_r3_s62000,2048,endfa,3.0,62000,complete,0.418,2.0865943541786187,16.055551528930664,0.05403637608197689,20.04699726418039,,,,,,,
width,True,dev_w2048_endfa_r3_s62001,2048,endfa,3.0,62001,complete,0.4105,1.9312029632575844,13.554909706115723,0.053593009367201565,20.024089587946946,,,,,,,
width,True,dev_w2048_endfa_r30_s62000,2048,endfa,30.0,62000,complete,0.441,2.0504657842715153,16.930692672729492,0.05768464064017449,20.070694249305234,,,,,,,
width,True,dev_w2048_endfa_r30_s62001,2048,endfa,30.0,62001,complete,0.4175,1.8855196491533457,14.074397087097168,0.05280020313027478,20.07925203513878,,,,,,,
width,True,dev_w2048_endfa_r300_s62000,2048,endfa,300.0,62000,complete,0.45,1.8587702117761549,15.374245643615723,0.04997729286346949,20.034980999953405,,,,,,,
width,True,dev_w2048_endfa_r300_s62001,2048,endfa,300.0,62001,complete,0.44,1.7263438382903833,13.084145545959473,0.04854625611309384,20.077977926841413,,,,,,,
width,True,dev_w2048_endfa_r3000_s62000,2048,endfa,3000.0,62000,complete,0.454,1.8052713736054171,13.37682056427002,0.05190068246393644,20.021154084148293,,,,,,,
width,True,dev_w2048_endfa_r3000_s62001,2048,endfa,3000.0,62001,complete,0.4485,1.6855819605226052,13.546945571899414,0.0490888847546894,20.038093380957434,,,,,,,
width,True,dev_w2048_ediag_r3_s62000,2048,ediag,3.0,62000,complete,0.468,1.6432569804152675,13.003046035766602,0.04639085235941226,14.552410200027225,,,,,,,
width,True,dev_w2048_ediag_r3_s62001,2048,ediag,3.0,62001,complete,0.4715,1.6074776863871834,12.781496047973633,0.044292795833400206,14.564461776899407,,,,,,,
width,True,dev_w2048_ediag_r30_s62000,2048,ediag,30.0,62000,complete,0.4675,1.7025391727333863,13.714240074157715,0.048368094365647804,14.522140913148178,,,,,,,
width,True,dev_w2048_ediag_r30_s62001,2048,ediag,30.0,62001,complete,0.4545,1.6507841416575009,13.406649589538574,0.04862611142473351,14.516596073037363,,,,,,,
width,True,dev_w2048_ediag_r300_s62000,2048,ediag,300.0,62000,complete,0.462,1.7716555749026284,13.830652236938477,0.051101747746690684,14.487955683005566,,,,,,,
width,True,dev_w2048_ediag_r300_s62001,2048,ediag,300.0,62001,complete,0.4605,1.6192339265493298,13.140892028808594,0.04849030865922546,14.538322819120367,,,,,,,
width,True,dev_w2048_ediag_r3000_s62000,2048,ediag,3000.0,62000,complete,0.476,1.6577302971216912,13.430805206298828,0.04791151538168551,14.52265353580151,,,,,,,
width,True,dev_w2048_ediag_r3000_s62001,2048,ediag,3000.0,62001,complete,0.441,1.690830906698745,13.775554656982422,0.0489163405038083,14.531866403936874,,,,,,,
width,False,confirm_w1024_dfa_s63000,1024,dfa,,63000,complete,0.5165,1.333139586992452,10.348246574401855,0.04272697057902864,9.528059967968147,0.5206,1.3359561815990797,12.668624877929688,0.04386406733055236,,,
width,False,confirm_w1024_ndfa_s63000,1024,ndfa,,63000,complete,0.565,1.226232158075233,10.505892753601074,0.04787420638285889,19.31624544398801,0.5627,1.233526194951879,15.18176555633545,0.050333944826798406,,,
width,False,confirm_w1024_endfa_s63000,1024,endfa,3000.0,63000,complete,0.5245,1.3352480516470784,10.281176567077637,0.04097015815538747,19.29089280502376,0.5208,1.3412071791364468,12.347074508666992,0.04458992637420989,,,
width,False,confirm_w1024_ediag_s63000,1024,ediag,30.0,63000,complete,0.524,1.339964418579949,10.337676048278809,0.04213327904660492,14.092900391988223,0.5171,1.3485109126085655,13.882065773010254,0.0446025905406787,,,
width,False,confirm_w1024_kndfa_s63000,1024,kndfa,3000.0,63000,complete,0.5585,1.2315340907704564,11.497528076171875,0.04677704246389352,22.978517787880264,0.5643,1.2307341639781781,15.039968490600586,0.04974033548134975,,,
width,False,confirm_w1024_dfa_s63001,1024,dfa,,63001,complete,0.5315,1.3045304454172704,13.295943260192871,0.04259855616519785,9.54169669913972,0.5354,1.3195127908457147,13.17839527130127,0.04531141967122246,,,
width,False,confirm_w1024_ndfa_s63001,1024,ndfa,,63001,complete,0.561,1.2181571528625423,14.19154167175293,0.049600218101560116,19.355528827902162,0.5624,1.2334706571954785,15.473321914672852,0.05148539423431042,,,
width,False,confirm_w1024_endfa_s63001,1024,endfa,3000.0,63001,complete,0.5265,1.307819592564109,13.10020923614502,0.04395521755236031,19.264797707815887,0.5327,1.319298230203721,12.75786018371582,0.04529848620567406,,,
width,False,confirm_w1024_ediag_s63001,1024,ediag,30.0,63001,complete,0.5285,1.3093179083927422,13.619033813476562,0.04316506322697013,14.078307109622983,0.5329,1.3224383827532258,12.85621166229248,0.04601064877081412,,,
width,False,confirm_w1024_kndfa_s63001,1024,kndfa,3000.0,63001,complete,0.5585,1.215442549606525,13.261618614196777,0.0487700094788547,22.931840612385713,0.562,1.231476006070927,16.106664657592773,0.05138122979313855,,,
width,False,confirm_w1024_dfa_s63002,1024,dfa,,63002,complete,0.4955,1.420046288680743,10.37749195098877,0.04086325621299685,9.553843367211812,0.482,1.428404800621408,10.832059860229492,0.0429094644612958,,,
width,False,confirm_w1024_ndfa_s63002,1024,ndfa,,63002,complete,0.544,1.2890671196037826,13.053515434265137,0.049590633046657034,19.311508963553933,0.545,1.2920504973767053,14.439352989196777,0.049586642539040014,,,
width,False,confirm_w1024_endfa_s63002,1024,endfa,3000.0,63002,complete,0.5025,1.4054410170718883,11.03854751586914,0.04046143948540357,19.295989447076863,0.4885,1.421067492143465,11.246350288391113,0.0430725685640466,,,
width,False,confirm_w1024_ediag_s63002,1024,ediag,30.0,63002,complete,0.494,1.4016225271494225,10.673742294311523,0.03969998848582431,14.107279412877688,0.4894,1.4246531723386693,10.497350692749023,0.042903494875071495,,,
width,False,confirm_w1024_kndfa_s63002,1024,kndfa,3000.0,63002,complete,0.544,1.298761473961035,12.951489448547363,0.04978141938790268,22.91210496295389,0.541,1.3010692088010958,14.723350524902344,0.048992959698126524,,,
width,False,confirm_w1024_dfa_s63003,1024,dfa,,63003,complete,0.5135,1.352658534139745,12.758035659790039,0.04037999858178467,9.582230632899154,0.5074,1.370772702581865,13.994023323059082,0.04445702747954849,,,
width,False,confirm_w1024_ndfa_s63003,1024,ndfa,,63003,complete,0.553,1.2501266146237808,17.592607498168945,0.04766467652089011,19.294058676088753,0.5563,1.2547572949120953,18.0578556060791,0.05195404098397272,,,
width,False,confirm_w1024_endfa_s63003,1024,endfa,3000.0,63003,complete,0.513,1.3502276501039379,13.742117881774902,0.041266878926127015,19.32683390123566,0.5121,1.3723265077180706,13.793692588806152,0.045222587441142124,,,
width,False,confirm_w1024_ediag_s63003,1024,ediag,30.0,63003,complete,0.5025,1.359130623521985,14.158714294433594,0.04104238888118038,14.065680862899171,0.51,1.378403939130146,13.847114562988281,0.04471094656812044,,,
width,False,confirm_w1024_kndfa_s63003,1024,kndfa,3000.0,63003,complete,0.571,1.226337479033078,16.6387996673584,0.04845417020410282,22.92785104567156,0.5575,1.253315956032541,17.89386558532715,0.05156262534298501,,,
width,False,confirm_w1024_dfa_s63004,1024,dfa,,63004,complete,0.508,1.3470390081845518,11.88674545288086,0.0409816966690526,9.566174306921312,0.5141,1.3594442178895014,13.01806354522705,0.04488364934273131,,,
width,False,confirm_w1024_ndfa_s63004,1024,ndfa,,63004,complete,0.551,1.2440085346465954,14.062310218811035,0.047919981234738895,19.29146021710767,0.5537,1.2490901491530566,16.13417625427246,0.05006750741811247,,,
width,False,confirm_w1024_endfa_s63004,1024,endfa,3000.0,63004,complete,0.5065,1.3356818121638634,12.752906799316406,0.039551905241482124,19.32061127192719,0.513,1.3603460321943444,13.680795669555664,0.04509898656612664,,,
width,False,confirm_w1024_ediag_s63004,1024,ediag,30.0,63004,complete,0.511,1.3330098607271998,12.034600257873535,0.039575615582967946,14.063766507235414,0.5155,1.3526678616259298,12.784154891967773,0.04501838078743251,,,
width,False,confirm_w1024_kndfa_s63004,1024,kndfa,3000.0,63004,complete,0.545,1.250536645032476,13.603185653686523,0.0488510234249842,22.863797870006238,0.554,1.2502118586804742,16.626428604125977,0.05042704112290056,,,
width,False,confirm_w2048_dfa_s63000,2048,dfa,,63000,complete,0.483,1.5312046166574846,12.793155670166016,0.04341736725086247,9.540807189674524,0.4814,1.5247535968521497,14.776373863220215,0.047978141325875565,,,
width,False,confirm_w2048_ndfa_s63000,2048,ndfa,,63000,complete,0.555,1.2786376351456339,14.539106369018555,0.05113667207492879,20.03809455386363,0.5532,1.2769227869544786,18.45207977294922,0.05463923645976621,,,
width,False,confirm_w2048_endfa_s63000,2048,endfa,3000.0,63000,complete,0.484,1.5391334289036405,12.100064277648926,0.04452487281110137,20.112473564280663,0.4817,1.5233335258477876,14.030058860778809,0.0473349454392448,,,
width,False,confirm_w2048_ediag_s63000,2048,ediag,3.0,63000,complete,0.49,1.4923256912868086,12.373056411743164,0.04286662666864725,14.547991950210417,0.4864,1.4873783340696134,14.41800308227539,0.047402474622782284,,,
width,False,confirm_w2048_kndfa_s63000,2048,kndfa,3000.0,63000,complete,0.55,1.2886993454058222,13.474699974060059,0.050190968263915475,23.639975174992287,0.5562,1.2779313911608297,18.01723861694336,0.05482425881603049,,,
width,False,confirm_w2048_dfa_s63001,2048,dfa,,63001,complete,0.504,1.4159161836652443,12.18958854675293,0.04508941408250114,9.54403038018063,0.504,1.4360597421335983,13.384005546569824,0.04683627518934715,,,
width,False,confirm_w2048_ndfa_s63001,2048,ndfa,,63001,complete,0.551,1.2970878755100863,14.01148796081543,0.05445288037789872,20.045764564965793,0.5487,1.3234180355538279,17.95302391052246,0.05492582352185939,,,
width,False,confirm_w2048_endfa_s63001,2048,endfa,3000.0,63001,complete,0.5105,1.42382912963721,13.414654731750488,0.04636603654911345,20.05819025485107,0.5056,1.4359350641218502,13.194690704345703,0.047303191335259245,,,
width,False,confirm_w2048_ediag_s63001,2048,ediag,3.0,63001,complete,0.525,1.3840790041708693,12.696308135986328,0.04671955930371612,14.566516211845737,0.5172,1.3956807545014165,12.563565254211426,0.04717938734200042,,,
width,False,confirm_w2048_kndfa_s63001,2048,kndfa,3000.0,63001,complete,0.5625,1.2724471234587205,13.630144119262695,0.053589978437855505,23.609357462933986,0.5531,1.3091075486473662,16.33128547668457,0.054497483042798764,,,
width,False,confirm_w2048_dfa_s63002,2048,dfa,,63002,complete,0.425,1.7490470610562343,13.667121887207031,0.041658814527367624,9.562160900881281,0.4239,1.7443447502384308,13.623129844665527,0.04421202979847844,,,
width,False,confirm_w2048_ndfa_s63002,2048,ndfa,,63002,complete,0.5055,1.4677430003257437,14.094231605529785,0.04903639325916063,20.065420904902567,0.5006,1.4656740824731644,14.78036880493164,0.05198279062669954,,,
width,False,confirm_w2048_endfa_s63002,2048,endfa,3000.0,63002,complete,0.4395,1.6969985882452245,14.977595329284668,0.04318276113961583,20.057562259789847,0.4329,1.6923423664874175,12.780585289001465,0.045044395494952025,,,
width,False,confirm_w2048_ediag_s63002,2048,ediag,3.0,63002,complete,0.415,1.714237104739295,14.773041725158691,0.040138807934291296,14.515317832047003,0.4231,1.7202190539781015,12.071743965148926,0.043587162789011286,,,
width,False,confirm_w2048_kndfa_s63002,2048,kndfa,3000.0,63002,complete,0.499,1.4594622304262008,13.81124210357666,0.048807813403612184,23.595922350039473,0.5021,1.4596047872223257,16.0159912109375,0.05174022399294629,,,
width,False,confirm_w2048_dfa_s63003,2048,dfa,,63003,complete,0.4935,1.462008881614879,15.12508487701416,0.04569534375236277,9.552071531732508,0.4933,1.4792266039094988,15.883914947509766,0.04902911194156208,,,
width,False,confirm_w2048_ndfa_s63003,2048,ndfa,,63003,complete,0.552,1.2796638119970953,15.811970710754395,0.05087698676965164,20.01416407500801,0.5488,1.3086831072866134,19.91843605041504,0.05508175201301422,,,
width,False,confirm_w2048_endfa_s63003,2048,endfa,3000.0,63003,complete,0.493,1.46972735042489,14.690529823303223,0.045721964061613246,20.021243598821457,0.487,1.490896002295292,15.596549987792969,0.04807776519572209,,,
width,False,confirm_w2048_ediag_s63003,2048,ediag,3.0,63003,complete,0.4825,1.468397458111236,14.180006980895996,0.044997146261899566,14.537428236923006,0.482,1.4961766179347333,15.324071884155273,0.04747587797772339,,,
width,False,confirm_w2048_kndfa_s63003,2048,kndfa,3000.0,63003,complete,0.5585,1.2694411750204915,17.43207359313965,0.05081108901835121,23.6087797732107,0.5524,1.285115173917925,19.70111083984375,0.05547709413962669,,,
width,False,confirm_w2048_dfa_s63004,2048,dfa,,63004,complete,0.4645,1.5813438115673282,14.10127067565918,0.048576278957605384,9.56180267813761,0.458,1.6015040487999437,14.41612434387207,0.047458869492680675,,,
width,False,confirm_w2048_ndfa_s63004,2048,ndfa,,63004,complete,0.511,1.3961037001052745,15.48133659362793,0.052678204492499964,20.021241652160825,0.5241,1.3914649529528376,17.927560806274414,0.05394978033483792,,,
width,False,confirm_w2048_endfa_s63004,2048,endfa,3000.0,63004,complete,0.455,1.588045764995411,14.838898658752441,0.04645422408058469,20.019447364946245,0.459,1.5996308132799626,14.301530838012695,0.04781147491750512,,,
width,False,confirm_w2048_ediag_s63004,2048,ediag,3.0,63004,complete,0.4675,1.5321954081391036,14.001242637634277,0.04181941199504656,14.579378335067304,0.4701,1.536658870852432,14.747625350952148,0.04541106024585262,,,
width,False,confirm_w2048_kndfa_s63004,2048,kndfa,3000.0,63004,complete,0.519,1.4047401296340263,15.501938819885254,0.052277501453851224,23.599558547830384,0.5218,1.388386101658809,17.84638214111328,0.053350344640289545,,,
stability,False,stability_bn0_fb0.1_dfa_s64000,1024,dfa,,64000,complete,0.163,594339794.1500078,3909813248.0,0.051508177938483064,10.119876731652766,0.1793,579696271.5060766,4218559744.0,0.05272386919066051,False,0.1,
stability,False,stability_bn0_fb0.1_ndfa_s64000,1024,ndfa,,64000,complete,0.283,70728865.99239062,818539776.0,0.07663149730950186,18.40415134606883,0.2917,70370051.34695998,879785344.0,0.08012134191008476,False,0.1,
stability,False,stability_bn0_fb0.1_endfa_s64000,1024,endfa,,64000,complete,0.196,373792351382.528,1733433098240.0,0.0460157009402627,18.27827442716807,0.191,369681682536.9479,1658707902464.0,0.04571493427432053,False,0.1,
stability,False,stability_bn0_fb0.1_kndfa_s64000,1024,kndfa,,64000,complete,0.314,20546125.046854004,279853536.0,0.08434684860517555,21.770187367219478,0.3055,20746524.42807335,267975984.0,0.08722907603507735,False,0.1,
stability,False,stability_bn0_fb0.1_dfa_s64001,1024,dfa,,64001,complete,0.2255,156371172185.136,1132438618112.0,0.0787418893651193,9.134544394211844,0.2219,159986296765.23724,1180991881216.0,0.07632259453143105,False,0.1,
stability,False,stability_bn0_fb0.1_ndfa_s64001,1024,ndfa,,64001,complete,0.381,24421582.834253907,450054464.0,0.13532636059791112,17.976520451251417,0.3741,25472674.341769166,539885056.0,0.13425236980682434,False,0.1,
stability,False,stability_bn0_fb0.1_endfa_s64001,1024,endfa,,64001,complete,0.2575,265216681479.424,1707208867840.0,0.056960131446407575,18.066651383880526,0.2451,270846022699.3792,1824379633664.0,0.05915750821112399,False,0.1,
stability,False,stability_bn0_fb0.1_kndfa_s64001,1024,kndfa,,64001,complete,0.391,10298617.313684387,168842960.0,0.12038120761635224,21.771077565383166,0.3873,10639378.309253052,167732592.0,0.11970898003902414,False,0.1,
stability,False,stability_bn0_fb0.1_dfa_s64002,1024,dfa,,64002,complete,0.239,1615608623.6380625,12207232000.0,0.08069415387646893,9.077397111570463,0.2386,1646814336.651278,13240834048.0,0.08330908273471735,False,0.1,
stability,False,stability_bn0_fb0.1_ndfa_s64002,1024,ndfa,,64002,complete,0.3865,15125473.580479736,347620448.0,0.14677645263881953,17.979294021381065,0.3827,15403261.275588794,386439936.0,0.12411791977974614,False,0.1,
stability,False,stability_bn0_fb0.1_endfa_s64002,1024,endfa,,64002,complete,0.256,450001351825.92,4168932655104.0,0.07533092327070522,18.175017904257402,0.2563,441997029752.3714,3934009688064.0,0.07325362014436815,False,0.1,
stability,False,stability_bn0_fb0.1_kndfa_s64002,1024,kndfa,,64002,complete,0.422,13222423.530037109,282866432.0,0.13747907029831,21.755369079764932,0.4051,13576328.268119361,298711872.0,0.12333125849143464,False,0.1,
stability,False,stability_bn0_fb0.1_dfa_s64003,1024,dfa,,64003,complete,0.2905,1078888645.7141874,11231271936.0,0.07533282339272208,9.164475877769291,0.2898,1100887741.0725672,12135749632.0,0.07575236503328714,False,0.1,
stability,False,stability_bn0_fb0.1_ndfa_s64003,1024,ndfa,,64003,complete,0.417,10037927.59854297,195977488.0,0.13857609689293932,18.06789139076136,0.414,10540486.11035325,211471376.0,0.13665599742574172,False,0.1,
stability,False,stability_bn0_fb0.1_endfa_s64003,1024,endfa,,64003,complete,0.2735,165651688921.808,1478971359232.0,0.0766865729569004,18.074874548939988,0.2626,164657552480.346,1476779835392.0,0.07685524960239715,False,0.1,
stability,False,stability_bn0_fb0.1_kndfa_s64003,1024,kndfa,,64003,complete,0.433,8185717.576304687,145881456.0,0.10884261047608822,21.69484279351309,0.4245,8294125.526138062,161274816.0,0.10518029694490286,False,0.1,
stability,False,stability_bn0_fb0.1_dfa_s64004,1024,dfa,,64004,complete,0.2965,2309507900.06925,18786680832.0,0.0910581950629804,9.072882764739916,0.298,2409072823.278864,20343201792.0,0.08452705500319715,False,0.1,
stability,False,stability_bn0_fb0.1_ndfa_s64004,1024,ndfa,,64004,complete,0.362,13202479.120630462,223333696.0,0.10511707186707542,18.008033177349716,0.3731,12632137.467383398,366668896.0,0.10004993922068625,False,0.1,
stability,False,stability_bn0_fb0.1_endfa_s64004,1024,endfa,,64004,complete,0.2395,363992979210.814,3634311725056.0,0.08320777325268858,18.011508679017425,0.2415,354327156208.8256,3029883944960.0,0.08658175415024727,False,0.1,
stability,False,stability_bn0_fb0.1_kndfa_s64004,1024,kndfa,,64004,complete,0.4055,10286673.527215088,146669296.0,0.1110173266390397,21.876876624766737,0.4164,10618674.185711963,170400176.0,0.11963277411169819,False,0.1,
stability,False,stability_bn0_fb1_dfa_s64000,1024,dfa,,64000,complete,0.25,2099556566212543.0,2.862957553778688e+16,0.11111384508309788,9.094565717503428,0.254,2061696752091036.5,2.7949194736041984e+16,0.10492165895567317,False,1.0,
stability,False,stability_bn0_fb1_ndfa_s64000,1024,ndfa,,64000,complete,0.313,4788514826511.36,79195707277312.0,0.1097865771285578,18.074583225417882,0.3105,4818843562162.483,92404803698688.0,0.09967241241961897,False,1.0,
stability,False,stability_bn0_fb1_endfa_s64000,1024,endfa,,64000,complete,0.274,2.904285071012738e+16,1.9222488628487782e+17,0.07766413765734205,18.27161613921635,0.2792,2.870256640069754e+16,2.2211632965668045e+17,0.07985969964125395,False,1.0,
stability,False,stability_bn0_fb1_kndfa_s64000,1024,kndfa,,64000,complete,0.3635,16143711144853.504,185773408124928.0,0.0818925882207185,21.77509398222901,0.3769,16326339929323.111,222005769011200.0,0.08123374604171495,False,1.0,
stability,False,stability_bn0_fb1_dfa_s64001,1024,dfa,,64001,complete,0.205,3.480506734550343e+18,3.300082335992932e+19,0.10598367855837341,9.048472560709342,0.194,3.5230814796004393e+18,3.3402266050346615e+19,0.10425077141785571,False,1.0,
stability,False,stability_bn0_fb1_ndfa_s64001,1024,ndfa,,64001,complete,0.3705,1997692511792.128,50881579974656.0,0.12672237064178876,18.06071194028482,0.3732,2037266160477.5808,62874751860736.0,0.12282998847430851,False,1.0,
stability,False,stability_bn0_fb1_endfa_s64001,1024,endfa,,64001,complete,0.2605,4.154742171889356e+17,4.1237604162936504e+18,0.07681627931182405,18.084763621678576,0.2561,4.288579796703952e+17,4.402700743824376e+18,0.07519953837852127,False,1.0,
stability,False,stability_bn0_fb1_kndfa_s64001,1024,kndfa,,64001,complete,0.353,21034825099091.97,406456511758336.0,0.11621856603848112,21.797230786876753,0.3475,21011910005476.56,454412908625920.0,0.11910943277879553,False,1.0,
stability,False,stability_bn0_fb1_dfa_s64002,1024,dfa,,64002,complete,0.302,2072075892795900.0,1.6899637600321536e+16,0.07075746783619151,9.069623574614525,0.2909,2161372195828059.2,2.029008048881664e+16,0.0706154310087083,False,1.0,
stability,False,stability_bn0_fb1_ndfa_s64002,1024,ndfa,,64002,complete,0.379,3439434010597.376,76145659740160.0,0.17687097742369465,18.02837077761069,0.3827,3841691460140.4673,104555501060096.0,0.18135491175416882,False,1.0,
stability,False,stability_bn0_fb1_endfa_s64002,1024,endfa,,64002,complete,0.283,2.5896516758819728e+17,1.845272569184256e+18,0.062372643860207716,18.127923937747255,0.276,2.597045202365096e+17,1.7516535521256407e+18,0.06227207829526105,False,1.0,
stability,False,stability_bn0_fb1_kndfa_s64002,1024,kndfa,,64002,complete,0.404,26840305494573.055,453975090397184.0,0.10256352944736186,21.7903168220073,0.3998,28138286237601.793,429709062045696.0,0.09873095887884878,False,1.0,
stability,False,stability_bn0_fb1_dfa_s64003,1024,dfa,,64003,complete,0.2635,1776811489336991.8,2.475680352698368e+16,0.1014371778909124,9.141690600430593,0.2624,1801208525985933.0,2.5339336383791104e+16,0.1076173142648387,False,1.0,
stability,False,stability_bn0_fb1_ndfa_s64003,1024,ndfa,,64003,complete,0.4475,2708543280868.096,107202736029696.0,0.2177635192946728,18.05539473867975,0.4403,2988642639175.629,119836399108096.0,0.20931715063377074,False,1.0,
stability,False,stability_bn0_fb1_endfa_s64003,1024,endfa,,64003,complete,0.3085,1.8499078729548957e+17,1.6728159570739855e+18,0.07380990369384495,18.149910874431953,0.3054,1.8622603883385456e+17,1.5639203254590505e+18,0.07176254189120729,False,1.0,
stability,False,stability_bn0_fb1_kndfa_s64003,1024,kndfa,,64003,complete,0.382,14930417558581.248,205233066082304.0,0.0872154156959276,21.779509824467823,0.3849,15486625042306.252,224666249592832.0,0.07781288951520793,False,1.0,
stability,False,stability_bn0_fb1_dfa_s64004,1024,dfa,,64004,complete,0.2365,5.7109493914426936e+16,7.059559404231721e+17,0.10870701530142493,9.110484201461077,0.2387,5.728089024248907e+16,7.757553437360783e+17,0.10753443447727282,False,1.0,
stability,False,stability_bn0_fb1_ndfa_s64004,1024,ndfa,,64004,complete,0.409,9988889653233.664,211547892744192.0,0.13708823355877825,18.0533044047188,0.4046,10570825211304.447,278240933445632.0,0.14935213383373874,False,1.0,
stability,False,stability_bn0_fb1_endfa_s64004,1024,endfa,,64004,complete,0.315,1.171785512933665e+17,1.9500679845002609e+18,0.08779860621634526,18.124095261096954,0.3097,1.1275896092328072e+17,1.6409162385341809e+18,0.09021472237890485,False,1.0,
stability,False,stability_bn0_fb1_kndfa_s64004,1024,kndfa,,64004,complete,0.3605,16467606775685.12,232609489616896.0,0.06576906979314852,21.79715167824179,0.3792,16491652593636.146,285345312669696.0,0.06974376759846046,False,1.0,
stability,False,stability_bn1_fb0.1_dfa_s64000,1024,dfa,,64000,complete,0.5135,1.3378690820615229,12.381455421447754,0.039948787425332415,11.027318907668814,0.5101,1.37274130389341,13.061827659606934,0.045059200101942955,True,0.1,
stability,False,stability_bn1_fb0.1_ndfa_s64000,1024,ndfa,,64000,complete,0.5705,1.212349976426304,13.402655601501465,0.046356721699617194,20.892770698992535,0.557,1.255956895474452,15.237068176269531,0.05110611695963572,True,0.1,
stability,False,stability_bn1_fb0.1_endfa_s64000,1024,endfa,,64000,complete,0.507,1.3735779731866542,11.114212989807129,0.039424921392535485,20.84456316451542,0.497,1.4214107843181394,11.352200508117676,0.043153533607052486,True,0.1,
stability,False,stability_bn1_fb0.1_kndfa_s64000,1024,kndfa,,64000,complete,0.5725,1.2222627287406265,12.428165435791016,0.05049067363246886,24.52976675075479,0.5555,1.2634928721349394,13.954347610473633,0.05313334949704587,True,0.1,
stability,False,stability_bn1_fb0.1_dfa_s64001,1024,dfa,,64001,complete,0.51,1.3328338189464026,10.881111145019531,0.04271166501563969,11.03448322811164,0.512,1.3541912871215152,12.210351943969727,0.0441166880592348,True,0.1,
stability,False,stability_bn1_fb0.1_ndfa_s64001,1024,ndfa,,64001,complete,0.5585,1.2010514901078047,11.518983840942383,0.05272850589073501,20.972627027658746,0.5606,1.2324292465558428,13.765152931213379,0.048912745664376346,True,0.1,
stability,False,stability_bn1_fb0.1_endfa_s64001,1024,endfa,,64001,complete,0.4895,1.399162778857501,10.82655143737793,0.04077594035131719,20.911939345300198,0.4939,1.4197453296248757,11.3308687210083,0.04288674518576741,True,0.1,
stability,False,stability_bn1_fb0.1_kndfa_s64001,1024,kndfa,,64001,complete,0.564,1.1989630619924232,11.23628044128418,0.05119327269818989,24.588667856063694,0.5606,1.2375535379872755,14.98423957824707,0.04866344089180242,True,0.1,
stability,False,stability_bn1_fb0.1_dfa_s64002,1024,dfa,,64002,complete,0.508,1.3587682934218601,11.396421432495117,0.04200991323597409,11.073726568138227,0.5073,1.3781334782983494,11.814957618713379,0.04366379640915635,True,0.1,
stability,False,stability_bn1_fb0.1_ndfa_s64002,1024,ndfa,,64002,complete,0.5655,1.2332224457925145,13.068490982055664,0.048117965705097326,20.932915510609746,0.5511,1.2602974710505082,15.975641250610352,0.05052663212398201,True,0.1,
stability,False,stability_bn1_fb0.1_endfa_s64002,1024,endfa,,64002,complete,0.4905,1.3980226784744358,11.787983894348145,0.04049419105102197,21.18914278759621,0.4934,1.4145101955296868,11.715975761413574,0.04300495279253784,True,0.1,
stability,False,stability_bn1_fb0.1_kndfa_s64002,1024,kndfa,,64002,complete,0.5635,1.2157884335661688,13.951093673706055,0.04951180995922822,24.46859085909091,0.5557,1.241938047231521,13.776902198791504,0.05081499420484427,True,0.1,
stability,False,stability_bn1_fb0.1_dfa_s64003,1024,dfa,,64003,complete,0.53,1.3133449010885914,12.2730073928833,0.043499689493330426,10.992483352310956,0.5241,1.3406080673155385,12.750097274780273,0.04621019165189474,True,0.1,
stability,False,stability_bn1_fb0.1_ndfa_s64003,1024,ndfa,,64003,complete,0.559,1.212102139519799,13.313265800476074,0.04890325146469204,21.120306819910184,0.5552,1.2325778019178637,16.316640853881836,0.04951771814513954,True,0.1,
stability,False,stability_bn1_fb0.1_endfa_s64003,1024,endfa,,64003,complete,0.52,1.3598788268057942,10.934837341308594,0.0448068940596289,20.927411360666156,0.5101,1.384930528229759,12.591850280761719,0.0466303675701284,True,0.1,
stability,False,stability_bn1_fb0.1_kndfa_s64003,1024,kndfa,,64003,complete,0.574,1.204252164210243,13.99431037902832,0.05204836902187976,24.830249636201188,0.5708,1.2268152755653694,16.506927490234375,0.05195599588814666,True,0.1,
stability,False,stability_bn1_fb0.1_dfa_s64004,1024,dfa,,64004,complete,0.5185,1.3421034864203065,13.085262298583984,0.041207429367223235,10.972668338334188,0.5081,1.3655823695504623,12.903139114379883,0.04337746954720891,True,0.1,
stability,False,stability_bn1_fb0.1_ndfa_s64004,1024,ndfa,,64004,complete,0.5685,1.2060982122437067,14.269943237304688,0.046905395034380445,20.832534136017784,0.5621,1.224850206839971,15.338196754455566,0.05050510464635814,True,0.1,
stability,False,stability_bn1_fb0.1_endfa_s64004,1024,endfa,,64004,complete,0.481,1.451551893483863,11.99787425994873,0.04042123490659375,21.05603802227415,0.4721,1.4796756278254393,11.814024925231934,0.04103776018255197,True,0.1,
stability,False,stability_bn1_fb0.1_kndfa_s64004,1024,kndfa,,64004,complete,0.568,1.1994181446449688,14.105569839477539,0.04760112562486044,24.430946906795725,0.5674,1.2190073009139488,14.346932411193848,0.049792697813347477,True,0.1,
stability,False,stability_bn1_fb1_dfa_s64000,1024,dfa,,64000,complete,0.4905,1.4561293922125664,14.709461212158203,0.04058372587981095,10.96273606736213,0.4815,1.4969982413984575,13.943413734436035,0.04564307619153468,True,1.0,
stability,False,stability_bn1_fb1_ndfa_s64000,1024,ndfa,,64000,complete,0.546,1.3090864486593712,15.946504592895508,0.055604119816205916,20.79914690880105,0.5336,1.3597454358718797,17.44765853881836,0.053710443961510375,True,1.0,
stability,False,stability_bn1_fb1_endfa_s64000,1024,endfa,,64000,complete,0.417,1.9588003784924013,16.241268157958984,0.04528234812438831,20.81146625149995,0.4181,1.9830888807512754,17.092132568359375,0.04725876914477133,True,1.0,
stability,False,stability_bn1_fb1_kndfa_s64000,1024,kndfa,,64000,complete,0.502,1.5193622722118434,16.829423904418945,0.05899922114368077,24.425849470077083,0.4999,1.580510502233967,19.587087631225586,0.05641440358008623,True,1.0,
stability,False,stability_bn1_fb1_dfa_s64001,1024,dfa,,64001,complete,0.454,1.5524953600190283,13.579062461853027,0.05049081064166478,10.97383874678053,0.4525,1.6045234439951659,15.824969291687012,0.050453446226326526,True,1.0,
stability,False,stability_bn1_fb1_ndfa_s64001,1024,ndfa,,64001,complete,0.5485,1.275851582899611,13.964630126953125,0.05372273784001752,20.83365212660283,0.5364,1.3231831187014047,15.1749849319458,0.05113173663265512,True,1.0,
stability,False,stability_bn1_fb1_endfa_s64001,1024,endfa,,64001,complete,0.397,2.2627795309149055,22.034639358520508,0.06193150910614003,20.84236448793672,0.3972,2.316990981490297,23.231599807739258,0.06214847461913369,True,1.0,
stability,False,stability_bn1_fb1_kndfa_s64001,1024,kndfa,,64001,complete,0.488,1.6017139757999677,18.338857650756836,0.05938644980791788,24.460998084628955,0.4857,1.642867196332544,21.14199447631836,0.060142489786768685,True,1.0,
stability,False,stability_bn1_fb1_dfa_s64002,1024,dfa,,64002,complete,0.445,1.6175605646350721,12.597838401794434,0.0430670879714849,11.024141164729372,0.4443,1.6279959299751667,15.238938331604004,0.04262482691950369,True,1.0,
stability,False,stability_bn1_fb1_ndfa_s64002,1024,ndfa,,64002,complete,0.537,1.3125548929673148,14.29191780090332,0.049919126683870454,20.74116418324411,0.5358,1.3357053106186947,19.123546600341797,0.05221727449602009,True,1.0,
stability,False,stability_bn1_fb1_endfa_s64002,1024,endfa,,64002,complete,0.412,2.0174857050590886,15.653285026550293,0.049486608462910475,20.787481971550733,0.4128,2.0398982203934275,16.397048950195312,0.04700769404330731,True,1.0,
stability,False,stability_bn1_fb1_kndfa_s64002,1024,kndfa,,64002,complete,0.54,1.4053226927016675,17.054956436157227,0.05328815130430175,24.581160123925656,0.5249,1.4288584302565854,19.054248809814453,0.05935514373667156,True,1.0,
stability,False,stability_bn1_fb1_dfa_s64003,1024,dfa,,64003,complete,0.4935,1.4380736415312267,13.788017272949219,0.049818751585131237,11.020534939365461,0.4985,1.4490593959549434,14.089402198791504,0.048847449473493856,True,1.0,
stability,False,stability_bn1_fb1_ndfa_s64003,1024,ndfa,,64003,complete,0.548,1.3074474447369124,16.449567794799805,0.05506100294236058,20.908318348461762,0.5414,1.3402369782775072,19.347896575927734,0.054250103549849514,True,1.0,
stability,False,stability_bn1_fb1_endfa_s64003,1024,endfa,,64003,complete,0.472,1.773619783068966,18.747844696044922,0.06705939599262373,20.93545281025581,0.4645,1.8086778711734497,18.810264587402344,0.06203037535772709,True,1.0,
stability,False,stability_bn1_fb1_kndfa_s64003,1024,kndfa,,64003,complete,0.523,1.4841740875100353,18.418378829956055,0.06099286424309886,24.467249079374596,0.5221,1.5175601556737195,18.19548988342285,0.05982031241857859,True,1.0,
stability,False,stability_bn1_fb1_dfa_s64004,1024,dfa,,64004,complete,0.463,1.5513241696542082,12.842927932739258,0.04359348630370364,10.975205041468143,0.4486,1.5737428552614852,13.260138511657715,0.04310902055406324,True,1.0,
stability,False,stability_bn1_fb1_ndfa_s64004,1024,ndfa,,64004,complete,0.5335,1.3159834038742138,13.88046646118164,0.049511419136499264,20.88985669449903,0.5266,1.318001671034632,15.592352867126465,0.05199779183959954,True,1.0,
stability,False,stability_bn1_fb1_endfa_s64004,1024,endfa,,64004,complete,0.421,2.4142311212241903,16.255165100097656,0.06573536421354811,21.038349004928023,0.4104,2.436042381369166,18.454622268676758,0.06610558440432347,True,1.0,
stability,False,stability_bn1_fb1_kndfa_s64004,1024,kndfa,,64004,complete,0.5045,1.5566825343204451,18.44154167175293,0.0516094773873397,24.525658175814897,0.487,1.5750623647688007,17.26206398010254,0.0513050330504783,True,1.0,
work,False,work60_bp_s61000,1024,bp,,61000,complete,0.659,0.960106113910885,15.4833345413208,0.0607271402166009,60.00172778242268,0.6599,0.9677184924193065,20.964452743530273,0.06180951490471148,,,60.0
work,False,work60_dfa_s61000,1024,dfa,,61000,complete,0.6275,1.052531397107744,13.264915466308594,0.05435580901116036,60.00173285021447,0.6212,1.0758347648117916,16.541399002075195,0.05758280433830201,,,60.0
work,False,work60_ndfa_s61000,1024,ndfa,,61000,complete,0.642,0.9976274607097239,13.250301361083984,0.06563585387928055,60.000421670498326,0.6386,1.0322697977712032,17.94660186767578,0.05987733284225432,,,60.0
work,False,work60_fd_dfa_s61000,1024,fd_dfa,,61000,complete,0.647,0.9919897779892831,13.57114315032959,0.057213550322404876,60.0026059160009,0.6518,0.9992582902196123,16.24557876586914,0.05611782600420955,,,60.0
work,False,work60_bp_s61001,1024,bp,,61001,complete,0.662,0.9546969266224176,14.39129638671875,0.05952762409561209,60.0000751146581,0.6586,0.9700659378484463,16.999113082885742,0.060205196993695906,,,60.0
work,False,work60_dfa_s61001,1024,dfa,,61001,complete,0.6345,1.0480111671735586,13.665886878967285,0.05405708246364686,60.000220152083784,0.6219,1.0738885541528,16.374086380004883,0.055961686131746964,,,60.0
work,False,work60_ndfa_s61001,1024,ndfa,,61001,complete,0.6455,1.0029977013190243,14.619050979614258,0.06190611325349272,60.00245160725899,0.6417,1.0292554223112167,20.545202255249023,0.06157215785981471,,,60.0
work,False,work60_fd_dfa_s61001,1024,fd_dfa,,61001,complete,0.6375,1.0170489894697992,13.423561096191406,0.055739435003932775,60.00103791919537,0.6349,1.031571738782516,13.444068908691406,0.05191355354310813,,,60.0
work,False,work60_bp_s61002,1024,bp,,61002,complete,0.6645,0.9540143422754533,14.387588500976562,0.06313664350353558,60.00104203308001,0.6556,0.979062314292534,18.520126342773438,0.060666248534143825,,,60.0
work,False,work60_dfa_s61002,1024,dfa,,61002,complete,0.6185,1.0610712819552353,12.614835739135742,0.05458528397757716,60.0000471053645,0.6228,1.076139482085599,15.929268836975098,0.0558785351953872,,,60.0
work,False,work60_ndfa_s61002,1024,ndfa,,61002,complete,0.648,1.0037414197902184,13.601736068725586,0.06454437742689993,60.00200560083613,0.6461,1.0233173569785579,17.90572738647461,0.06177686226633359,,,60.0
work,False,work60_fd_dfa_s61002,1024,fd_dfa,,61002,complete,0.6385,0.9898736465651272,15.198201179504395,0.05458058952891874,60.003611428895965,0.6375,1.0267567495607974,15.150300025939941,0.05470785690199107,,,60.0
work,False,work60_bp_s61003,1024,bp,,61003,complete,0.653,0.9754805055962145,14.36410140991211,0.061955841381348645,60.00025747390464,0.6638,0.9689181539164172,19.33745002746582,0.06130023309935191,,,60.0
work,False,work60_dfa_s61003,1024,dfa,,61003,complete,0.6195,1.0595425139291406,12.758445739746094,0.05425114805616966,60.000935850897804,0.6239,1.0736063952233503,16.168149948120117,0.055317978284808535,,,60.0
work,False,work60_ndfa_s61003,1024,ndfa,,61003,complete,0.641,1.0002600045402184,15.086262702941895,0.061109117640411506,60.003561947261915,0.6459,1.0306693959055826,20.460834503173828,0.06191930094208299,,,60.0
work,False,work60_fd_dfa_s61003,1024,fd_dfa,,61003,complete,0.6395,0.9999415163298729,14.383007049560547,0.05884983861978739,60.00332299130969,0.6524,1.0043412106807177,15.548279762268066,0.058006821836887455,,,60.0
work,False,work60_bp_s61004,1024,bp,,61004,complete,0.654,0.9671514503035935,16.254819869995117,0.060043683348610405,60.00115642696619,0.6533,0.9784495308097566,20.2203369140625,0.061732577182541555,,,60.0
work,False,work60_dfa_s61004,1024,dfa,,61004,complete,0.628,1.0486734684385515,13.474785804748535,0.05111946810744591,60.000487852608785,0.6193,1.078560096530687,16.0318546295166,0.05613265805585472,,,60.0
work,False,work60_ndfa_s61004,1024,ndfa,,61004,complete,0.646,1.00066037219373,14.815893173217773,0.06352204242031449,60.00224029785022,0.638,1.026561837379645,19.056821823120117,0.05961815855443671,,,60.0
work,False,work60_fd_dfa_s61004,1024,fd_dfa,,61004,complete,0.6595,0.976196169375573,14.259450912475586,0.05760926753266435,60.001412647077814,0.6461,1.0083169061986186,16.341279983520508,0.05831924914555883,,,60.0
work,False,work120_bp_s61000,1024,bp,,61000,complete,0.687,0.901214487212249,15.974801063537598,0.07303600982370584,120.00039026117884,0.6729,0.9297169698628106,18.07479476928711,0.06761827394834737,,,120.0
work,False,work120_dfa_s61000,1024,dfa,,61000,complete,0.648,0.991598001916876,17.55759048461914,0.06448057338586906,120.00024233269505,0.6485,1.014208736072586,17.824941635131836,0.0625069865824224,,,120.0
work,False,work120_ndfa_s61000,1024,ndfa,,61000,complete,0.6715,0.9540463983284025,16.766145706176758,0.0635933286236218,120.00257412577048,0.672,0.9535749949613553,18.942413330078125,0.06579147191535768,,,120.0
work,False,work120_fd_dfa_s61000,1024,fd_dfa,,61000,complete,0.6785,0.9061007025224405,16.826873779296875,0.06602998600213714,120.00024727499112,0.673,0.9534379241461209,18.199756622314453,0.06432517272876274,,,120.0
work,False,work120_bp_s61001,1024,bp,,61001,complete,0.679,0.9165866751027274,17.05745506286621,0.06988127112523848,120.00034648785368,0.6779,0.9297612421604343,20.191057205200195,0.06821883954852191,,,120.0
work,False,work120_dfa_s61001,1024,dfa,,61001,complete,0.6445,1.0001169138091595,13.936853408813477,0.059901605580445674,120.00072486209683,0.6485,1.0110462277170826,19.508859634399414,0.0622497671033457,,,120.0
work,False,work120_ndfa_s61001,1024,ndfa,,61001,complete,0.677,0.9257265663732956,15.089140892028809,0.0669295078228309,120.00048776622862,0.6675,0.9561027373496197,17.964147567749023,0.06672264251386308,,,120.0
work,False,work120_fd_dfa_s61001,1024,fd_dfa,,61001,complete,0.671,0.9182729262167056,16.005823135375977,0.05996384360322585,120.00333143211901,0.6611,0.9611778927457806,17.334224700927734,0.05941451696955972,,,120.0
work,False,work120_bp_s61002,1024,bp,,61002,complete,0.6745,0.9255711872017007,18.893953323364258,0.06789064923811672,120.00072999391705,0.6759,0.9260635545761877,21.320348739624023,0.06795281925355283,,,120.0
work,False,work120_dfa_s61002,1024,dfa,,61002,complete,0.633,1.0061220029867939,15.247111320495605,0.06101926345841629,120.00014190934598,0.646,1.017683284955493,18.80998992919922,0.06261506064803743,,,120.0
work,False,work120_ndfa_s61002,1024,ndfa,,61002,complete,0.6725,0.92507976129752,15.905702590942383,0.07014359293805983,120.0031287947204,0.6672,0.9597261166897226,18.79043960571289,0.06670680305198101,,,120.0
work,False,work120_fd_dfa_s61002,1024,fd_dfa,,61002,complete,0.6785,0.9376750603211449,17.60295867919922,0.07094783898393321,120.00237490492873,0.6688,0.9757358716870691,24.318498611450195,0.07057584258496391,,,120.0
work,False,work120_bp_s61003,1024,bp,,61003,complete,0.674,0.9112434363375966,16.793655395507812,0.06768429204344198,120.00068228296004,0.6744,0.9269810712636362,18.939002990722656,0.06715410973579897,,,120.0
work,False,work120_dfa_s61003,1024,dfa,,61003,complete,0.6445,1.0181663303611361,15.95438003540039,0.06100378087411014,120.00034817680717,0.6469,1.0160955725384968,19.523488998413086,0.06164029402221282,,,120.0
work,False,work120_ndfa_s61003,1024,ndfa,,61003,complete,0.668,0.9509814342737133,16.64713478088379,0.07051382013851158,120.00034306407906,0.6666,0.9524110032605316,19.830516815185547,0.06573396325017451,,,120.0
work,False,work120_fd_dfa_s61003,1024,fd_dfa,,61003,complete,0.6825,0.9208179676034857,16.607486724853516,0.06725662525050395,120.00137538369745,0.6673,0.9458951389562646,18.25759506225586,0.0651833146768324,,,120.0
work,False,work120_bp_s61004,1024,bp,,61004,complete,0.667,0.9224101367553567,15.5320405960083,0.06554345188816743,120.00115792569704,0.6757,0.9274126797523051,17.05333137512207,0.06705813841548564,,,120.0
work,False,work120_dfa_s61004,1024,dfa,,61004,complete,0.649,1.0110859601671245,15.986690521240234,0.0640508986006071,120.00057162018493,0.6434,1.0144694464330193,17.881515502929688,0.06160586207281545,,,120.0
work,False,work120_ndfa_s61004,1024,ndfa,,61004,complete,0.6845,0.9228988397708112,16.672779083251953,0.0682380642632642,120.00157791236416,0.6729,0.94872488411136,19.276168823242188,0.06535556550206295,,,120.0
work,False,work120_fd_dfa_s61004,1024,fd_dfa,,61004,complete,0.683,0.9210406405007207,14.750099182128906,0.06858966873310086,120.00053588231094,0.674,0.9426193733512036,17.85712432861328,0.06303464196988953,,,120.0
