condition,input_noise,n_train,train_label_noise,nuisance_energy_ratio,gain
low_sample_noisy,0.05,512.0,0.0,27.551020408163268,51.365559895833336
low_sample_noisy,0.05,512.0,0.1,27.551020408163268,44.42708333333334
low_sample_noisy,0.05,512.0,0.2,27.551020408163268,38.798828125000014
low_sample_noisy,0.05,512.0,0.4,27.551020408163268,25.039062499999996
low_sample_noisy,0.05,1024.0,0.0,27.551020408163268,43.81510416666667
low_sample_noisy,0.05,1024.0,0.1,27.551020408163268,46.45182291666667
low_sample_noisy,0.05,1024.0,0.2,27.551020408163268,44.215494791666664
low_sample_noisy,0.05,1024.0,0.4,27.551020408163268,33.90787760416667
low_sample_noisy,0.05,2048.0,0.0,27.551020408163268,12.263997395833337
low_sample_noisy,0.05,2048.0,0.1,27.551020408163268,24.182942708333332
low_sample_noisy,0.05,2048.0,0.2,27.551020408163268,30.794270833333336
low_sample_noisy,0.05,2048.0,0.4,27.551020408163268,35.29296875
low_sample_noisy,0.05,4096.0,0.0,27.551020408163268,2.042643229166663
low_sample_noisy,0.05,4096.0,0.1,27.551020408163268,15.144856770833337
low_sample_noisy,0.05,4096.0,0.2,27.551020408163268,25.016276041666668
low_sample_noisy,0.05,4096.0,0.4,27.551020408163268,33.388671875
low_sample_noisy,0.15,512.0,0.0,27.551020408163268,47.508138020833336
low_sample_noisy,0.15,512.0,0.1,27.551020408163268,41.72037760416667
low_sample_noisy,0.15,512.0,0.2,27.551020408163268,36.58691406250001
low_sample_noisy,0.15,512.0,0.4,27.551020408163268,23.50260416666666
low_sample_noisy,0.15,1024.0,0.0,27.551020408163268,41.26464843750001
low_sample_noisy,0.15,1024.0,0.1,27.551020408163268,42.08333333333333
low_sample_noisy,0.15,1024.0,0.2,27.551020408163268,40.36132812500001
low_sample_noisy,0.15,1024.0,0.4,27.551020408163268,31.650390625000004
low_sample_noisy,0.15,2048.0,0.0,27.551020408163268,12.737630208333329
low_sample_noisy,0.15,2048.0,0.1,27.551020408163268,22.27213541666667
low_sample_noisy,0.15,2048.0,0.2,27.551020408163268,29.191080729166664
low_sample_noisy,0.15,2048.0,0.4,27.551020408163268,32.166341145833336
low_sample_noisy,0.15,4096.0,0.0,27.551020408163268,2.561848958333335
low_sample_noisy,0.15,4096.0,0.1,27.551020408163268,12.815755208333336
low_sample_noisy,0.15,4096.0,0.2,27.551020408163268,21.225585937500004
low_sample_noisy,0.15,4096.0,0.4,27.551020408163268,30.44921875
mixed_context,0.05,512.0,0.0,15.359999999999998,22.30631510416667
mixed_context,0.05,512.0,0.1,15.359999999999998,20.73079427083334
mixed_context,0.05,512.0,0.2,15.359999999999998,18.77278645833334
mixed_context,0.05,512.0,0.4,15.359999999999998,14.060872395833341
mixed_context,0.05,1024.0,0.0,15.359999999999998,26.228841145833336
mixed_context,0.05,1024.0,0.1,15.359999999999998,22.67252604166667
mixed_context,0.05,1024.0,0.2,15.359999999999998,22.57486979166667
mixed_context,0.05,1024.0,0.4,15.359999999999998,17.519531249999996
mixed_context,0.05,2048.0,0.0,15.359999999999998,31.606445312499996
mixed_context,0.05,2048.0,0.1,15.359999999999998,27.781575520833336
mixed_context,0.05,2048.0,0.2,15.359999999999998,24.46940104166667
mixed_context,0.05,2048.0,0.4,15.359999999999998,21.4501953125
mixed_context,0.05,4096.0,0.0,15.359999999999998,14.697265625
mixed_context,0.05,4096.0,0.1,15.359999999999998,22.145182291666664
mixed_context,0.05,4096.0,0.2,15.359999999999998,31.404622395833336
mixed_context,0.05,4096.0,0.4,15.359999999999998,26.334635416666675
mixed_context,0.15,512.0,0.0,15.359999999999998,22.06217447916667
mixed_context,0.15,512.0,0.1,15.359999999999998,19.16341145833334
mixed_context,0.15,512.0,0.2,15.359999999999998,17.75227864583333
mixed_context,0.15,512.0,0.4,15.359999999999998,13.400065104166666
mixed_context,0.15,1024.0,0.0,15.359999999999998,22.18587239583334
mixed_context,0.15,1024.0,0.1,15.359999999999998,21.40950520833333
mixed_context,0.15,1024.0,0.2,15.359999999999998,20.836588541666668
mixed_context,0.15,1024.0,0.4,15.359999999999998,16.57877604166666
mixed_context,0.15,2048.0,0.0,15.359999999999998,27.945963541666668
mixed_context,0.15,2048.0,0.1,15.359999999999998,24.746093749999996
mixed_context,0.15,2048.0,0.2,15.359999999999998,23.758138020833343
mixed_context,0.15,2048.0,0.4,15.359999999999998,19.01204427083334
mixed_context,0.15,4096.0,0.0,15.359999999999998,11.616210937500004
mixed_context,0.15,4096.0,0.1,15.359999999999998,23.183593749999996
mixed_context,0.15,4096.0,0.2,15.359999999999998,27.356770833333332
mixed_context,0.15,4096.0,0.4,15.359999999999998,22.30305989583333
nuisance_dominant,0.05,512.0,0.0,118.5185185185185,31.9091796875
nuisance_dominant,0.05,512.0,0.1,118.5185185185185,25.327148437500007
nuisance_dominant,0.05,512.0,0.2,118.5185185185185,20.428059895833336
nuisance_dominant,0.05,512.0,0.4,118.5185185185185,11.57877604166667
nuisance_dominant,0.05,1024.0,0.0,118.5185185185185,56.23697916666668
nuisance_dominant,0.05,1024.0,0.1,118.5185185185185,46.75130208333333
nuisance_dominant,0.05,1024.0,0.2,118.5185185185185,38.28125000000001
nuisance_dominant,0.05,1024.0,0.4,118.5185185185185,23.689778645833332
nuisance_dominant,0.05,2048.0,0.0,118.5185185185185,65.27180989583333
nuisance_dominant,0.05,2048.0,0.1,118.5185185185185,54.820963541666664
nuisance_dominant,0.05,2048.0,0.2,118.5185185185185,46.67317708333334
nuisance_dominant,0.05,2048.0,0.4,118.5185185185185,32.47233072916666
nuisance_dominant,0.05,4096.0,0.0,118.5185185185185,60.96842447916666
nuisance_dominant,0.05,4096.0,0.1,118.5185185185185,53.22753906250001
nuisance_dominant,0.05,4096.0,0.2,118.5185185185185,50.04720052083334
nuisance_dominant,0.05,4096.0,0.4,118.5185185185185,35.64453125
nuisance_dominant,0.15,512.0,0.0,118.5185185185185,28.1005859375
nuisance_dominant,0.15,512.0,0.1,118.5185185185185,22.35188802083334
nuisance_dominant,0.15,512.0,0.2,118.5185185185185,18.72233072916667
nuisance_dominant,0.15,512.0,0.4,118.5185185185185,10.595703125
nuisance_dominant,0.15,1024.0,0.0,118.5185185185185,49.34407552083334
nuisance_dominant,0.15,1024.0,0.1,118.5185185185185,40.54687499999999
nuisance_dominant,0.15,1024.0,0.2,118.5185185185185,33.507486979166664
nuisance_dominant,0.15,1024.0,0.4,118.5185185185185,21.2939453125
nuisance_dominant,0.15,2048.0,0.0,118.5185185185185,57.47558593749999
nuisance_dominant,0.15,2048.0,0.1,118.5185185185185,49.00553385416666
nuisance_dominant,0.15,2048.0,0.2,118.5185185185185,41.86035156250001
nuisance_dominant,0.15,2048.0,0.4,118.5185185185185,28.68326822916667
nuisance_dominant,0.15,4096.0,0.0,118.5185185185185,55.65755208333334
nuisance_dominant,0.15,4096.0,0.1,118.5185185185185,48.854166666666664
nuisance_dominant,0.15,4096.0,0.2,118.5185185185185,43.54817708333334
nuisance_dominant,0.15,4096.0,0.4,118.5185185185185,31.23046875
task_aligned,0.05,512.0,0.0,0.2218934911242603,1.8245442708333615
task_aligned,0.05,512.0,0.1,0.2218934911242603,8.095703124999986
task_aligned,0.05,512.0,0.2,0.2218934911242603,13.976236979166668
task_aligned,0.05,512.0,0.4,0.2218934911242603,15.54850260416667
task_aligned,0.05,1024.0,0.0,0.2218934911242603,1.7041015624999933
task_aligned,0.05,1024.0,0.1,0.2218934911242603,8.014322916666671
task_aligned,0.05,1024.0,0.2,0.2218934911242603,19.251302083333332
task_aligned,0.05,1024.0,0.4,0.2218934911242603,25.830078125
task_aligned,0.05,2048.0,0.0,0.2218934911242603,2.433268229166663
task_aligned,0.05,2048.0,0.1,0.2218934911242603,10.266927083333332
task_aligned,0.05,2048.0,0.2,0.2218934911242603,18.42936197916667
task_aligned,0.05,2048.0,0.4,0.2218934911242603,36.80175781249999
task_aligned,0.05,4096.0,0.0,0.2218934911242603,2.198893229166643
task_aligned,0.05,4096.0,0.1,0.2218934911242603,11.612955729166663
task_aligned,0.05,4096.0,0.2,0.2218934911242603,22.05403645833335
task_aligned,0.05,4096.0,0.4,0.2218934911242603,38.53027343749999
task_aligned,0.15,512.0,0.0,0.2218934911242603,1.5104166666666807
task_aligned,0.15,512.0,0.1,0.2218934911242603,9.785156249999993
task_aligned,0.15,512.0,0.2,0.2218934911242603,13.569335937500004
task_aligned,0.15,512.0,0.4,0.2218934911242603,14.848632812499996
task_aligned,0.15,1024.0,0.0,0.2218934911242603,1.30859375000002
task_aligned,0.15,1024.0,0.1,0.2218934911242603,10.683593749999986
task_aligned,0.15,1024.0,0.2,0.2218934911242603,18.14615885416667
task_aligned,0.15,1024.0,0.4,0.2218934911242603,19.005533854166668
task_aligned,0.15,2048.0,0.0,0.2218934911242603,2.1289062499999845
task_aligned,0.15,2048.0,0.1,0.2218934911242603,9.542643229166659
task_aligned,0.15,2048.0,0.2,0.2218934911242603,18.284505208333336
task_aligned,0.15,2048.0,0.4,0.2218934911242603,32.79134114583333
task_aligned,0.15,4096.0,0.0,0.2218934911242603,2.64648437499998
task_aligned,0.15,4096.0,0.1,0.2218934911242603,10.527343750000007
task_aligned,0.15,4096.0,0.2,0.2218934911242603,20.496419270833332
task_aligned,0.15,4096.0,0.4,0.2218934911242603,34.90234375
