seed,method,step,validation_loss,validation_accuracy,training_seconds,parameter_count,batchnorm_affine_parameter_count,peak_cuda_allocated_bytes,name,test_loss,test_accuracy,test_evaluation_seconds,test_evaluations,training_examples,validation_examples,test_examples,frozen_config_sha256,source_sha256,checkpoint,input_standardization
2000,bp,500,1.5353390350341798,0.437,1.2441359576769173,3679754,3072,96421376,bp,1.5734007759094237,0.4372,0.02609621500596404,1,10000,2000,10000,b3cb79ef0bd3c94a6f253a21c3af95519dbe0db620e3328aedf4d73b021f5495,"{'experiments/confirm_ndfa_paired_views.py': '7b3d7c4fd2f8724b8e385064fb2c62df1dc643d130f09cdc031040ffe5886c84', 'experiments/run_ndfa_paired_views.py': '515f53ba7c1c75bb33c25d2c347b65970a8b14300739a0b3a489701aa9d2609b', 'infogeo/dfa.py': '1c5b74c7939d073608c32c9c5c98577c40258ca11dc1a321390a4a51d56ba25e', 'infogeo/local_preconditioning.py': '9b7f918ee9f1ca1cf5206211f4f6486e589ed1f0a6d5c1be19eaada7bd53dcc6', 'infogeo/paired_conditioning.py': '0ca562775475ef901794bb428451bc61b25cbdca12504787007f44b91b09670d'}",bp_s2000/checkpoint.pt,"{'mean': [0.4930330216884613, 0.48345819115638733, 0.44767969846725464], 'std': [0.2482229471206665, 0.24440619349479675, 0.2622743248939514], 'source': 'selected training pool only'}"
2000,dfa,500,1.5613652648925782,0.431,1.1859974954277277,3679754,3072,96159232,dfa,1.6069574558258057,0.4249,0.026975841028615832,1,10000,2000,10000,b3cb79ef0bd3c94a6f253a21c3af95519dbe0db620e3328aedf4d73b021f5495,"{'experiments/confirm_ndfa_paired_views.py': '7b3d7c4fd2f8724b8e385064fb2c62df1dc643d130f09cdc031040ffe5886c84', 'experiments/run_ndfa_paired_views.py': '515f53ba7c1c75bb33c25d2c347b65970a8b14300739a0b3a489701aa9d2609b', 'infogeo/dfa.py': '1c5b74c7939d073608c32c9c5c98577c40258ca11dc1a321390a4a51d56ba25e', 'infogeo/local_preconditioning.py': '9b7f918ee9f1ca1cf5206211f4f6486e589ed1f0a6d5c1be19eaada7bd53dcc6', 'infogeo/paired_conditioning.py': '0ca562775475ef901794bb428451bc61b25cbdca12504787007f44b91b09670d'}",dfa_s2000/checkpoint.pt,"{'mean': [0.4930330216884613, 0.48345819115638733, 0.44767969846725464], 'std': [0.2482229471206665, 0.24440619349479675, 0.2622743248939514], 'source': 'selected training pool only'}"
2000,ndfa,500,1.4757700958251954,0.4705,2.0530745391733944,3679754,3072,119490048,ndfa,1.510426271057129,0.4676,0.02736869896762073,1,10000,2000,10000,b3cb79ef0bd3c94a6f253a21c3af95519dbe0db620e3328aedf4d73b021f5495,"{'experiments/confirm_ndfa_paired_views.py': '7b3d7c4fd2f8724b8e385064fb2c62df1dc643d130f09cdc031040ffe5886c84', 'experiments/run_ndfa_paired_views.py': '515f53ba7c1c75bb33c25d2c347b65970a8b14300739a0b3a489701aa9d2609b', 'infogeo/dfa.py': '1c5b74c7939d073608c32c9c5c98577c40258ca11dc1a321390a4a51d56ba25e', 'infogeo/local_preconditioning.py': '9b7f918ee9f1ca1cf5206211f4f6486e589ed1f0a6d5c1be19eaada7bd53dcc6', 'infogeo/paired_conditioning.py': '0ca562775475ef901794bb428451bc61b25cbdca12504787007f44b91b09670d'}",ndfa_s2000/checkpoint.pt,"{'mean': [0.4930330216884613, 0.48345819115638733, 0.44767969846725464], 'std': [0.2482229471206665, 0.24440619349479675, 0.2622743248939514], 'source': 'selected training pool only'}"
2000,centered_total,500,1.4627705841064453,0.4755,2.03225432545878,3679754,3072,122177024,centered_total,1.4974136823654174,0.4705,0.02698752097785473,1,10000,2000,10000,b3cb79ef0bd3c94a6f253a21c3af95519dbe0db620e3328aedf4d73b021f5495,"{'experiments/confirm_ndfa_paired_views.py': '7b3d7c4fd2f8724b8e385064fb2c62df1dc643d130f09cdc031040ffe5886c84', 'experiments/run_ndfa_paired_views.py': '515f53ba7c1c75bb33c25d2c347b65970a8b14300739a0b3a489701aa9d2609b', 'infogeo/dfa.py': '1c5b74c7939d073608c32c9c5c98577c40258ca11dc1a321390a4a51d56ba25e', 'infogeo/local_preconditioning.py': '9b7f918ee9f1ca1cf5206211f4f6486e589ed1f0a6d5c1be19eaada7bd53dcc6', 'infogeo/paired_conditioning.py': '0ca562775475ef901794bb428451bc61b25cbdca12504787007f44b91b09670d'}",centered_total_s2000/checkpoint.pt,"{'mean': [0.4930330216884613, 0.48345819115638733, 0.44767969846725464], 'std': [0.2482229471206665, 0.24440619349479675, 0.2622743248939514], 'source': 'selected training pool only'}"
2000,paired,500,1.5772920532226562,0.4305,1.9420920200645924,3679754,3072,120555008,paired,1.6197928129196166,0.4227,0.02745098900049925,1,10000,2000,10000,b3cb79ef0bd3c94a6f253a21c3af95519dbe0db620e3328aedf4d73b021f5495,"{'experiments/confirm_ndfa_paired_views.py': '7b3d7c4fd2f8724b8e385064fb2c62df1dc643d130f09cdc031040ffe5886c84', 'experiments/run_ndfa_paired_views.py': '515f53ba7c1c75bb33c25d2c347b65970a8b14300739a0b3a489701aa9d2609b', 'infogeo/dfa.py': '1c5b74c7939d073608c32c9c5c98577c40258ca11dc1a321390a4a51d56ba25e', 'infogeo/local_preconditioning.py': '9b7f918ee9f1ca1cf5206211f4f6486e589ed1f0a6d5c1be19eaada7bd53dcc6', 'infogeo/paired_conditioning.py': '0ca562775475ef901794bb428451bc61b25cbdca12504787007f44b91b09670d'}",paired_s2000/checkpoint.pt,"{'mean': [0.4930330216884613, 0.48345819115638733, 0.44767969846725464], 'std': [0.2482229471206665, 0.24440619349479675, 0.2622743248939514], 'source': 'selected training pool only'}"
2000,wrong_pairs,500,1.4797266235351563,0.4595,1.9258156085852534,3679754,3072,121341440,wrong_pairs,1.5119251998901366,0.464,0.027498609153553843,1,10000,2000,10000,b3cb79ef0bd3c94a6f253a21c3af95519dbe0db620e3328aedf4d73b021f5495,"{'experiments/confirm_ndfa_paired_views.py': '7b3d7c4fd2f8724b8e385064fb2c62df1dc643d130f09cdc031040ffe5886c84', 'experiments/run_ndfa_paired_views.py': '515f53ba7c1c75bb33c25d2c347b65970a8b14300739a0b3a489701aa9d2609b', 'infogeo/dfa.py': '1c5b74c7939d073608c32c9c5c98577c40258ca11dc1a321390a4a51d56ba25e', 'infogeo/local_preconditioning.py': '9b7f918ee9f1ca1cf5206211f4f6486e589ed1f0a6d5c1be19eaada7bd53dcc6', 'infogeo/paired_conditioning.py': '0ca562775475ef901794bb428451bc61b25cbdca12504787007f44b91b09670d'}",wrong_pairs_s2000/checkpoint.pt,"{'mean': [0.4930330216884613, 0.48345819115638733, 0.44767969846725464], 'std': [0.2482229471206665, 0.24440619349479675, 0.2622743248939514], 'source': 'selected training pool only'}"
2000,diagonal,500,1.563223861694336,0.4365,1.4480143622495234,3679754,3072,111363584,diagonal,1.5974991353988648,0.4253,0.025907885981723666,1,10000,2000,10000,b3cb79ef0bd3c94a6f253a21c3af95519dbe0db620e3328aedf4d73b021f5495,"{'experiments/confirm_ndfa_paired_views.py': '7b3d7c4fd2f8724b8e385064fb2c62df1dc643d130f09cdc031040ffe5886c84', 'experiments/run_ndfa_paired_views.py': '515f53ba7c1c75bb33c25d2c347b65970a8b14300739a0b3a489701aa9d2609b', 'infogeo/dfa.py': '1c5b74c7939d073608c32c9c5c98577c40258ca11dc1a321390a4a51d56ba25e', 'infogeo/local_preconditioning.py': '9b7f918ee9f1ca1cf5206211f4f6486e589ed1f0a6d5c1be19eaada7bd53dcc6', 'infogeo/paired_conditioning.py': '0ca562775475ef901794bb428451bc61b25cbdca12504787007f44b91b09670d'}",diagonal_s2000/checkpoint.pt,"{'mean': [0.4930330216884613, 0.48345819115638733, 0.44767969846725464], 'std': [0.2482229471206665, 0.24440619349479675, 0.2622743248939514], 'source': 'selected training pool only'}"
2000,view_regularized,500,1.4776983642578125,0.4745,2.1082431457471102,3679754,3072,122111488,view_regularized,1.5178021194458007,0.4654,0.026761991903185844,1,10000,2000,10000,b3cb79ef0bd3c94a6f253a21c3af95519dbe0db620e3328aedf4d73b021f5495,"{'experiments/confirm_ndfa_paired_views.py': '7b3d7c4fd2f8724b8e385064fb2c62df1dc643d130f09cdc031040ffe5886c84', 'experiments/run_ndfa_paired_views.py': '515f53ba7c1c75bb33c25d2c347b65970a8b14300739a0b3a489701aa9d2609b', 'infogeo/dfa.py': '1c5b74c7939d073608c32c9c5c98577c40258ca11dc1a321390a4a51d56ba25e', 'infogeo/local_preconditioning.py': '9b7f918ee9f1ca1cf5206211f4f6486e589ed1f0a6d5c1be19eaada7bd53dcc6', 'infogeo/paired_conditioning.py': '0ca562775475ef901794bb428451bc61b25cbdca12504787007f44b91b09670d'}",view_regularized_s2000/checkpoint.pt,"{'mean': [0.4930330216884613, 0.48345819115638733, 0.44767969846725464], 'std': [0.2482229471206665, 0.24440619349479675, 0.2622743248939514], 'source': 'selected training pool only'}"
2000,wrong_view_regularized,500,1.4746986846923829,0.48,2.302416449645534,3679754,3072,124208640,wrong_view_regularized,1.5069400234222412,0.4712,0.025791806867346168,1,10000,2000,10000,b3cb79ef0bd3c94a6f253a21c3af95519dbe0db620e3328aedf4d73b021f5495,"{'experiments/confirm_ndfa_paired_views.py': '7b3d7c4fd2f8724b8e385064fb2c62df1dc643d130f09cdc031040ffe5886c84', 'experiments/run_ndfa_paired_views.py': '515f53ba7c1c75bb33c25d2c347b65970a8b14300739a0b3a489701aa9d2609b', 'infogeo/dfa.py': '1c5b74c7939d073608c32c9c5c98577c40258ca11dc1a321390a4a51d56ba25e', 'infogeo/local_preconditioning.py': '9b7f918ee9f1ca1cf5206211f4f6486e589ed1f0a6d5c1be19eaada7bd53dcc6', 'infogeo/paired_conditioning.py': '0ca562775475ef901794bb428451bc61b25cbdca12504787007f44b91b09670d'}",wrong_view_regularized_s2000/checkpoint.pt,"{'mean': [0.4930330216884613, 0.48345819115638733, 0.44767969846725464], 'std': [0.2482229471206665, 0.24440619349479675, 0.2622743248939514], 'source': 'selected training pool only'}"
2001,bp,500,1.6231897735595704,0.416,1.1912724107969552,3679754,3072,96421376,bp,1.6380413692474365,0.4065,0.026696282904595137,1,10000,2000,10000,b3cb79ef0bd3c94a6f253a21c3af95519dbe0db620e3328aedf4d73b021f5495,"{'experiments/confirm_ndfa_paired_views.py': '7b3d7c4fd2f8724b8e385064fb2c62df1dc643d130f09cdc031040ffe5886c84', 'experiments/run_ndfa_paired_views.py': '515f53ba7c1c75bb33c25d2c347b65970a8b14300739a0b3a489701aa9d2609b', 'infogeo/dfa.py': '1c5b74c7939d073608c32c9c5c98577c40258ca11dc1a321390a4a51d56ba25e', 'infogeo/local_preconditioning.py': '9b7f918ee9f1ca1cf5206211f4f6486e589ed1f0a6d5c1be19eaada7bd53dcc6', 'infogeo/paired_conditioning.py': '0ca562775475ef901794bb428451bc61b25cbdca12504787007f44b91b09670d'}",bp_s2001/checkpoint.pt,"{'mean': [0.4930330216884613, 0.48345819115638733, 0.44767969846725464], 'std': [0.2482229471206665, 0.24440619349479675, 0.2622743248939514], 'source': 'selected training pool only'}"
2001,dfa,500,1.672144088745117,0.3855,1.1887107496149838,3679754,3072,96159232,dfa,1.6821155040740967,0.3933,0.02676467294804752,1,10000,2000,10000,b3cb79ef0bd3c94a6f253a21c3af95519dbe0db620e3328aedf4d73b021f5495,"{'experiments/confirm_ndfa_paired_views.py': '7b3d7c4fd2f8724b8e385064fb2c62df1dc643d130f09cdc031040ffe5886c84', 'experiments/run_ndfa_paired_views.py': '515f53ba7c1c75bb33c25d2c347b65970a8b14300739a0b3a489701aa9d2609b', 'infogeo/dfa.py': '1c5b74c7939d073608c32c9c5c98577c40258ca11dc1a321390a4a51d56ba25e', 'infogeo/local_preconditioning.py': '9b7f918ee9f1ca1cf5206211f4f6486e589ed1f0a6d5c1be19eaada7bd53dcc6', 'infogeo/paired_conditioning.py': '0ca562775475ef901794bb428451bc61b25cbdca12504787007f44b91b09670d'}",dfa_s2001/checkpoint.pt,"{'mean': [0.4930330216884613, 0.48345819115638733, 0.44767969846725464], 'std': [0.2482229471206665, 0.24440619349479675, 0.2622743248939514], 'source': 'selected training pool only'}"
2001,ndfa,500,1.5832164154052735,0.4345,2.020594973815605,3679754,3072,119490048,ndfa,1.5629359748840332,0.4484,0.0259378959890455,1,10000,2000,10000,b3cb79ef0bd3c94a6f253a21c3af95519dbe0db620e3328aedf4d73b021f5495,"{'experiments/confirm_ndfa_paired_views.py': '7b3d7c4fd2f8724b8e385064fb2c62df1dc643d130f09cdc031040ffe5886c84', 'experiments/run_ndfa_paired_views.py': '515f53ba7c1c75bb33c25d2c347b65970a8b14300739a0b3a489701aa9d2609b', 'infogeo/dfa.py': '1c5b74c7939d073608c32c9c5c98577c40258ca11dc1a321390a4a51d56ba25e', 'infogeo/local_preconditioning.py': '9b7f918ee9f1ca1cf5206211f4f6486e589ed1f0a6d5c1be19eaada7bd53dcc6', 'infogeo/paired_conditioning.py': '0ca562775475ef901794bb428451bc61b25cbdca12504787007f44b91b09670d'}",ndfa_s2001/checkpoint.pt,"{'mean': [0.4930330216884613, 0.48345819115638733, 0.44767969846725464], 'std': [0.2482229471206665, 0.24440619349479675, 0.2622743248939514], 'source': 'selected training pool only'}"
2001,centered_total,500,1.5258574981689452,0.4535,2.030775757972151,3679754,3072,122177024,centered_total,1.525854568862915,0.4587,0.02551575913093984,1,10000,2000,10000,b3cb79ef0bd3c94a6f253a21c3af95519dbe0db620e3328aedf4d73b021f5495,"{'experiments/confirm_ndfa_paired_views.py': '7b3d7c4fd2f8724b8e385064fb2c62df1dc643d130f09cdc031040ffe5886c84', 'experiments/run_ndfa_paired_views.py': '515f53ba7c1c75bb33c25d2c347b65970a8b14300739a0b3a489701aa9d2609b', 'infogeo/dfa.py': '1c5b74c7939d073608c32c9c5c98577c40258ca11dc1a321390a4a51d56ba25e', 'infogeo/local_preconditioning.py': '9b7f918ee9f1ca1cf5206211f4f6486e589ed1f0a6d5c1be19eaada7bd53dcc6', 'infogeo/paired_conditioning.py': '0ca562775475ef901794bb428451bc61b25cbdca12504787007f44b91b09670d'}",centered_total_s2001/checkpoint.pt,"{'mean': [0.4930330216884613, 0.48345819115638733, 0.44767969846725464], 'std': [0.2482229471206665, 0.24440619349479675, 0.2622743248939514], 'source': 'selected training pool only'}"
2001,paired,500,1.7061127319335938,0.3795,1.9951097562443465,3679754,3072,120555008,paired,1.7134366046905518,0.3861,0.026573292911052704,1,10000,2000,10000,b3cb79ef0bd3c94a6f253a21c3af95519dbe0db620e3328aedf4d73b021f5495,"{'experiments/confirm_ndfa_paired_views.py': '7b3d7c4fd2f8724b8e385064fb2c62df1dc643d130f09cdc031040ffe5886c84', 'experiments/run_ndfa_paired_views.py': '515f53ba7c1c75bb33c25d2c347b65970a8b14300739a0b3a489701aa9d2609b', 'infogeo/dfa.py': '1c5b74c7939d073608c32c9c5c98577c40258ca11dc1a321390a4a51d56ba25e', 'infogeo/local_preconditioning.py': '9b7f918ee9f1ca1cf5206211f4f6486e589ed1f0a6d5c1be19eaada7bd53dcc6', 'infogeo/paired_conditioning.py': '0ca562775475ef901794bb428451bc61b25cbdca12504787007f44b91b09670d'}",paired_s2001/checkpoint.pt,"{'mean': [0.4930330216884613, 0.48345819115638733, 0.44767969846725464], 'std': [0.2482229471206665, 0.24440619349479675, 0.2622743248939514], 'source': 'selected training pool only'}"
2001,wrong_pairs,500,1.5518911743164063,0.444,1.9464983772486448,3679754,3072,121341440,wrong_pairs,1.5565206104278564,0.4497,0.026358373928815126,1,10000,2000,10000,b3cb79ef0bd3c94a6f253a21c3af95519dbe0db620e3328aedf4d73b021f5495,"{'experiments/confirm_ndfa_paired_views.py': '7b3d7c4fd2f8724b8e385064fb2c62df1dc643d130f09cdc031040ffe5886c84', 'experiments/run_ndfa_paired_views.py': '515f53ba7c1c75bb33c25d2c347b65970a8b14300739a0b3a489701aa9d2609b', 'infogeo/dfa.py': '1c5b74c7939d073608c32c9c5c98577c40258ca11dc1a321390a4a51d56ba25e', 'infogeo/local_preconditioning.py': '9b7f918ee9f1ca1cf5206211f4f6486e589ed1f0a6d5c1be19eaada7bd53dcc6', 'infogeo/paired_conditioning.py': '0ca562775475ef901794bb428451bc61b25cbdca12504787007f44b91b09670d'}",wrong_pairs_s2001/checkpoint.pt,"{'mean': [0.4930330216884613, 0.48345819115638733, 0.44767969846725464], 'std': [0.2482229471206665, 0.24440619349479675, 0.2622743248939514], 'source': 'selected training pool only'}"
2001,diagonal,500,1.6892841644287109,0.385,1.4591163862496614,3679754,3072,111363584,diagonal,1.6863566675186157,0.392,0.025447899010032415,1,10000,2000,10000,b3cb79ef0bd3c94a6f253a21c3af95519dbe0db620e3328aedf4d73b021f5495,"{'experiments/confirm_ndfa_paired_views.py': '7b3d7c4fd2f8724b8e385064fb2c62df1dc643d130f09cdc031040ffe5886c84', 'experiments/run_ndfa_paired_views.py': '515f53ba7c1c75bb33c25d2c347b65970a8b14300739a0b3a489701aa9d2609b', 'infogeo/dfa.py': '1c5b74c7939d073608c32c9c5c98577c40258ca11dc1a321390a4a51d56ba25e', 'infogeo/local_preconditioning.py': '9b7f918ee9f1ca1cf5206211f4f6486e589ed1f0a6d5c1be19eaada7bd53dcc6', 'infogeo/paired_conditioning.py': '0ca562775475ef901794bb428451bc61b25cbdca12504787007f44b91b09670d'}",diagonal_s2001/checkpoint.pt,"{'mean': [0.4930330216884613, 0.48345819115638733, 0.44767969846725464], 'std': [0.2482229471206665, 0.24440619349479675, 0.2622743248939514], 'source': 'selected training pool only'}"
2001,view_regularized,500,1.5859691162109375,0.4315,2.1073197640944272,3679754,3072,122111488,view_regularized,1.5690772092819214,0.4429,0.026021435856819153,1,10000,2000,10000,b3cb79ef0bd3c94a6f253a21c3af95519dbe0db620e3328aedf4d73b021f5495,"{'experiments/confirm_ndfa_paired_views.py': '7b3d7c4fd2f8724b8e385064fb2c62df1dc643d130f09cdc031040ffe5886c84', 'experiments/run_ndfa_paired_views.py': '515f53ba7c1c75bb33c25d2c347b65970a8b14300739a0b3a489701aa9d2609b', 'infogeo/dfa.py': '1c5b74c7939d073608c32c9c5c98577c40258ca11dc1a321390a4a51d56ba25e', 'infogeo/local_preconditioning.py': '9b7f918ee9f1ca1cf5206211f4f6486e589ed1f0a6d5c1be19eaada7bd53dcc6', 'infogeo/paired_conditioning.py': '0ca562775475ef901794bb428451bc61b25cbdca12504787007f44b91b09670d'}",view_regularized_s2001/checkpoint.pt,"{'mean': [0.4930330216884613, 0.48345819115638733, 0.44767969846725464], 'std': [0.2482229471206665, 0.24440619349479675, 0.2622743248939514], 'source': 'selected training pool only'}"
2001,wrong_view_regularized,500,1.5641594543457031,0.4435,2.1418910091742873,3679754,3072,124208640,wrong_view_regularized,1.5581036960601806,0.454,0.026085515972226858,1,10000,2000,10000,b3cb79ef0bd3c94a6f253a21c3af95519dbe0db620e3328aedf4d73b021f5495,"{'experiments/confirm_ndfa_paired_views.py': '7b3d7c4fd2f8724b8e385064fb2c62df1dc643d130f09cdc031040ffe5886c84', 'experiments/run_ndfa_paired_views.py': '515f53ba7c1c75bb33c25d2c347b65970a8b14300739a0b3a489701aa9d2609b', 'infogeo/dfa.py': '1c5b74c7939d073608c32c9c5c98577c40258ca11dc1a321390a4a51d56ba25e', 'infogeo/local_preconditioning.py': '9b7f918ee9f1ca1cf5206211f4f6486e589ed1f0a6d5c1be19eaada7bd53dcc6', 'infogeo/paired_conditioning.py': '0ca562775475ef901794bb428451bc61b25cbdca12504787007f44b91b09670d'}",wrong_view_regularized_s2001/checkpoint.pt,"{'mean': [0.4930330216884613, 0.48345819115638733, 0.44767969846725464], 'std': [0.2482229471206665, 0.24440619349479675, 0.2622743248939514], 'source': 'selected training pool only'}"
2002,bp,500,1.5187954864501954,0.4545,1.201442112447694,3679754,3072,96421376,bp,1.5506164165496825,0.4471,0.026598263066262007,1,10000,2000,10000,b3cb79ef0bd3c94a6f253a21c3af95519dbe0db620e3328aedf4d73b021f5495,"{'experiments/confirm_ndfa_paired_views.py': '7b3d7c4fd2f8724b8e385064fb2c62df1dc643d130f09cdc031040ffe5886c84', 'experiments/run_ndfa_paired_views.py': '515f53ba7c1c75bb33c25d2c347b65970a8b14300739a0b3a489701aa9d2609b', 'infogeo/dfa.py': '1c5b74c7939d073608c32c9c5c98577c40258ca11dc1a321390a4a51d56ba25e', 'infogeo/local_preconditioning.py': '9b7f918ee9f1ca1cf5206211f4f6486e589ed1f0a6d5c1be19eaada7bd53dcc6', 'infogeo/paired_conditioning.py': '0ca562775475ef901794bb428451bc61b25cbdca12504787007f44b91b09670d'}",bp_s2002/checkpoint.pt,"{'mean': [0.4930330216884613, 0.48345819115638733, 0.44767969846725464], 'std': [0.2482229471206665, 0.24440619349479675, 0.2622743248939514], 'source': 'selected training pool only'}"
2002,dfa,500,1.5769339447021484,0.438,1.1858977337833494,3679754,3072,96159232,dfa,1.589217308807373,0.4359,0.026666712015867233,1,10000,2000,10000,b3cb79ef0bd3c94a6f253a21c3af95519dbe0db620e3328aedf4d73b021f5495,"{'experiments/confirm_ndfa_paired_views.py': '7b3d7c4fd2f8724b8e385064fb2c62df1dc643d130f09cdc031040ffe5886c84', 'experiments/run_ndfa_paired_views.py': '515f53ba7c1c75bb33c25d2c347b65970a8b14300739a0b3a489701aa9d2609b', 'infogeo/dfa.py': '1c5b74c7939d073608c32c9c5c98577c40258ca11dc1a321390a4a51d56ba25e', 'infogeo/local_preconditioning.py': '9b7f918ee9f1ca1cf5206211f4f6486e589ed1f0a6d5c1be19eaada7bd53dcc6', 'infogeo/paired_conditioning.py': '0ca562775475ef901794bb428451bc61b25cbdca12504787007f44b91b09670d'}",dfa_s2002/checkpoint.pt,"{'mean': [0.4930330216884613, 0.48345819115638733, 0.44767969846725464], 'std': [0.2482229471206665, 0.24440619349479675, 0.2622743248939514], 'source': 'selected training pool only'}"
2002,ndfa,500,1.4755993194580077,0.48,2.011981756426394,3679754,3072,119490048,ndfa,1.4837453840255737,0.4781,0.025946056004613638,1,10000,2000,10000,b3cb79ef0bd3c94a6f253a21c3af95519dbe0db620e3328aedf4d73b021f5495,"{'experiments/confirm_ndfa_paired_views.py': '7b3d7c4fd2f8724b8e385064fb2c62df1dc643d130f09cdc031040ffe5886c84', 'experiments/run_ndfa_paired_views.py': '515f53ba7c1c75bb33c25d2c347b65970a8b14300739a0b3a489701aa9d2609b', 'infogeo/dfa.py': '1c5b74c7939d073608c32c9c5c98577c40258ca11dc1a321390a4a51d56ba25e', 'infogeo/local_preconditioning.py': '9b7f918ee9f1ca1cf5206211f4f6486e589ed1f0a6d5c1be19eaada7bd53dcc6', 'infogeo/paired_conditioning.py': '0ca562775475ef901794bb428451bc61b25cbdca12504787007f44b91b09670d'}",ndfa_s2002/checkpoint.pt,"{'mean': [0.4930330216884613, 0.48345819115638733, 0.44767969846725464], 'std': [0.2482229471206665, 0.24440619349479675, 0.2622743248939514], 'source': 'selected training pool only'}"
2002,centered_total,500,1.4661441802978517,0.4755,2.035124518442899,3679754,3072,122177024,centered_total,1.4719669765472412,0.4769,0.025548568926751614,1,10000,2000,10000,b3cb79ef0bd3c94a6f253a21c3af95519dbe0db620e3328aedf4d73b021f5495,"{'experiments/confirm_ndfa_paired_views.py': '7b3d7c4fd2f8724b8e385064fb2c62df1dc643d130f09cdc031040ffe5886c84', 'experiments/run_ndfa_paired_views.py': '515f53ba7c1c75bb33c25d2c347b65970a8b14300739a0b3a489701aa9d2609b', 'infogeo/dfa.py': '1c5b74c7939d073608c32c9c5c98577c40258ca11dc1a321390a4a51d56ba25e', 'infogeo/local_preconditioning.py': '9b7f918ee9f1ca1cf5206211f4f6486e589ed1f0a6d5c1be19eaada7bd53dcc6', 'infogeo/paired_conditioning.py': '0ca562775475ef901794bb428451bc61b25cbdca12504787007f44b91b09670d'}",centered_total_s2002/checkpoint.pt,"{'mean': [0.4930330216884613, 0.48345819115638733, 0.44767969846725464], 'std': [0.2482229471206665, 0.24440619349479675, 0.2622743248939514], 'source': 'selected training pool only'}"
2002,paired,500,1.575852767944336,0.443,1.9141248324885964,3679754,3072,120555008,paired,1.6005839996337892,0.4362,0.026532983873039484,1,10000,2000,10000,b3cb79ef0bd3c94a6f253a21c3af95519dbe0db620e3328aedf4d73b021f5495,"{'experiments/confirm_ndfa_paired_views.py': '7b3d7c4fd2f8724b8e385064fb2c62df1dc643d130f09cdc031040ffe5886c84', 'experiments/run_ndfa_paired_views.py': '515f53ba7c1c75bb33c25d2c347b65970a8b14300739a0b3a489701aa9d2609b', 'infogeo/dfa.py': '1c5b74c7939d073608c32c9c5c98577c40258ca11dc1a321390a4a51d56ba25e', 'infogeo/local_preconditioning.py': '9b7f918ee9f1ca1cf5206211f4f6486e589ed1f0a6d5c1be19eaada7bd53dcc6', 'infogeo/paired_conditioning.py': '0ca562775475ef901794bb428451bc61b25cbdca12504787007f44b91b09670d'}",paired_s2002/checkpoint.pt,"{'mean': [0.4930330216884613, 0.48345819115638733, 0.44767969846725464], 'std': [0.2482229471206665, 0.24440619349479675, 0.2622743248939514], 'source': 'selected training pool only'}"
2002,wrong_pairs,500,1.4739943237304687,0.4775,1.9218693091534078,3679754,3072,121341440,wrong_pairs,1.4902526947021484,0.473,0.025704648112878203,1,10000,2000,10000,b3cb79ef0bd3c94a6f253a21c3af95519dbe0db620e3328aedf4d73b021f5495,"{'experiments/confirm_ndfa_paired_views.py': '7b3d7c4fd2f8724b8e385064fb2c62df1dc643d130f09cdc031040ffe5886c84', 'experiments/run_ndfa_paired_views.py': '515f53ba7c1c75bb33c25d2c347b65970a8b14300739a0b3a489701aa9d2609b', 'infogeo/dfa.py': '1c5b74c7939d073608c32c9c5c98577c40258ca11dc1a321390a4a51d56ba25e', 'infogeo/local_preconditioning.py': '9b7f918ee9f1ca1cf5206211f4f6486e589ed1f0a6d5c1be19eaada7bd53dcc6', 'infogeo/paired_conditioning.py': '0ca562775475ef901794bb428451bc61b25cbdca12504787007f44b91b09670d'}",wrong_pairs_s2002/checkpoint.pt,"{'mean': [0.4930330216884613, 0.48345819115638733, 0.44767969846725464], 'std': [0.2482229471206665, 0.24440619349479675, 0.2622743248939514], 'source': 'selected training pool only'}"
2002,diagonal,500,1.5653356475830078,0.4275,1.4553869671653956,3679754,3072,111363584,diagonal,1.5884349979400634,0.433,0.026047705905511975,1,10000,2000,10000,b3cb79ef0bd3c94a6f253a21c3af95519dbe0db620e3328aedf4d73b021f5495,"{'experiments/confirm_ndfa_paired_views.py': '7b3d7c4fd2f8724b8e385064fb2c62df1dc643d130f09cdc031040ffe5886c84', 'experiments/run_ndfa_paired_views.py': '515f53ba7c1c75bb33c25d2c347b65970a8b14300739a0b3a489701aa9d2609b', 'infogeo/dfa.py': '1c5b74c7939d073608c32c9c5c98577c40258ca11dc1a321390a4a51d56ba25e', 'infogeo/local_preconditioning.py': '9b7f918ee9f1ca1cf5206211f4f6486e589ed1f0a6d5c1be19eaada7bd53dcc6', 'infogeo/paired_conditioning.py': '0ca562775475ef901794bb428451bc61b25cbdca12504787007f44b91b09670d'}",diagonal_s2002/checkpoint.pt,"{'mean': [0.4930330216884613, 0.48345819115638733, 0.44767969846725464], 'std': [0.2482229471206665, 0.24440619349479675, 0.2622743248939514], 'source': 'selected training pool only'}"
2002,view_regularized,500,1.4881060180664063,0.4725,2.1076830103993416,3679754,3072,122111488,view_regularized,1.4925914676666259,0.4722,0.026110714999958873,1,10000,2000,10000,b3cb79ef0bd3c94a6f253a21c3af95519dbe0db620e3328aedf4d73b021f5495,"{'experiments/confirm_ndfa_paired_views.py': '7b3d7c4fd2f8724b8e385064fb2c62df1dc643d130f09cdc031040ffe5886c84', 'experiments/run_ndfa_paired_views.py': '515f53ba7c1c75bb33c25d2c347b65970a8b14300739a0b3a489701aa9d2609b', 'infogeo/dfa.py': '1c5b74c7939d073608c32c9c5c98577c40258ca11dc1a321390a4a51d56ba25e', 'infogeo/local_preconditioning.py': '9b7f918ee9f1ca1cf5206211f4f6486e589ed1f0a6d5c1be19eaada7bd53dcc6', 'infogeo/paired_conditioning.py': '0ca562775475ef901794bb428451bc61b25cbdca12504787007f44b91b09670d'}",view_regularized_s2002/checkpoint.pt,"{'mean': [0.4930330216884613, 0.48345819115638733, 0.44767969846725464], 'std': [0.2482229471206665, 0.24440619349479675, 0.2622743248939514], 'source': 'selected training pool only'}"
2002,wrong_view_regularized,500,1.4655037078857422,0.48,2.1357459833379835,3679754,3072,124208640,wrong_view_regularized,1.4716933839797974,0.4802,0.02555933897383511,1,10000,2000,10000,b3cb79ef0bd3c94a6f253a21c3af95519dbe0db620e3328aedf4d73b021f5495,"{'experiments/confirm_ndfa_paired_views.py': '7b3d7c4fd2f8724b8e385064fb2c62df1dc643d130f09cdc031040ffe5886c84', 'experiments/run_ndfa_paired_views.py': '515f53ba7c1c75bb33c25d2c347b65970a8b14300739a0b3a489701aa9d2609b', 'infogeo/dfa.py': '1c5b74c7939d073608c32c9c5c98577c40258ca11dc1a321390a4a51d56ba25e', 'infogeo/local_preconditioning.py': '9b7f918ee9f1ca1cf5206211f4f6486e589ed1f0a6d5c1be19eaada7bd53dcc6', 'infogeo/paired_conditioning.py': '0ca562775475ef901794bb428451bc61b25cbdca12504787007f44b91b09670d'}",wrong_view_regularized_s2002/checkpoint.pt,"{'mean': [0.4930330216884613, 0.48345819115638733, 0.44767969846725464], 'std': [0.2482229471206665, 0.24440619349479675, 0.2622743248939514], 'source': 'selected training pool only'}"
2003,bp,500,1.5850245056152343,0.433,1.1915248536970466,3679754,3072,96421376,bp,1.606020132446289,0.426,0.0269681210629642,1,10000,2000,10000,b3cb79ef0bd3c94a6f253a21c3af95519dbe0db620e3328aedf4d73b021f5495,"{'experiments/confirm_ndfa_paired_views.py': '7b3d7c4fd2f8724b8e385064fb2c62df1dc643d130f09cdc031040ffe5886c84', 'experiments/run_ndfa_paired_views.py': '515f53ba7c1c75bb33c25d2c347b65970a8b14300739a0b3a489701aa9d2609b', 'infogeo/dfa.py': '1c5b74c7939d073608c32c9c5c98577c40258ca11dc1a321390a4a51d56ba25e', 'infogeo/local_preconditioning.py': '9b7f918ee9f1ca1cf5206211f4f6486e589ed1f0a6d5c1be19eaada7bd53dcc6', 'infogeo/paired_conditioning.py': '0ca562775475ef901794bb428451bc61b25cbdca12504787007f44b91b09670d'}",bp_s2003/checkpoint.pt,"{'mean': [0.4930330216884613, 0.48345819115638733, 0.44767969846725464], 'std': [0.2482229471206665, 0.24440619349479675, 0.2622743248939514], 'source': 'selected training pool only'}"
2003,dfa,500,1.6449072418212891,0.409,1.1859936863183975,3679754,3072,96159232,dfa,1.670060869026184,0.4094,0.026404784061014652,1,10000,2000,10000,b3cb79ef0bd3c94a6f253a21c3af95519dbe0db620e3328aedf4d73b021f5495,"{'experiments/confirm_ndfa_paired_views.py': '7b3d7c4fd2f8724b8e385064fb2c62df1dc643d130f09cdc031040ffe5886c84', 'experiments/run_ndfa_paired_views.py': '515f53ba7c1c75bb33c25d2c347b65970a8b14300739a0b3a489701aa9d2609b', 'infogeo/dfa.py': '1c5b74c7939d073608c32c9c5c98577c40258ca11dc1a321390a4a51d56ba25e', 'infogeo/local_preconditioning.py': '9b7f918ee9f1ca1cf5206211f4f6486e589ed1f0a6d5c1be19eaada7bd53dcc6', 'infogeo/paired_conditioning.py': '0ca562775475ef901794bb428451bc61b25cbdca12504787007f44b91b09670d'}",dfa_s2003/checkpoint.pt,"{'mean': [0.4930330216884613, 0.48345819115638733, 0.44767969846725464], 'std': [0.2482229471206665, 0.24440619349479675, 0.2622743248939514], 'source': 'selected training pool only'}"
2003,ndfa,500,1.5206756744384766,0.4625,2.0082863613497466,3679754,3072,119490048,ndfa,1.5621527536392212,0.4505,0.0252786697819829,1,10000,2000,10000,b3cb79ef0bd3c94a6f253a21c3af95519dbe0db620e3328aedf4d73b021f5495,"{'experiments/confirm_ndfa_paired_views.py': '7b3d7c4fd2f8724b8e385064fb2c62df1dc643d130f09cdc031040ffe5886c84', 'experiments/run_ndfa_paired_views.py': '515f53ba7c1c75bb33c25d2c347b65970a8b14300739a0b3a489701aa9d2609b', 'infogeo/dfa.py': '1c5b74c7939d073608c32c9c5c98577c40258ca11dc1a321390a4a51d56ba25e', 'infogeo/local_preconditioning.py': '9b7f918ee9f1ca1cf5206211f4f6486e589ed1f0a6d5c1be19eaada7bd53dcc6', 'infogeo/paired_conditioning.py': '0ca562775475ef901794bb428451bc61b25cbdca12504787007f44b91b09670d'}",ndfa_s2003/checkpoint.pt,"{'mean': [0.4930330216884613, 0.48345819115638733, 0.44767969846725464], 'std': [0.2482229471206665, 0.24440619349479675, 0.2622743248939514], 'source': 'selected training pool only'}"
2003,centered_total,500,1.5108104095458985,0.459,2.035752634750679,3679754,3072,122177024,centered_total,1.5453812263488769,0.4541,0.02596106706187129,1,10000,2000,10000,b3cb79ef0bd3c94a6f253a21c3af95519dbe0db620e3328aedf4d73b021f5495,"{'experiments/confirm_ndfa_paired_views.py': '7b3d7c4fd2f8724b8e385064fb2c62df1dc643d130f09cdc031040ffe5886c84', 'experiments/run_ndfa_paired_views.py': '515f53ba7c1c75bb33c25d2c347b65970a8b14300739a0b3a489701aa9d2609b', 'infogeo/dfa.py': '1c5b74c7939d073608c32c9c5c98577c40258ca11dc1a321390a4a51d56ba25e', 'infogeo/local_preconditioning.py': '9b7f918ee9f1ca1cf5206211f4f6486e589ed1f0a6d5c1be19eaada7bd53dcc6', 'infogeo/paired_conditioning.py': '0ca562775475ef901794bb428451bc61b25cbdca12504787007f44b91b09670d'}",centered_total_s2003/checkpoint.pt,"{'mean': [0.4930330216884613, 0.48345819115638733, 0.44767969846725464], 'std': [0.2482229471206665, 0.24440619349479675, 0.2622743248939514], 'source': 'selected training pool only'}"
2003,paired,500,1.6272620239257813,0.406,1.915135650895536,3679754,3072,120555008,paired,1.6728119400024415,0.4111,0.02571334782987833,1,10000,2000,10000,b3cb79ef0bd3c94a6f253a21c3af95519dbe0db620e3328aedf4d73b021f5495,"{'experiments/confirm_ndfa_paired_views.py': '7b3d7c4fd2f8724b8e385064fb2c62df1dc643d130f09cdc031040ffe5886c84', 'experiments/run_ndfa_paired_views.py': '515f53ba7c1c75bb33c25d2c347b65970a8b14300739a0b3a489701aa9d2609b', 'infogeo/dfa.py': '1c5b74c7939d073608c32c9c5c98577c40258ca11dc1a321390a4a51d56ba25e', 'infogeo/local_preconditioning.py': '9b7f918ee9f1ca1cf5206211f4f6486e589ed1f0a6d5c1be19eaada7bd53dcc6', 'infogeo/paired_conditioning.py': '0ca562775475ef901794bb428451bc61b25cbdca12504787007f44b91b09670d'}",paired_s2003/checkpoint.pt,"{'mean': [0.4930330216884613, 0.48345819115638733, 0.44767969846725464], 'std': [0.2482229471206665, 0.24440619349479675, 0.2622743248939514], 'source': 'selected training pool only'}"
2003,wrong_pairs,500,1.5323893280029297,0.4485,1.9229517676867545,3679754,3072,121341440,wrong_pairs,1.568858825302124,0.4438,0.02644945401698351,1,10000,2000,10000,b3cb79ef0bd3c94a6f253a21c3af95519dbe0db620e3328aedf4d73b021f5495,"{'experiments/confirm_ndfa_paired_views.py': '7b3d7c4fd2f8724b8e385064fb2c62df1dc643d130f09cdc031040ffe5886c84', 'experiments/run_ndfa_paired_views.py': '515f53ba7c1c75bb33c25d2c347b65970a8b14300739a0b3a489701aa9d2609b', 'infogeo/dfa.py': '1c5b74c7939d073608c32c9c5c98577c40258ca11dc1a321390a4a51d56ba25e', 'infogeo/local_preconditioning.py': '9b7f918ee9f1ca1cf5206211f4f6486e589ed1f0a6d5c1be19eaada7bd53dcc6', 'infogeo/paired_conditioning.py': '0ca562775475ef901794bb428451bc61b25cbdca12504787007f44b91b09670d'}",wrong_pairs_s2003/checkpoint.pt,"{'mean': [0.4930330216884613, 0.48345819115638733, 0.44767969846725464], 'std': [0.2482229471206665, 0.24440619349479675, 0.2622743248939514], 'source': 'selected training pool only'}"
2003,diagonal,500,1.6193726348876953,0.422,1.458460264839232,3679754,3072,111363584,diagonal,1.6452780714035034,0.4205,0.02533223992213607,1,10000,2000,10000,b3cb79ef0bd3c94a6f253a21c3af95519dbe0db620e3328aedf4d73b021f5495,"{'experiments/confirm_ndfa_paired_views.py': '7b3d7c4fd2f8724b8e385064fb2c62df1dc643d130f09cdc031040ffe5886c84', 'experiments/run_ndfa_paired_views.py': '515f53ba7c1c75bb33c25d2c347b65970a8b14300739a0b3a489701aa9d2609b', 'infogeo/dfa.py': '1c5b74c7939d073608c32c9c5c98577c40258ca11dc1a321390a4a51d56ba25e', 'infogeo/local_preconditioning.py': '9b7f918ee9f1ca1cf5206211f4f6486e589ed1f0a6d5c1be19eaada7bd53dcc6', 'infogeo/paired_conditioning.py': '0ca562775475ef901794bb428451bc61b25cbdca12504787007f44b91b09670d'}",diagonal_s2003/checkpoint.pt,"{'mean': [0.4930330216884613, 0.48345819115638733, 0.44767969846725464], 'std': [0.2482229471206665, 0.24440619349479675, 0.2622743248939514], 'source': 'selected training pool only'}"
2003,view_regularized,500,1.542750503540039,0.445,2.1032339883968234,3679754,3072,122111488,view_regularized,1.5702600431442262,0.45,0.02575968694873154,1,10000,2000,10000,b3cb79ef0bd3c94a6f253a21c3af95519dbe0db620e3328aedf4d73b021f5495,"{'experiments/confirm_ndfa_paired_views.py': '7b3d7c4fd2f8724b8e385064fb2c62df1dc643d130f09cdc031040ffe5886c84', 'experiments/run_ndfa_paired_views.py': '515f53ba7c1c75bb33c25d2c347b65970a8b14300739a0b3a489701aa9d2609b', 'infogeo/dfa.py': '1c5b74c7939d073608c32c9c5c98577c40258ca11dc1a321390a4a51d56ba25e', 'infogeo/local_preconditioning.py': '9b7f918ee9f1ca1cf5206211f4f6486e589ed1f0a6d5c1be19eaada7bd53dcc6', 'infogeo/paired_conditioning.py': '0ca562775475ef901794bb428451bc61b25cbdca12504787007f44b91b09670d'}",view_regularized_s2003/checkpoint.pt,"{'mean': [0.4930330216884613, 0.48345819115638733, 0.44767969846725464], 'std': [0.2482229471206665, 0.24440619349479675, 0.2622743248939514], 'source': 'selected training pool only'}"
2003,wrong_view_regularized,500,1.519606170654297,0.4565,2.238980149384588,3679754,3072,124208640,wrong_view_regularized,1.5535917846679688,0.4551,0.02571016689762473,1,10000,2000,10000,b3cb79ef0bd3c94a6f253a21c3af95519dbe0db620e3328aedf4d73b021f5495,"{'experiments/confirm_ndfa_paired_views.py': '7b3d7c4fd2f8724b8e385064fb2c62df1dc643d130f09cdc031040ffe5886c84', 'experiments/run_ndfa_paired_views.py': '515f53ba7c1c75bb33c25d2c347b65970a8b14300739a0b3a489701aa9d2609b', 'infogeo/dfa.py': '1c5b74c7939d073608c32c9c5c98577c40258ca11dc1a321390a4a51d56ba25e', 'infogeo/local_preconditioning.py': '9b7f918ee9f1ca1cf5206211f4f6486e589ed1f0a6d5c1be19eaada7bd53dcc6', 'infogeo/paired_conditioning.py': '0ca562775475ef901794bb428451bc61b25cbdca12504787007f44b91b09670d'}",wrong_view_regularized_s2003/checkpoint.pt,"{'mean': [0.4930330216884613, 0.48345819115638733, 0.44767969846725464], 'std': [0.2482229471206665, 0.24440619349479675, 0.2622743248939514], 'source': 'selected training pool only'}"
2004,bp,500,1.5359977722167968,0.4465,1.1891541196964681,3679754,3072,96421376,bp,1.562016699028015,0.4426,0.026370034087449312,1,10000,2000,10000,b3cb79ef0bd3c94a6f253a21c3af95519dbe0db620e3328aedf4d73b021f5495,"{'experiments/confirm_ndfa_paired_views.py': '7b3d7c4fd2f8724b8e385064fb2c62df1dc643d130f09cdc031040ffe5886c84', 'experiments/run_ndfa_paired_views.py': '515f53ba7c1c75bb33c25d2c347b65970a8b14300739a0b3a489701aa9d2609b', 'infogeo/dfa.py': '1c5b74c7939d073608c32c9c5c98577c40258ca11dc1a321390a4a51d56ba25e', 'infogeo/local_preconditioning.py': '9b7f918ee9f1ca1cf5206211f4f6486e589ed1f0a6d5c1be19eaada7bd53dcc6', 'infogeo/paired_conditioning.py': '0ca562775475ef901794bb428451bc61b25cbdca12504787007f44b91b09670d'}",bp_s2004/checkpoint.pt,"{'mean': [0.4930330216884613, 0.48345819115638733, 0.44767969846725464], 'std': [0.2482229471206665, 0.24440619349479675, 0.2622743248939514], 'source': 'selected training pool only'}"
2004,dfa,500,1.5815436553955078,0.437,1.229812084697187,3679754,3072,96159232,dfa,1.6058530479431152,0.4253,0.02741623902693391,1,10000,2000,10000,b3cb79ef0bd3c94a6f253a21c3af95519dbe0db620e3328aedf4d73b021f5495,"{'experiments/confirm_ndfa_paired_views.py': '7b3d7c4fd2f8724b8e385064fb2c62df1dc643d130f09cdc031040ffe5886c84', 'experiments/run_ndfa_paired_views.py': '515f53ba7c1c75bb33c25d2c347b65970a8b14300739a0b3a489701aa9d2609b', 'infogeo/dfa.py': '1c5b74c7939d073608c32c9c5c98577c40258ca11dc1a321390a4a51d56ba25e', 'infogeo/local_preconditioning.py': '9b7f918ee9f1ca1cf5206211f4f6486e589ed1f0a6d5c1be19eaada7bd53dcc6', 'infogeo/paired_conditioning.py': '0ca562775475ef901794bb428451bc61b25cbdca12504787007f44b91b09670d'}",dfa_s2004/checkpoint.pt,"{'mean': [0.4930330216884613, 0.48345819115638733, 0.44767969846725464], 'std': [0.2482229471206665, 0.24440619349479675, 0.2622743248939514], 'source': 'selected training pool only'}"
2004,ndfa,500,1.474565200805664,0.471,2.07836551964283,3679754,3072,119490048,ndfa,1.4873311069488526,0.4692,0.025157650001347065,1,10000,2000,10000,b3cb79ef0bd3c94a6f253a21c3af95519dbe0db620e3328aedf4d73b021f5495,"{'experiments/confirm_ndfa_paired_views.py': '7b3d7c4fd2f8724b8e385064fb2c62df1dc643d130f09cdc031040ffe5886c84', 'experiments/run_ndfa_paired_views.py': '515f53ba7c1c75bb33c25d2c347b65970a8b14300739a0b3a489701aa9d2609b', 'infogeo/dfa.py': '1c5b74c7939d073608c32c9c5c98577c40258ca11dc1a321390a4a51d56ba25e', 'infogeo/local_preconditioning.py': '9b7f918ee9f1ca1cf5206211f4f6486e589ed1f0a6d5c1be19eaada7bd53dcc6', 'infogeo/paired_conditioning.py': '0ca562775475ef901794bb428451bc61b25cbdca12504787007f44b91b09670d'}",ndfa_s2004/checkpoint.pt,"{'mean': [0.4930330216884613, 0.48345819115638733, 0.44767969846725464], 'std': [0.2482229471206665, 0.24440619349479675, 0.2622743248939514], 'source': 'selected training pool only'}"
2004,centered_total,500,1.461337921142578,0.4775,2.032305696280673,3679754,3072,122177024,centered_total,1.485490510559082,0.4683,0.025585117982700467,1,10000,2000,10000,b3cb79ef0bd3c94a6f253a21c3af95519dbe0db620e3328aedf4d73b021f5495,"{'experiments/confirm_ndfa_paired_views.py': '7b3d7c4fd2f8724b8e385064fb2c62df1dc643d130f09cdc031040ffe5886c84', 'experiments/run_ndfa_paired_views.py': '515f53ba7c1c75bb33c25d2c347b65970a8b14300739a0b3a489701aa9d2609b', 'infogeo/dfa.py': '1c5b74c7939d073608c32c9c5c98577c40258ca11dc1a321390a4a51d56ba25e', 'infogeo/local_preconditioning.py': '9b7f918ee9f1ca1cf5206211f4f6486e589ed1f0a6d5c1be19eaada7bd53dcc6', 'infogeo/paired_conditioning.py': '0ca562775475ef901794bb428451bc61b25cbdca12504787007f44b91b09670d'}",centered_total_s2004/checkpoint.pt,"{'mean': [0.4930330216884613, 0.48345819115638733, 0.44767969846725464], 'std': [0.2482229471206665, 0.24440619349479675, 0.2622743248939514], 'source': 'selected training pool only'}"
2004,paired,500,1.572234115600586,0.4425,1.9231415356043726,3679754,3072,120555008,paired,1.610018074798584,0.4192,0.025824096985161304,1,10000,2000,10000,b3cb79ef0bd3c94a6f253a21c3af95519dbe0db620e3328aedf4d73b021f5495,"{'experiments/confirm_ndfa_paired_views.py': '7b3d7c4fd2f8724b8e385064fb2c62df1dc643d130f09cdc031040ffe5886c84', 'experiments/run_ndfa_paired_views.py': '515f53ba7c1c75bb33c25d2c347b65970a8b14300739a0b3a489701aa9d2609b', 'infogeo/dfa.py': '1c5b74c7939d073608c32c9c5c98577c40258ca11dc1a321390a4a51d56ba25e', 'infogeo/local_preconditioning.py': '9b7f918ee9f1ca1cf5206211f4f6486e589ed1f0a6d5c1be19eaada7bd53dcc6', 'infogeo/paired_conditioning.py': '0ca562775475ef901794bb428451bc61b25cbdca12504787007f44b91b09670d'}",paired_s2004/checkpoint.pt,"{'mean': [0.4930330216884613, 0.48345819115638733, 0.44767969846725464], 'std': [0.2482229471206665, 0.24440619349479675, 0.2622743248939514], 'source': 'selected training pool only'}"
2004,wrong_pairs,500,1.475756591796875,0.475,1.923787496285513,3679754,3072,121341440,wrong_pairs,1.4801052112579345,0.4727,0.026664023054763675,1,10000,2000,10000,b3cb79ef0bd3c94a6f253a21c3af95519dbe0db620e3328aedf4d73b021f5495,"{'experiments/confirm_ndfa_paired_views.py': '7b3d7c4fd2f8724b8e385064fb2c62df1dc643d130f09cdc031040ffe5886c84', 'experiments/run_ndfa_paired_views.py': '515f53ba7c1c75bb33c25d2c347b65970a8b14300739a0b3a489701aa9d2609b', 'infogeo/dfa.py': '1c5b74c7939d073608c32c9c5c98577c40258ca11dc1a321390a4a51d56ba25e', 'infogeo/local_preconditioning.py': '9b7f918ee9f1ca1cf5206211f4f6486e589ed1f0a6d5c1be19eaada7bd53dcc6', 'infogeo/paired_conditioning.py': '0ca562775475ef901794bb428451bc61b25cbdca12504787007f44b91b09670d'}",wrong_pairs_s2004/checkpoint.pt,"{'mean': [0.4930330216884613, 0.48345819115638733, 0.44767969846725464], 'std': [0.2482229471206665, 0.24440619349479675, 0.2622743248939514], 'source': 'selected training pool only'}"
2004,diagonal,500,1.5767401428222656,0.438,1.4513441927265376,3679754,3072,111363584,diagonal,1.6007121856689452,0.4296,0.026403404073789716,1,10000,2000,10000,b3cb79ef0bd3c94a6f253a21c3af95519dbe0db620e3328aedf4d73b021f5495,"{'experiments/confirm_ndfa_paired_views.py': '7b3d7c4fd2f8724b8e385064fb2c62df1dc643d130f09cdc031040ffe5886c84', 'experiments/run_ndfa_paired_views.py': '515f53ba7c1c75bb33c25d2c347b65970a8b14300739a0b3a489701aa9d2609b', 'infogeo/dfa.py': '1c5b74c7939d073608c32c9c5c98577c40258ca11dc1a321390a4a51d56ba25e', 'infogeo/local_preconditioning.py': '9b7f918ee9f1ca1cf5206211f4f6486e589ed1f0a6d5c1be19eaada7bd53dcc6', 'infogeo/paired_conditioning.py': '0ca562775475ef901794bb428451bc61b25cbdca12504787007f44b91b09670d'}",diagonal_s2004/checkpoint.pt,"{'mean': [0.4930330216884613, 0.48345819115638733, 0.44767969846725464], 'std': [0.2482229471206665, 0.24440619349479675, 0.2622743248939514], 'source': 'selected training pool only'}"
2004,view_regularized,500,1.487483123779297,0.4665,2.098121633287519,3679754,3072,122111488,view_regularized,1.4972131504058839,0.4662,0.026460043853148818,1,10000,2000,10000,b3cb79ef0bd3c94a6f253a21c3af95519dbe0db620e3328aedf4d73b021f5495,"{'experiments/confirm_ndfa_paired_views.py': '7b3d7c4fd2f8724b8e385064fb2c62df1dc643d130f09cdc031040ffe5886c84', 'experiments/run_ndfa_paired_views.py': '515f53ba7c1c75bb33c25d2c347b65970a8b14300739a0b3a489701aa9d2609b', 'infogeo/dfa.py': '1c5b74c7939d073608c32c9c5c98577c40258ca11dc1a321390a4a51d56ba25e', 'infogeo/local_preconditioning.py': '9b7f918ee9f1ca1cf5206211f4f6486e589ed1f0a6d5c1be19eaada7bd53dcc6', 'infogeo/paired_conditioning.py': '0ca562775475ef901794bb428451bc61b25cbdca12504787007f44b91b09670d'}",view_regularized_s2004/checkpoint.pt,"{'mean': [0.4930330216884613, 0.48345819115638733, 0.44767969846725464], 'std': [0.2482229471206665, 0.24440619349479675, 0.2622743248939514], 'source': 'selected training pool only'}"
2004,wrong_view_regularized,500,1.4667366943359375,0.4835,2.140694199828431,3679754,3072,124208640,wrong_view_regularized,1.4775055770874024,0.4773,0.02525848988443613,1,10000,2000,10000,b3cb79ef0bd3c94a6f253a21c3af95519dbe0db620e3328aedf4d73b021f5495,"{'experiments/confirm_ndfa_paired_views.py': '7b3d7c4fd2f8724b8e385064fb2c62df1dc643d130f09cdc031040ffe5886c84', 'experiments/run_ndfa_paired_views.py': '515f53ba7c1c75bb33c25d2c347b65970a8b14300739a0b3a489701aa9d2609b', 'infogeo/dfa.py': '1c5b74c7939d073608c32c9c5c98577c40258ca11dc1a321390a4a51d56ba25e', 'infogeo/local_preconditioning.py': '9b7f918ee9f1ca1cf5206211f4f6486e589ed1f0a6d5c1be19eaada7bd53dcc6', 'infogeo/paired_conditioning.py': '0ca562775475ef901794bb428451bc61b25cbdca12504787007f44b91b09670d'}",wrong_view_regularized_s2004/checkpoint.pt,"{'mean': [0.4930330216884613, 0.48345819115638733, 0.44767969846725464], 'std': [0.2482229471206665, 0.24440619349479675, 0.2622743248939514], 'source': 'selected training pool only'}"
2005,bp,500,1.5978155670166017,0.419,1.18498355592601,3679754,3072,96421376,bp,1.5981114099502562,0.4393,0.026161515153944492,1,10000,2000,10000,b3cb79ef0bd3c94a6f253a21c3af95519dbe0db620e3328aedf4d73b021f5495,"{'experiments/confirm_ndfa_paired_views.py': '7b3d7c4fd2f8724b8e385064fb2c62df1dc643d130f09cdc031040ffe5886c84', 'experiments/run_ndfa_paired_views.py': '515f53ba7c1c75bb33c25d2c347b65970a8b14300739a0b3a489701aa9d2609b', 'infogeo/dfa.py': '1c5b74c7939d073608c32c9c5c98577c40258ca11dc1a321390a4a51d56ba25e', 'infogeo/local_preconditioning.py': '9b7f918ee9f1ca1cf5206211f4f6486e589ed1f0a6d5c1be19eaada7bd53dcc6', 'infogeo/paired_conditioning.py': '0ca562775475ef901794bb428451bc61b25cbdca12504787007f44b91b09670d'}",bp_s2005/checkpoint.pt,"{'mean': [0.4930330216884613, 0.48345819115638733, 0.44767969846725464], 'std': [0.2482229471206665, 0.24440619349479675, 0.2622743248939514], 'source': 'selected training pool only'}"
2005,dfa,500,1.631683624267578,0.4135,1.1860403390601277,3679754,3072,96159232,dfa,1.6506512496948242,0.417,0.02632877416908741,1,10000,2000,10000,b3cb79ef0bd3c94a6f253a21c3af95519dbe0db620e3328aedf4d73b021f5495,"{'experiments/confirm_ndfa_paired_views.py': '7b3d7c4fd2f8724b8e385064fb2c62df1dc643d130f09cdc031040ffe5886c84', 'experiments/run_ndfa_paired_views.py': '515f53ba7c1c75bb33c25d2c347b65970a8b14300739a0b3a489701aa9d2609b', 'infogeo/dfa.py': '1c5b74c7939d073608c32c9c5c98577c40258ca11dc1a321390a4a51d56ba25e', 'infogeo/local_preconditioning.py': '9b7f918ee9f1ca1cf5206211f4f6486e589ed1f0a6d5c1be19eaada7bd53dcc6', 'infogeo/paired_conditioning.py': '0ca562775475ef901794bb428451bc61b25cbdca12504787007f44b91b09670d'}",dfa_s2005/checkpoint.pt,"{'mean': [0.4930330216884613, 0.48345819115638733, 0.44767969846725464], 'std': [0.2482229471206665, 0.24440619349479675, 0.2622743248939514], 'source': 'selected training pool only'}"
2005,ndfa,500,1.5135630493164063,0.463,2.0040181572549045,3679754,3072,119490048,ndfa,1.5269029747009277,0.4666,0.025748106883838773,1,10000,2000,10000,b3cb79ef0bd3c94a6f253a21c3af95519dbe0db620e3328aedf4d73b021f5495,"{'experiments/confirm_ndfa_paired_views.py': '7b3d7c4fd2f8724b8e385064fb2c62df1dc643d130f09cdc031040ffe5886c84', 'experiments/run_ndfa_paired_views.py': '515f53ba7c1c75bb33c25d2c347b65970a8b14300739a0b3a489701aa9d2609b', 'infogeo/dfa.py': '1c5b74c7939d073608c32c9c5c98577c40258ca11dc1a321390a4a51d56ba25e', 'infogeo/local_preconditioning.py': '9b7f918ee9f1ca1cf5206211f4f6486e589ed1f0a6d5c1be19eaada7bd53dcc6', 'infogeo/paired_conditioning.py': '0ca562775475ef901794bb428451bc61b25cbdca12504787007f44b91b09670d'}",ndfa_s2005/checkpoint.pt,"{'mean': [0.4930330216884613, 0.48345819115638733, 0.44767969846725464], 'std': [0.2482229471206665, 0.24440619349479675, 0.2622743248939514], 'source': 'selected training pool only'}"
2005,centered_total,500,1.5031376953125,0.466,2.0328273933846503,3679754,3072,122177024,centered_total,1.5107597023010253,0.4735,0.026081944815814495,1,10000,2000,10000,b3cb79ef0bd3c94a6f253a21c3af95519dbe0db620e3328aedf4d73b021f5495,"{'experiments/confirm_ndfa_paired_views.py': '7b3d7c4fd2f8724b8e385064fb2c62df1dc643d130f09cdc031040ffe5886c84', 'experiments/run_ndfa_paired_views.py': '515f53ba7c1c75bb33c25d2c347b65970a8b14300739a0b3a489701aa9d2609b', 'infogeo/dfa.py': '1c5b74c7939d073608c32c9c5c98577c40258ca11dc1a321390a4a51d56ba25e', 'infogeo/local_preconditioning.py': '9b7f918ee9f1ca1cf5206211f4f6486e589ed1f0a6d5c1be19eaada7bd53dcc6', 'infogeo/paired_conditioning.py': '0ca562775475ef901794bb428451bc61b25cbdca12504787007f44b91b09670d'}",centered_total_s2005/checkpoint.pt,"{'mean': [0.4930330216884613, 0.48345819115638733, 0.44767969846725464], 'std': [0.2482229471206665, 0.24440619349479675, 0.2622743248939514], 'source': 'selected training pool only'}"
2005,paired,500,1.6545140838623047,0.405,1.9144842957612127,3679754,3072,120555008,paired,1.6616909297943114,0.4191,0.026183995185419917,1,10000,2000,10000,b3cb79ef0bd3c94a6f253a21c3af95519dbe0db620e3328aedf4d73b021f5495,"{'experiments/confirm_ndfa_paired_views.py': '7b3d7c4fd2f8724b8e385064fb2c62df1dc643d130f09cdc031040ffe5886c84', 'experiments/run_ndfa_paired_views.py': '515f53ba7c1c75bb33c25d2c347b65970a8b14300739a0b3a489701aa9d2609b', 'infogeo/dfa.py': '1c5b74c7939d073608c32c9c5c98577c40258ca11dc1a321390a4a51d56ba25e', 'infogeo/local_preconditioning.py': '9b7f918ee9f1ca1cf5206211f4f6486e589ed1f0a6d5c1be19eaada7bd53dcc6', 'infogeo/paired_conditioning.py': '0ca562775475ef901794bb428451bc61b25cbdca12504787007f44b91b09670d'}",paired_s2005/checkpoint.pt,"{'mean': [0.4930330216884613, 0.48345819115638733, 0.44767969846725464], 'std': [0.2482229471206665, 0.24440619349479675, 0.2622743248939514], 'source': 'selected training pool only'}"
2005,wrong_pairs,500,1.511977767944336,0.4615,1.9202946117147803,3679754,3072,121341440,wrong_pairs,1.5221077976226807,0.4635,0.0264585439581424,1,10000,2000,10000,b3cb79ef0bd3c94a6f253a21c3af95519dbe0db620e3328aedf4d73b021f5495,"{'experiments/confirm_ndfa_paired_views.py': '7b3d7c4fd2f8724b8e385064fb2c62df1dc643d130f09cdc031040ffe5886c84', 'experiments/run_ndfa_paired_views.py': '515f53ba7c1c75bb33c25d2c347b65970a8b14300739a0b3a489701aa9d2609b', 'infogeo/dfa.py': '1c5b74c7939d073608c32c9c5c98577c40258ca11dc1a321390a4a51d56ba25e', 'infogeo/local_preconditioning.py': '9b7f918ee9f1ca1cf5206211f4f6486e589ed1f0a6d5c1be19eaada7bd53dcc6', 'infogeo/paired_conditioning.py': '0ca562775475ef901794bb428451bc61b25cbdca12504787007f44b91b09670d'}",wrong_pairs_s2005/checkpoint.pt,"{'mean': [0.4930330216884613, 0.48345819115638733, 0.44767969846725464], 'std': [0.2482229471206665, 0.24440619349479675, 0.2622743248939514], 'source': 'selected training pool only'}"
2005,diagonal,500,1.640113265991211,0.41,1.4564424250274897,3679754,3072,111363584,diagonal,1.6544687057495118,0.4225,0.025321559980511665,1,10000,2000,10000,b3cb79ef0bd3c94a6f253a21c3af95519dbe0db620e3328aedf4d73b021f5495,"{'experiments/confirm_ndfa_paired_views.py': '7b3d7c4fd2f8724b8e385064fb2c62df1dc643d130f09cdc031040ffe5886c84', 'experiments/run_ndfa_paired_views.py': '515f53ba7c1c75bb33c25d2c347b65970a8b14300739a0b3a489701aa9d2609b', 'infogeo/dfa.py': '1c5b74c7939d073608c32c9c5c98577c40258ca11dc1a321390a4a51d56ba25e', 'infogeo/local_preconditioning.py': '9b7f918ee9f1ca1cf5206211f4f6486e589ed1f0a6d5c1be19eaada7bd53dcc6', 'infogeo/paired_conditioning.py': '0ca562775475ef901794bb428451bc61b25cbdca12504787007f44b91b09670d'}",diagonal_s2005/checkpoint.pt,"{'mean': [0.4930330216884613, 0.48345819115638733, 0.44767969846725464], 'std': [0.2482229471206665, 0.24440619349479675, 0.2622743248939514], 'source': 'selected training pool only'}"
2005,view_regularized,500,1.5258208923339844,0.4625,2.10447308444418,3679754,3072,122111488,view_regularized,1.5379984340667725,0.4629,0.026473494013771415,1,10000,2000,10000,b3cb79ef0bd3c94a6f253a21c3af95519dbe0db620e3328aedf4d73b021f5495,"{'experiments/confirm_ndfa_paired_views.py': '7b3d7c4fd2f8724b8e385064fb2c62df1dc643d130f09cdc031040ffe5886c84', 'experiments/run_ndfa_paired_views.py': '515f53ba7c1c75bb33c25d2c347b65970a8b14300739a0b3a489701aa9d2609b', 'infogeo/dfa.py': '1c5b74c7939d073608c32c9c5c98577c40258ca11dc1a321390a4a51d56ba25e', 'infogeo/local_preconditioning.py': '9b7f918ee9f1ca1cf5206211f4f6486e589ed1f0a6d5c1be19eaada7bd53dcc6', 'infogeo/paired_conditioning.py': '0ca562775475ef901794bb428451bc61b25cbdca12504787007f44b91b09670d'}",view_regularized_s2005/checkpoint.pt,"{'mean': [0.4930330216884613, 0.48345819115638733, 0.44767969846725464], 'std': [0.2482229471206665, 0.24440619349479675, 0.2622743248939514], 'source': 'selected training pool only'}"
2005,wrong_view_regularized,500,1.5162209320068358,0.4655,2.134097961941734,3679754,3072,124208640,wrong_view_regularized,1.5177923282623291,0.4697,0.02622532518580556,1,10000,2000,10000,b3cb79ef0bd3c94a6f253a21c3af95519dbe0db620e3328aedf4d73b021f5495,"{'experiments/confirm_ndfa_paired_views.py': '7b3d7c4fd2f8724b8e385064fb2c62df1dc643d130f09cdc031040ffe5886c84', 'experiments/run_ndfa_paired_views.py': '515f53ba7c1c75bb33c25d2c347b65970a8b14300739a0b3a489701aa9d2609b', 'infogeo/dfa.py': '1c5b74c7939d073608c32c9c5c98577c40258ca11dc1a321390a4a51d56ba25e', 'infogeo/local_preconditioning.py': '9b7f918ee9f1ca1cf5206211f4f6486e589ed1f0a6d5c1be19eaada7bd53dcc6', 'infogeo/paired_conditioning.py': '0ca562775475ef901794bb428451bc61b25cbdca12504787007f44b91b09670d'}",wrong_view_regularized_s2005/checkpoint.pt,"{'mean': [0.4930330216884613, 0.48345819115638733, 0.44767969846725464], 'std': [0.2482229471206665, 0.24440619349479675, 0.2622743248939514], 'source': 'selected training pool only'}"
2006,bp,500,1.55204736328125,0.4335,1.1930104037746787,3679754,3072,96421376,bp,1.5723229106903076,0.445,0.026594643015414476,1,10000,2000,10000,b3cb79ef0bd3c94a6f253a21c3af95519dbe0db620e3328aedf4d73b021f5495,"{'experiments/confirm_ndfa_paired_views.py': '7b3d7c4fd2f8724b8e385064fb2c62df1dc643d130f09cdc031040ffe5886c84', 'experiments/run_ndfa_paired_views.py': '515f53ba7c1c75bb33c25d2c347b65970a8b14300739a0b3a489701aa9d2609b', 'infogeo/dfa.py': '1c5b74c7939d073608c32c9c5c98577c40258ca11dc1a321390a4a51d56ba25e', 'infogeo/local_preconditioning.py': '9b7f918ee9f1ca1cf5206211f4f6486e589ed1f0a6d5c1be19eaada7bd53dcc6', 'infogeo/paired_conditioning.py': '0ca562775475ef901794bb428451bc61b25cbdca12504787007f44b91b09670d'}",bp_s2006/checkpoint.pt,"{'mean': [0.4930330216884613, 0.48345819115638733, 0.44767969846725464], 'std': [0.2482229471206665, 0.24440619349479675, 0.2622743248939514], 'source': 'selected training pool only'}"
2006,dfa,500,1.5899921112060547,0.4255,1.2593781831674278,3679754,3072,96159232,dfa,1.6076665004730224,0.4239,0.026587803149595857,1,10000,2000,10000,b3cb79ef0bd3c94a6f253a21c3af95519dbe0db620e3328aedf4d73b021f5495,"{'experiments/confirm_ndfa_paired_views.py': '7b3d7c4fd2f8724b8e385064fb2c62df1dc643d130f09cdc031040ffe5886c84', 'experiments/run_ndfa_paired_views.py': '515f53ba7c1c75bb33c25d2c347b65970a8b14300739a0b3a489701aa9d2609b', 'infogeo/dfa.py': '1c5b74c7939d073608c32c9c5c98577c40258ca11dc1a321390a4a51d56ba25e', 'infogeo/local_preconditioning.py': '9b7f918ee9f1ca1cf5206211f4f6486e589ed1f0a6d5c1be19eaada7bd53dcc6', 'infogeo/paired_conditioning.py': '0ca562775475ef901794bb428451bc61b25cbdca12504787007f44b91b09670d'}",dfa_s2006/checkpoint.pt,"{'mean': [0.4930330216884613, 0.48345819115638733, 0.44767969846725464], 'std': [0.2482229471206665, 0.24440619349479675, 0.2622743248939514], 'source': 'selected training pool only'}"
2006,ndfa,500,1.4755266876220703,0.482,2.006587117444724,3679754,3072,119490048,ndfa,1.4937185512542726,0.4728,0.02531311009079218,1,10000,2000,10000,b3cb79ef0bd3c94a6f253a21c3af95519dbe0db620e3328aedf4d73b021f5495,"{'experiments/confirm_ndfa_paired_views.py': '7b3d7c4fd2f8724b8e385064fb2c62df1dc643d130f09cdc031040ffe5886c84', 'experiments/run_ndfa_paired_views.py': '515f53ba7c1c75bb33c25d2c347b65970a8b14300739a0b3a489701aa9d2609b', 'infogeo/dfa.py': '1c5b74c7939d073608c32c9c5c98577c40258ca11dc1a321390a4a51d56ba25e', 'infogeo/local_preconditioning.py': '9b7f918ee9f1ca1cf5206211f4f6486e589ed1f0a6d5c1be19eaada7bd53dcc6', 'infogeo/paired_conditioning.py': '0ca562775475ef901794bb428451bc61b25cbdca12504787007f44b91b09670d'}",ndfa_s2006/checkpoint.pt,"{'mean': [0.4930330216884613, 0.48345819115638733, 0.44767969846725464], 'std': [0.2482229471206665, 0.24440619349479675, 0.2622743248939514], 'source': 'selected training pool only'}"
2006,centered_total,500,1.4742643432617188,0.4705,2.0348125707823783,3679754,3072,122177024,centered_total,1.4812770488739013,0.4799,0.025713776936754584,1,10000,2000,10000,b3cb79ef0bd3c94a6f253a21c3af95519dbe0db620e3328aedf4d73b021f5495,"{'experiments/confirm_ndfa_paired_views.py': '7b3d7c4fd2f8724b8e385064fb2c62df1dc643d130f09cdc031040ffe5886c84', 'experiments/run_ndfa_paired_views.py': '515f53ba7c1c75bb33c25d2c347b65970a8b14300739a0b3a489701aa9d2609b', 'infogeo/dfa.py': '1c5b74c7939d073608c32c9c5c98577c40258ca11dc1a321390a4a51d56ba25e', 'infogeo/local_preconditioning.py': '9b7f918ee9f1ca1cf5206211f4f6486e589ed1f0a6d5c1be19eaada7bd53dcc6', 'infogeo/paired_conditioning.py': '0ca562775475ef901794bb428451bc61b25cbdca12504787007f44b91b09670d'}",centered_total_s2006/checkpoint.pt,"{'mean': [0.4930330216884613, 0.48345819115638733, 0.44767969846725464], 'std': [0.2482229471206665, 0.24440619349479675, 0.2622743248939514], 'source': 'selected training pool only'}"
2006,paired,500,1.5912002410888673,0.4255,1.915965918917209,3679754,3072,120555008,paired,1.6153305793762207,0.4286,0.0258552769664675,1,10000,2000,10000,b3cb79ef0bd3c94a6f253a21c3af95519dbe0db620e3328aedf4d73b021f5495,"{'experiments/confirm_ndfa_paired_views.py': '7b3d7c4fd2f8724b8e385064fb2c62df1dc643d130f09cdc031040ffe5886c84', 'experiments/run_ndfa_paired_views.py': '515f53ba7c1c75bb33c25d2c347b65970a8b14300739a0b3a489701aa9d2609b', 'infogeo/dfa.py': '1c5b74c7939d073608c32c9c5c98577c40258ca11dc1a321390a4a51d56ba25e', 'infogeo/local_preconditioning.py': '9b7f918ee9f1ca1cf5206211f4f6486e589ed1f0a6d5c1be19eaada7bd53dcc6', 'infogeo/paired_conditioning.py': '0ca562775475ef901794bb428451bc61b25cbdca12504787007f44b91b09670d'}",paired_s2006/checkpoint.pt,"{'mean': [0.4930330216884613, 0.48345819115638733, 0.44767969846725464], 'std': [0.2482229471206665, 0.24440619349479675, 0.2622743248939514], 'source': 'selected training pool only'}"
2006,wrong_pairs,500,1.490380859375,0.4735,2.0393760551232845,3679754,3072,121341440,wrong_pairs,1.5022590929031372,0.4692,0.025548398960381746,1,10000,2000,10000,b3cb79ef0bd3c94a6f253a21c3af95519dbe0db620e3328aedf4d73b021f5495,"{'experiments/confirm_ndfa_paired_views.py': '7b3d7c4fd2f8724b8e385064fb2c62df1dc643d130f09cdc031040ffe5886c84', 'experiments/run_ndfa_paired_views.py': '515f53ba7c1c75bb33c25d2c347b65970a8b14300739a0b3a489701aa9d2609b', 'infogeo/dfa.py': '1c5b74c7939d073608c32c9c5c98577c40258ca11dc1a321390a4a51d56ba25e', 'infogeo/local_preconditioning.py': '9b7f918ee9f1ca1cf5206211f4f6486e589ed1f0a6d5c1be19eaada7bd53dcc6', 'infogeo/paired_conditioning.py': '0ca562775475ef901794bb428451bc61b25cbdca12504787007f44b91b09670d'}",wrong_pairs_s2006/checkpoint.pt,"{'mean': [0.4930330216884613, 0.48345819115638733, 0.44767969846725464], 'std': [0.2482229471206665, 0.24440619349479675, 0.2622743248939514], 'source': 'selected training pool only'}"
2006,diagonal,500,1.5894387969970702,0.4315,1.4502170020714402,3679754,3072,111363584,diagonal,1.591772752380371,0.4318,0.02662712289020419,1,10000,2000,10000,b3cb79ef0bd3c94a6f253a21c3af95519dbe0db620e3328aedf4d73b021f5495,"{'experiments/confirm_ndfa_paired_views.py': '7b3d7c4fd2f8724b8e385064fb2c62df1dc643d130f09cdc031040ffe5886c84', 'experiments/run_ndfa_paired_views.py': '515f53ba7c1c75bb33c25d2c347b65970a8b14300739a0b3a489701aa9d2609b', 'infogeo/dfa.py': '1c5b74c7939d073608c32c9c5c98577c40258ca11dc1a321390a4a51d56ba25e', 'infogeo/local_preconditioning.py': '9b7f918ee9f1ca1cf5206211f4f6486e589ed1f0a6d5c1be19eaada7bd53dcc6', 'infogeo/paired_conditioning.py': '0ca562775475ef901794bb428451bc61b25cbdca12504787007f44b91b09670d'}",diagonal_s2006/checkpoint.pt,"{'mean': [0.4930330216884613, 0.48345819115638733, 0.44767969846725464], 'std': [0.2482229471206665, 0.24440619349479675, 0.2622743248939514], 'source': 'selected training pool only'}"
2006,view_regularized,500,1.492550033569336,0.48,2.1722438482102007,3679754,3072,122111488,view_regularized,1.506043473815918,0.4678,0.025406688917428255,1,10000,2000,10000,b3cb79ef0bd3c94a6f253a21c3af95519dbe0db620e3328aedf4d73b021f5495,"{'experiments/confirm_ndfa_paired_views.py': '7b3d7c4fd2f8724b8e385064fb2c62df1dc643d130f09cdc031040ffe5886c84', 'experiments/run_ndfa_paired_views.py': '515f53ba7c1c75bb33c25d2c347b65970a8b14300739a0b3a489701aa9d2609b', 'infogeo/dfa.py': '1c5b74c7939d073608c32c9c5c98577c40258ca11dc1a321390a4a51d56ba25e', 'infogeo/local_preconditioning.py': '9b7f918ee9f1ca1cf5206211f4f6486e589ed1f0a6d5c1be19eaada7bd53dcc6', 'infogeo/paired_conditioning.py': '0ca562775475ef901794bb428451bc61b25cbdca12504787007f44b91b09670d'}",view_regularized_s2006/checkpoint.pt,"{'mean': [0.4930330216884613, 0.48345819115638733, 0.44767969846725464], 'std': [0.2482229471206665, 0.24440619349479675, 0.2622743248939514], 'source': 'selected training pool only'}"
2006,wrong_view_regularized,500,1.4693751831054687,0.4865,2.127424521371722,3679754,3072,124208640,wrong_view_regularized,1.4883706642150878,0.476,0.026148595148697495,1,10000,2000,10000,b3cb79ef0bd3c94a6f253a21c3af95519dbe0db620e3328aedf4d73b021f5495,"{'experiments/confirm_ndfa_paired_views.py': '7b3d7c4fd2f8724b8e385064fb2c62df1dc643d130f09cdc031040ffe5886c84', 'experiments/run_ndfa_paired_views.py': '515f53ba7c1c75bb33c25d2c347b65970a8b14300739a0b3a489701aa9d2609b', 'infogeo/dfa.py': '1c5b74c7939d073608c32c9c5c98577c40258ca11dc1a321390a4a51d56ba25e', 'infogeo/local_preconditioning.py': '9b7f918ee9f1ca1cf5206211f4f6486e589ed1f0a6d5c1be19eaada7bd53dcc6', 'infogeo/paired_conditioning.py': '0ca562775475ef901794bb428451bc61b25cbdca12504787007f44b91b09670d'}",wrong_view_regularized_s2006/checkpoint.pt,"{'mean': [0.4930330216884613, 0.48345819115638733, 0.44767969846725464], 'std': [0.2482229471206665, 0.24440619349479675, 0.2622743248939514], 'source': 'selected training pool only'}"
2007,bp,500,1.569788101196289,0.437,1.1893853163346648,3679754,3072,96421376,bp,1.5960641628265382,0.4324,0.026274024043232203,1,10000,2000,10000,b3cb79ef0bd3c94a6f253a21c3af95519dbe0db620e3328aedf4d73b021f5495,"{'experiments/confirm_ndfa_paired_views.py': '7b3d7c4fd2f8724b8e385064fb2c62df1dc643d130f09cdc031040ffe5886c84', 'experiments/run_ndfa_paired_views.py': '515f53ba7c1c75bb33c25d2c347b65970a8b14300739a0b3a489701aa9d2609b', 'infogeo/dfa.py': '1c5b74c7939d073608c32c9c5c98577c40258ca11dc1a321390a4a51d56ba25e', 'infogeo/local_preconditioning.py': '9b7f918ee9f1ca1cf5206211f4f6486e589ed1f0a6d5c1be19eaada7bd53dcc6', 'infogeo/paired_conditioning.py': '0ca562775475ef901794bb428451bc61b25cbdca12504787007f44b91b09670d'}",bp_s2007/checkpoint.pt,"{'mean': [0.4930330216884613, 0.48345819115638733, 0.44767969846725464], 'std': [0.2482229471206665, 0.24440619349479675, 0.2622743248939514], 'source': 'selected training pool only'}"
2007,dfa,500,1.6515682067871094,0.4125,1.1875734254717827,3679754,3072,96159232,dfa,1.6793814533233642,0.405,0.026276194024831057,1,10000,2000,10000,b3cb79ef0bd3c94a6f253a21c3af95519dbe0db620e3328aedf4d73b021f5495,"{'experiments/confirm_ndfa_paired_views.py': '7b3d7c4fd2f8724b8e385064fb2c62df1dc643d130f09cdc031040ffe5886c84', 'experiments/run_ndfa_paired_views.py': '515f53ba7c1c75bb33c25d2c347b65970a8b14300739a0b3a489701aa9d2609b', 'infogeo/dfa.py': '1c5b74c7939d073608c32c9c5c98577c40258ca11dc1a321390a4a51d56ba25e', 'infogeo/local_preconditioning.py': '9b7f918ee9f1ca1cf5206211f4f6486e589ed1f0a6d5c1be19eaada7bd53dcc6', 'infogeo/paired_conditioning.py': '0ca562775475ef901794bb428451bc61b25cbdca12504787007f44b91b09670d'}",dfa_s2007/checkpoint.pt,"{'mean': [0.4930330216884613, 0.48345819115638733, 0.44767969846725464], 'std': [0.2482229471206665, 0.24440619349479675, 0.2622743248939514], 'source': 'selected training pool only'}"
2007,ndfa,500,1.4711791534423828,0.4765,2.0801091799512506,3679754,3072,119490048,ndfa,1.503290252685547,0.4674,0.025376939913257957,1,10000,2000,10000,b3cb79ef0bd3c94a6f253a21c3af95519dbe0db620e3328aedf4d73b021f5495,"{'experiments/confirm_ndfa_paired_views.py': '7b3d7c4fd2f8724b8e385064fb2c62df1dc643d130f09cdc031040ffe5886c84', 'experiments/run_ndfa_paired_views.py': '515f53ba7c1c75bb33c25d2c347b65970a8b14300739a0b3a489701aa9d2609b', 'infogeo/dfa.py': '1c5b74c7939d073608c32c9c5c98577c40258ca11dc1a321390a4a51d56ba25e', 'infogeo/local_preconditioning.py': '9b7f918ee9f1ca1cf5206211f4f6486e589ed1f0a6d5c1be19eaada7bd53dcc6', 'infogeo/paired_conditioning.py': '0ca562775475ef901794bb428451bc61b25cbdca12504787007f44b91b09670d'}",ndfa_s2007/checkpoint.pt,"{'mean': [0.4930330216884613, 0.48345819115638733, 0.44767969846725464], 'std': [0.2482229471206665, 0.24440619349479675, 0.2622743248939514], 'source': 'selected training pool only'}"
2007,centered_total,500,1.4754955291748046,0.469,2.0326662741135806,3679754,3072,122177024,centered_total,1.493995514678955,0.4694,0.02653573383577168,1,10000,2000,10000,b3cb79ef0bd3c94a6f253a21c3af95519dbe0db620e3328aedf4d73b021f5495,"{'experiments/confirm_ndfa_paired_views.py': '7b3d7c4fd2f8724b8e385064fb2c62df1dc643d130f09cdc031040ffe5886c84', 'experiments/run_ndfa_paired_views.py': '515f53ba7c1c75bb33c25d2c347b65970a8b14300739a0b3a489701aa9d2609b', 'infogeo/dfa.py': '1c5b74c7939d073608c32c9c5c98577c40258ca11dc1a321390a4a51d56ba25e', 'infogeo/local_preconditioning.py': '9b7f918ee9f1ca1cf5206211f4f6486e589ed1f0a6d5c1be19eaada7bd53dcc6', 'infogeo/paired_conditioning.py': '0ca562775475ef901794bb428451bc61b25cbdca12504787007f44b91b09670d'}",centered_total_s2007/checkpoint.pt,"{'mean': [0.4930330216884613, 0.48345819115638733, 0.44767969846725464], 'std': [0.2482229471206665, 0.24440619349479675, 0.2622743248939514], 'source': 'selected training pool only'}"
2007,paired,500,1.6205755767822265,0.4355,1.9133828778285533,3679754,3072,120555008,paired,1.6559016571044922,0.4168,0.025507708080112934,1,10000,2000,10000,b3cb79ef0bd3c94a6f253a21c3af95519dbe0db620e3328aedf4d73b021f5495,"{'experiments/confirm_ndfa_paired_views.py': '7b3d7c4fd2f8724b8e385064fb2c62df1dc643d130f09cdc031040ffe5886c84', 'experiments/run_ndfa_paired_views.py': '515f53ba7c1c75bb33c25d2c347b65970a8b14300739a0b3a489701aa9d2609b', 'infogeo/dfa.py': '1c5b74c7939d073608c32c9c5c98577c40258ca11dc1a321390a4a51d56ba25e', 'infogeo/local_preconditioning.py': '9b7f918ee9f1ca1cf5206211f4f6486e589ed1f0a6d5c1be19eaada7bd53dcc6', 'infogeo/paired_conditioning.py': '0ca562775475ef901794bb428451bc61b25cbdca12504787007f44b91b09670d'}",paired_s2007/checkpoint.pt,"{'mean': [0.4930330216884613, 0.48345819115638733, 0.44767969846725464], 'std': [0.2482229471206665, 0.24440619349479675, 0.2622743248939514], 'source': 'selected training pool only'}"
2007,wrong_pairs,500,1.4717681732177734,0.472,1.9268350806087255,3679754,3072,121341440,wrong_pairs,1.5105947719573976,0.4665,0.026558093959465623,1,10000,2000,10000,b3cb79ef0bd3c94a6f253a21c3af95519dbe0db620e3328aedf4d73b021f5495,"{'experiments/confirm_ndfa_paired_views.py': '7b3d7c4fd2f8724b8e385064fb2c62df1dc643d130f09cdc031040ffe5886c84', 'experiments/run_ndfa_paired_views.py': '515f53ba7c1c75bb33c25d2c347b65970a8b14300739a0b3a489701aa9d2609b', 'infogeo/dfa.py': '1c5b74c7939d073608c32c9c5c98577c40258ca11dc1a321390a4a51d56ba25e', 'infogeo/local_preconditioning.py': '9b7f918ee9f1ca1cf5206211f4f6486e589ed1f0a6d5c1be19eaada7bd53dcc6', 'infogeo/paired_conditioning.py': '0ca562775475ef901794bb428451bc61b25cbdca12504787007f44b91b09670d'}",wrong_pairs_s2007/checkpoint.pt,"{'mean': [0.4930330216884613, 0.48345819115638733, 0.44767969846725464], 'std': [0.2482229471206665, 0.24440619349479675, 0.2622743248939514], 'source': 'selected training pool only'}"
2007,diagonal,500,1.6377962493896485,0.427,1.4721177560277283,3679754,3072,111363584,diagonal,1.660634617996216,0.4134,0.02657055389136076,1,10000,2000,10000,b3cb79ef0bd3c94a6f253a21c3af95519dbe0db620e3328aedf4d73b021f5495,"{'experiments/confirm_ndfa_paired_views.py': '7b3d7c4fd2f8724b8e385064fb2c62df1dc643d130f09cdc031040ffe5886c84', 'experiments/run_ndfa_paired_views.py': '515f53ba7c1c75bb33c25d2c347b65970a8b14300739a0b3a489701aa9d2609b', 'infogeo/dfa.py': '1c5b74c7939d073608c32c9c5c98577c40258ca11dc1a321390a4a51d56ba25e', 'infogeo/local_preconditioning.py': '9b7f918ee9f1ca1cf5206211f4f6486e589ed1f0a6d5c1be19eaada7bd53dcc6', 'infogeo/paired_conditioning.py': '0ca562775475ef901794bb428451bc61b25cbdca12504787007f44b91b09670d'}",diagonal_s2007/checkpoint.pt,"{'mean': [0.4930330216884613, 0.48345819115638733, 0.44767969846725464], 'std': [0.2482229471206665, 0.24440619349479675, 0.2622743248939514], 'source': 'selected training pool only'}"
2007,view_regularized,500,1.4782626953125,0.4705,2.098255570512265,3679754,3072,122111488,view_regularized,1.5151142040252685,0.4668,0.026603942969813943,1,10000,2000,10000,b3cb79ef0bd3c94a6f253a21c3af95519dbe0db620e3328aedf4d73b021f5495,"{'experiments/confirm_ndfa_paired_views.py': '7b3d7c4fd2f8724b8e385064fb2c62df1dc643d130f09cdc031040ffe5886c84', 'experiments/run_ndfa_paired_views.py': '515f53ba7c1c75bb33c25d2c347b65970a8b14300739a0b3a489701aa9d2609b', 'infogeo/dfa.py': '1c5b74c7939d073608c32c9c5c98577c40258ca11dc1a321390a4a51d56ba25e', 'infogeo/local_preconditioning.py': '9b7f918ee9f1ca1cf5206211f4f6486e589ed1f0a6d5c1be19eaada7bd53dcc6', 'infogeo/paired_conditioning.py': '0ca562775475ef901794bb428451bc61b25cbdca12504787007f44b91b09670d'}",view_regularized_s2007/checkpoint.pt,"{'mean': [0.4930330216884613, 0.48345819115638733, 0.44767969846725464], 'std': [0.2482229471206665, 0.24440619349479675, 0.2622743248939514], 'source': 'selected training pool only'}"
2007,wrong_view_regularized,500,1.469011245727539,0.466,2.14262407948263,3679754,3072,124208640,wrong_view_regularized,1.4938375102996826,0.4731,0.026312744012102485,1,10000,2000,10000,b3cb79ef0bd3c94a6f253a21c3af95519dbe0db620e3328aedf4d73b021f5495,"{'experiments/confirm_ndfa_paired_views.py': '7b3d7c4fd2f8724b8e385064fb2c62df1dc643d130f09cdc031040ffe5886c84', 'experiments/run_ndfa_paired_views.py': '515f53ba7c1c75bb33c25d2c347b65970a8b14300739a0b3a489701aa9d2609b', 'infogeo/dfa.py': '1c5b74c7939d073608c32c9c5c98577c40258ca11dc1a321390a4a51d56ba25e', 'infogeo/local_preconditioning.py': '9b7f918ee9f1ca1cf5206211f4f6486e589ed1f0a6d5c1be19eaada7bd53dcc6', 'infogeo/paired_conditioning.py': '0ca562775475ef901794bb428451bc61b25cbdca12504787007f44b91b09670d'}",wrong_view_regularized_s2007/checkpoint.pt,"{'mean': [0.4930330216884613, 0.48345819115638733, 0.44767969846725464], 'std': [0.2482229471206665, 0.24440619349479675, 0.2622743248939514], 'source': 'selected training pool only'}"
