method,replicate,mean_ce,accuracy_pct,median_ce,p90_ce,p99_ce,max_ce,max_abs_logit,top1pct_loss_share,top10pct_loss_share
bp,0,1.238160722041672,56.46,0.9205693026815691,2.762579152557203,5.431534390098542,14.71273847011155,20.142227172851562,0.0550226613188811,0.317925800755614
dfa,0,1.6333302582732543,43.82,1.3788901904192334,3.2811991979261825,5.657906120893538,12.831897978961996,28.333839416503906,0.04329949380253378,0.2687530011675757
bp_activity,0,1.1649061844953206,59.309999999999995,0.7552614634286947,2.8369525595313787,5.696579184356599,14.747578426440842,24.181602478027344,0.06083749895148248,0.35133132918882104
dfa_activity,0,724.4820579801146,43.45,79.99604797363281,2292.91092529297,6740.591920318606,22583.009765625,26171.505859375,0.12887304910451058,0.5743888135330646
dfa_error,0,187947470370530.9,29.080000000000002,81944041750528.0,538441427189760.25,1175878226673664.2,1743726590296064.0,1147796723859456.0,0.07093357321535834,0.43223960478576146
dfa_kronecker,0,46.449462235545084,47.57,3.0365140068455343,151.08525112588643,404.1384828186036,732.58349609375,664.3707275390625,0.10299696990961717,0.5833996566220772
bp_batchnorm,0,1.138590941541258,59.64,0.7768793839975929,2.7310226773365454,5.369740626120341,11.358296252510572,17.262962341308594,0.05598025792950027,0.33903347594520783
dfa_batchnorm,0,1.2090837077332135,56.910000000000004,0.9073538757658652,2.7411738810687387,4.925535703364588,11.54950502505842,14.478069305419922,0.04897003095487697,0.30677132614425223
bp_decorrelation,0,1.176064385862673,58.120000000000005,0.8589553702176838,2.684226591350492,5.021270605243197,10.936447974834586,15.944396018981934,0.05157783405584296,0.31691563023406377
dfa_decorrelation,0,1.19399754976797,58.08,0.926264667604703,2.621820341312942,4.634584173620368,8.801300309393412,14.360936164855957,0.045261839180291884,0.2914250136502438
bp,1,1.2221758760755297,57.379999999999995,0.9323607624071084,2.7116046991190657,5.317354340527778,10.821204737433657,19.83769416809082,0.05220226911558045,0.31286886918684115
dfa,1,1.616838866680647,43.22,1.3755862803681658,3.2591091199234032,5.603896166125623,11.386050728027417,16.84971809387207,0.041980470686073704,0.2667433931248814
bp_activity,1,1.125763895218285,61.19,0.7422431027726959,2.717994022327139,5.63779393862273,14.191970094109662,24.153987884521484,0.06093785093493477,0.35400369247218305
dfa_activity,1,468.41316186339463,42.95,76.44390869140625,1491.343591308594,3741.440795593262,9546.81689453125,8975.466796875,0.10364924407818538,0.5236888217087005
dfa_error,1,58125113554645.81,32.05,25241506021376.0,165449339345305.62,372976631750328.5,649313155809280.0,565736984543232.0,0.0771378319599082,0.4490469590069224
dfa_kronecker,1,18.115733449645397,50.41,0.5606596910649273,56.14977296637357,140.79185115816585,344.8174514770508,377.9559631347656,0.10301930379542353,0.519286767034036
bp_batchnorm,1,1.1171838074029583,60.31999999999999,0.7750429666322252,2.648267745570601,5.01545638231929,12.608020894930156,19.668895721435547,0.05417209144688834,0.3311639018721287
dfa_batchnorm,1,1.1930790214650755,57.16,0.9017527076507261,2.642610082809788,4.774879253480563,12.057196418777071,13.266519546508789,0.04826440959473697,0.3029110904512371
bp_decorrelation,1,1.1700110015983949,58.81999999999999,0.8548235600026688,2.680455791927758,5.0944325332357225,10.389556053970878,15.446818351745605,0.05085905079825737,0.3161300733231214
dfa_decorrelation,1,1.1852436327073819,58.53,0.9423356367013804,2.555183809252531,4.320844080429944,9.693840054005339,15.431117057800293,0.043008084821413335,0.28301846679855086
bp,2,1.2303015591491422,56.95,0.9398448966280941,2.726334690156951,5.312654600688558,12.05128154284333,19.62289810180664,0.05460500555007894,0.31256981790287186
dfa,2,1.6455542746934464,42.79,1.3850040178082952,3.3622287876469708,5.97523408745403,12.629313737840425,15.774215698242188,0.04382383310039412,0.27069814328574765
bp_activity,2,1.1469853843808286,59.96,0.7587838273344909,2.7462223924140217,5.738465964647008,14.12512579210443,24.981287002563477,0.06305394109297345,0.35235947764696374
dfa_activity,2,998.3042838599224,38.76,120.50645430664414,2814.4751220703124,11808.44952148438,33227.56640625,20771.076171875,0.14760035744903255,0.6504422999438946
dfa_error,2,131877916619728.48,30.680000000000003,33131721654272.0,376155937754316.94,1373635880031356.0,2306830625669120.0,1878327845453824.0,0.12540625633143065,0.5982252306392942
dfa_kronecker,2,26.654592018882802,50.449999999999996,0.4896775073111854,87.34114408493045,205.04272008895887,619.1899261474609,535.2926025390625,0.09778449087801441,0.5175155532085262
bp_batchnorm,2,1.1392202599084515,59.5,0.787654397984463,2.6743111357250964,5.270160584779671,10.883451122716451,19.103099822998047,0.054924060945794065,0.3306012069618919
dfa_batchnorm,2,1.204790009002073,56.92,0.9170757659048603,2.702883418688548,4.799392633595663,9.944111720259645,11.493111610412598,0.047542566502453996,0.3033977979163743
bp_decorrelation,2,1.1786556009783054,58.06,0.8324014505901829,2.754355238795634,5.145909241173387,11.343744328174866,15.855719566345215,0.05260566913703415,0.3231512042792531
dfa_decorrelation,2,1.1922987731845425,58.309999999999995,0.9381932051988269,2.5780321088285723,4.397637036059407,9.004150167974455,15.541646003723145,0.042586293337659675,0.28722893491748075
bp,3,1.2198564493292743,57.56,0.9256616645269085,2.6751262693234485,5.270457210071796,10.382648323109468,21.600181579589844,0.054243434416451256,0.3137880923444941
dfa,3,1.6248275285304934,44.21,1.3642251557455132,3.2849449707227123,5.782346559478753,12.686267780336753,19.7724552154541,0.04389755604101678,0.27131044581007535
bp_activity,3,1.1276674459175684,61.08,0.7401045926135135,2.7002620960897104,5.6763369169778635,13.807264567604996,22.90847396850586,0.0628133488469864,0.3535473326630955
dfa_activity,3,676.6841829235861,36.08,208.8146934540319,1928.4369995117188,5348.111140136719,19404.7216796875,24567.724609375,0.11632595002257143,0.5046384329476381
dfa_error,3,153147121864826.88,27.38,69024155172864.0,431729527069081.6,1020023193982731.2,1941836721553408.0,1196010147676160.0,0.08003116382672366,0.4493140370520434
dfa_kronecker,3,41.6452918608659,46.08,5.434810934485029,134.80649695538432,279.9633155822756,600.6934509277344,537.3573608398438,0.08273228866657055,0.4790746646328655
bp_batchnorm,3,1.1257968011325268,60.34,0.7755977962321952,2.6691622526647847,5.071876104278766,12.630746140572668,20.17158317565918,0.05426098464651887,0.32726664802165645
dfa_batchnorm,3,1.187152501645082,58.050000000000004,0.8930190200647963,2.6450938958325594,4.838803379576488,9.693818199223267,13.610610008239746,0.04856812915097839,0.30220427995795085
bp_decorrelation,3,1.1746462639284554,58.599999999999994,0.8494677358318115,2.713574887137526,5.170150135828221,9.400940272823089,17.887880325317383,0.052381370631099995,0.3233554717235331
dfa_decorrelation,3,1.1769416375205002,58.46,0.8746695201036707,2.668245491038942,4.681272593623241,9.09635714307572,16.045856475830078,0.046818087611619416,0.30454690227335207
bp,4,1.2544062981722488,55.81,0.9502825257498926,2.805095411142575,5.412849319551589,11.715595334442662,19.774093627929688,0.05452231950989858,0.31536810663453474
dfa,4,1.6504331601272926,43.37,1.388722837916568,3.412647364324284,5.90087301216809,10.955746725523568,20.989086151123047,0.042631087944730126,0.272946558664806
bp_activity,4,1.1646147871535533,59.830000000000005,0.7446722947217017,2.8517427378704223,5.775972638743769,13.999183060220046,24.31999969482422,0.06032379204952997,0.3540682111335661
dfa_activity,4,920.1519675349774,43.8,111.42889596620851,2791.9735694885258,8258.9883947754,41558.3955078125,28152.927734375,0.13102839348348122,0.5656193979902265
dfa_error,4,59978191851493.79,25.480000000000004,30976047579136.0,167388440743116.8,317662683694366.94,512093296001024.0,373421166821376.0,0.061727418297269,0.3930585567733288
dfa_kronecker,4,42.83570033704051,46.989999999999995,3.929866339461121,136.2820613861084,335.3973754119873,706.7591247558594,812.0263061523438,0.09696753814054145,0.5181761540402889
bp_batchnorm,4,1.169390095027167,58.46,0.792305038858006,2.843064768089636,5.266476125872918,11.634958748770902,21.687728881835938,0.05438155993974926,0.3350589248513593
dfa_batchnorm,4,1.218948118488731,56.720000000000006,0.9111188612412902,2.7717641939047266,4.868207369835444,11.361043428558858,13.237495422363281,0.04889344142628415,0.30746505556457837
bp_decorrelation,4,1.1906645708760513,58.13,0.8304356937657609,2.802107572284586,5.27844205504675,9.926553950609549,20.136465072631836,0.053514961354384015,0.33006011566138155
dfa_decorrelation,4,1.2039972295548784,58.269999999999996,0.8727184828167522,2.8050335113934053,5.008358349376118,8.869669839618552,16.556455612182617,0.04925026214779397,0.3142014197208264
