side,method,damping,validation_acc_mean,validation_acc_sem,validation_loss_mean,n
activity,ndfa,0.03,0.8548666666666667,0.003317294747899938,1.6467806849161786,3
activity,ndfa,0.1,0.8664666666666667,0.0010477489097001319,1.4100415484746298,3
activity,ndfa,0.3,0.8699333333333333,0.0014892205269125835,1.2849148552576704,3
activity,ndfa,1.0,0.8685999999999999,0.001942506971244454,1.246454004096985,3
activity,ndfa,3.0,0.8582000000000001,0.0031749015732774884,1.311558814938863,3
activity,ndfa,10.0,0.8262666666666667,0.006004812884493382,1.4606051233291628,3
error,endfa,0.03,0.1874,0.05726255320888163,3.1540867502848307,3
error,endfa,0.1,0.26226666666666665,0.06154037518392115,3.082962967681885,3
error,endfa,0.3,0.4406666666666667,0.052572024668808184,2.73611880162557,3
error,endfa,1.0,0.6617333333333333,0.03119323288435774,2.0271861225763956,3
error,endfa,3.0,0.7348666666666667,0.013550071750527559,1.7382376973470055,3
error,endfa,10.0,0.7559333333333335,0.020665698902072285,1.6499228446960448,3
