condition,n_train,input_noise,train_label_noise,method,mean_acc,sd_fb,sd_data,sd_fb_logit,n_data_seeds,n_fb_seeds,family,regime,cell,dataset,label_noise,layernorm,at_floor
low_sample_noisy,512.0,0.05,0.0,dfa_random,0.17102864583333333,0.03846920866167302,0.017872639017749478,0.25420662277730566,5,3.0,synthetic,low_sample_noisy,low_sample_noisy|512.0|0.05|0.0,,,,False
low_sample_noisy,512.0,0.05,0.0,ndfa_random,0.6846842447916667,0.010979815778177021,0.018026680558169174,0.05072251137753762,5,3.0,synthetic,low_sample_noisy,low_sample_noisy|512.0|0.05|0.0,,,,False
low_sample_noisy,512.0,0.05,0.0,ndfa_random_kronecker,0.7695800781250001,0.011319808538051108,0.012222727538750559,0.06393222413728053,5,3.0,synthetic,low_sample_noisy,low_sample_noisy|512.0|0.05|0.0,,,,False
low_sample_noisy,512.0,0.05,0.1,dfa_random,0.14544270833333334,0.022083415864994165,0.0,0.17595973187850436,5,3.0,synthetic,low_sample_noisy,low_sample_noisy|512.0|0.05|0.1,,,,False
low_sample_noisy,512.0,0.05,0.1,ndfa_random,0.5986328125000001,0.012370005823255818,0.017645135943050436,0.05135034288248956,5,3.0,synthetic,low_sample_noisy,low_sample_noisy|512.0|0.05|0.1,,,,False
low_sample_noisy,512.0,0.05,0.1,ndfa_random_kronecker,0.6600585937500001,0.011853272487568603,0.01143315178047668,0.05243485928411293,5,3.0,synthetic,low_sample_noisy,low_sample_noisy|512.0|0.05|0.1,,,,False
low_sample_noisy,512.0,0.05,0.2,dfa_random,0.140283203125,0.020364801612198016,0.0,0.16418628115010347,5,3.0,synthetic,low_sample_noisy,low_sample_noisy|512.0|0.05|0.2,,,,False
low_sample_noisy,512.0,0.05,0.2,ndfa_random,0.5344889322916666,0.013337021953258745,0.024685100326123022,0.05358874386240538,5,3.0,synthetic,low_sample_noisy,low_sample_noisy|512.0|0.05|0.2,,,,False
low_sample_noisy,512.0,0.05,0.2,ndfa_random_kronecker,0.5796712239583333,0.01110665443899055,0.020157862819706746,0.04578408361842782,5,3.0,synthetic,low_sample_noisy,low_sample_noisy|512.0|0.05|0.2,,,,False
low_sample_noisy,512.0,0.05,0.4,dfa_random,0.1298828125,0.012020217659365904,0.0,0.10509966316060763,5,3.0,synthetic,low_sample_noisy,low_sample_noisy|512.0|0.05|0.4,,,,True
low_sample_noisy,512.0,0.05,0.4,ndfa_random,0.38886718750000004,0.011869855067357325,0.01685708071771887,0.049828250735222214,5,3.0,synthetic,low_sample_noisy,low_sample_noisy|512.0|0.05|0.4,,,,False
low_sample_noisy,512.0,0.05,0.4,ndfa_random_kronecker,0.4224283854166666,0.009934453725247896,0.01784506722521172,0.040489721519684205,5,3.0,synthetic,low_sample_noisy,low_sample_noisy|512.0|0.05|0.4,,,,False
low_sample_noisy,512.0,0.15,0.0,dfa_random,0.17431640625,0.013832816210047179,0.014955193745313115,0.09343713658101953,5,3.0,synthetic,low_sample_noisy,low_sample_noisy|512.0|0.15|0.0,,,,False
low_sample_noisy,512.0,0.15,0.0,ndfa_random,0.6493977864583333,0.01021546925367376,0.02483160739166425,0.0447748448045692,5,3.0,synthetic,low_sample_noisy,low_sample_noisy|512.0|0.15|0.0,,,,False
low_sample_noisy,512.0,0.15,0.0,ndfa_random_kronecker,0.730126953125,0.012120953018858207,0.02009969236561285,0.06183166047102707,5,3.0,synthetic,low_sample_noisy,low_sample_noisy|512.0|0.15|0.0,,,,False
low_sample_noisy,512.0,0.15,0.1,dfa_random,0.14817708333333332,0.013428622129744616,0.008833970616702165,0.11045958858124558,5,3.0,synthetic,low_sample_noisy,low_sample_noisy|512.0|0.15|0.1,,,,False
low_sample_noisy,512.0,0.15,0.1,ndfa_random,0.5692057291666667,0.010756973725168168,0.020296866766960856,0.04395049433590967,5,3.0,synthetic,low_sample_noisy,low_sample_noisy|512.0|0.15|0.1,,,,False
low_sample_noisy,512.0,0.15,0.1,ndfa_random_kronecker,0.6263020833333333,0.010867411980686064,0.015998156772511797,0.046616190177600964,5,3.0,synthetic,low_sample_noisy,low_sample_noisy|512.0|0.15|0.1,,,,False
low_sample_noisy,512.0,0.15,0.2,dfa_random,0.13626302083333336,0.011953087767166958,0.0031697565028939397,0.09808200038307732,5,3.0,synthetic,low_sample_noisy,low_sample_noisy|512.0|0.15|0.2,,,,False
low_sample_noisy,512.0,0.15,0.2,ndfa_random,0.5088704427083334,0.010760113180385408,0.026252478225224796,0.043135259310933614,5,3.0,synthetic,low_sample_noisy,low_sample_noisy|512.0|0.15|0.2,,,,False
low_sample_noisy,512.0,0.15,0.2,ndfa_random_kronecker,0.5535970052083333,0.00981048453137335,0.020699884252997614,0.039832699138977745,5,3.0,synthetic,low_sample_noisy,low_sample_noisy|512.0|0.15|0.2,,,,False
low_sample_noisy,512.0,0.15,0.4,dfa_random,0.12921549479166666,0.006365784410525978,0.005601418124882809,0.05737568081796343,5,3.0,synthetic,low_sample_noisy,low_sample_noisy|512.0|0.15|0.4,,,,True
low_sample_noisy,512.0,0.15,0.4,ndfa_random,0.37408854166666666,0.013165496838586683,0.01573854095487934,0.056318599088467286,5,3.0,synthetic,low_sample_noisy,low_sample_noisy|512.0|0.15|0.4,,,,False
low_sample_noisy,512.0,0.15,0.4,ndfa_random_kronecker,0.407421875,0.008836631614973363,0.01447918349889421,0.03648673727737176,5,3.0,synthetic,low_sample_noisy,low_sample_noisy|512.0|0.15|0.4,,,,False
low_sample_noisy,1024.0,0.05,0.0,dfa_random,0.38972981770833337,0.06229462258290504,0.08669992802049974,0.28661894455504117,5,3.0,synthetic,low_sample_noisy,low_sample_noisy|1024.0|0.05|0.0,,,,False
low_sample_noisy,1024.0,0.05,0.0,ndfa_random,0.827880859375,0.005936852135364413,0.016058214413318526,0.04088219066139804,5,3.0,synthetic,low_sample_noisy,low_sample_noisy|1024.0|0.05|0.0,,,,False
low_sample_noisy,1024.0,0.05,0.0,ndfa_random_kronecker,0.8607421875,0.005049640287675163,0.012976328768645264,0.04054939059393789,5,3.0,synthetic,low_sample_noisy,low_sample_noisy|1024.0|0.05|0.0,,,,False
low_sample_noisy,1024.0,0.05,0.1,dfa_random,0.26455078125,0.04663916708554201,0.0638500318905027,0.2532850542198228,5,3.0,synthetic,low_sample_noisy,low_sample_noisy|1024.0|0.05|0.1,,,,False
low_sample_noisy,1024.0,0.05,0.1,ndfa_random,0.7290690104166667,0.010024641195140531,0.019771739900074966,0.050450282558107795,5,3.0,synthetic,low_sample_noisy,low_sample_noisy|1024.0|0.05|0.1,,,,False
low_sample_noisy,1024.0,0.05,0.1,ndfa_random_kronecker,0.7245930989583333,0.00980278574216966,0.01953228417943436,0.04824535149970609,5,3.0,synthetic,low_sample_noisy,low_sample_noisy|1024.0|0.05|0.1,,,,False
low_sample_noisy,1024.0,0.05,0.2,dfa_random,0.19594726562500003,0.05296358756655679,0.033258359755254895,0.32087914458787237,5,3.0,synthetic,low_sample_noisy,low_sample_noisy|1024.0|0.05|0.2,,,,False
low_sample_noisy,1024.0,0.05,0.2,ndfa_random,0.6381022135416666,0.008870965318129462,0.039785784274927835,0.03851901500942634,5,3.0,synthetic,low_sample_noisy,low_sample_noisy|1024.0|0.05|0.2,,,,False
low_sample_noisy,1024.0,0.05,0.2,ndfa_random_kronecker,0.6200520833333333,0.00944522411893014,0.03575741154716766,0.03932921203285058,5,3.0,synthetic,low_sample_noisy,low_sample_noisy|1024.0|0.05|0.2,,,,False
low_sample_noisy,1024.0,0.05,0.4,dfa_random,0.13291015625000002,0.009670352320862094,0.00934735921148767,0.08454756145085782,5,3.0,synthetic,low_sample_noisy,low_sample_noisy|1024.0|0.05|0.4,,,,True
low_sample_noisy,1024.0,0.05,0.4,ndfa_random,0.48201497395833337,0.012761340464673853,0.03589659680487978,0.05149687280195231,5,3.0,synthetic,low_sample_noisy,low_sample_noisy|1024.0|0.05|0.4,,,,False
low_sample_noisy,1024.0,0.05,0.4,ndfa_random_kronecker,0.4519856770833333,0.009279913295472344,0.027965571804841237,0.03741891684822957,5,3.0,synthetic,low_sample_noisy,low_sample_noisy|1024.0|0.05|0.4,,,,False
low_sample_noisy,1024.0,0.15,0.0,dfa_random,0.37765299479166664,0.08168136821168796,0.10771683704249223,0.38173077370030284,5,3.0,synthetic,low_sample_noisy,low_sample_noisy|1024.0|0.15|0.0,,,,False
low_sample_noisy,1024.0,0.15,0.0,ndfa_random,0.7902994791666668,0.006290432166782289,0.020932691790637115,0.037622956892309205,5,3.0,synthetic,low_sample_noisy,low_sample_noisy|1024.0|0.15|0.0,,,,False
low_sample_noisy,1024.0,0.15,0.0,ndfa_random_kronecker,0.8206217447916668,0.005391031885685751,0.017869377864507572,0.03674802696263935,5,3.0,synthetic,low_sample_noisy,low_sample_noisy|1024.0|0.15|0.0,,,,False
low_sample_noisy,1024.0,0.15,0.1,dfa_random,0.247412109375,0.0651042683918476,0.04991620778003956,0.36635230083943093,5,3.0,synthetic,low_sample_noisy,low_sample_noisy|1024.0|0.15|0.1,,,,False
low_sample_noisy,1024.0,0.15,0.1,ndfa_random,0.6921712239583333,0.010330928173925828,0.02810617217007723,0.04897295640822507,5,3.0,synthetic,low_sample_noisy,low_sample_noisy|1024.0|0.15|0.1,,,,False
low_sample_noisy,1024.0,0.15,0.1,ndfa_random_kronecker,0.6914388020833332,0.00822962763658137,0.02821576343389328,0.03738495982698982,5,3.0,synthetic,low_sample_noisy,low_sample_noisy|1024.0|0.15|0.1,,,,False
low_sample_noisy,1024.0,0.15,0.2,dfa_random,0.19205729166666669,0.037005630837949506,0.029461490017733485,0.2552926270386387,5,3.0,synthetic,low_sample_noisy,low_sample_noisy|1024.0|0.15|0.2,,,,False
low_sample_noisy,1024.0,0.15,0.2,ndfa_random,0.607373046875,0.007792893284278504,0.040477201805783666,0.03317646446435514,5,3.0,synthetic,low_sample_noisy,low_sample_noisy|1024.0|0.15|0.2,,,,False
low_sample_noisy,1024.0,0.15,0.2,ndfa_random_kronecker,0.593505859375,0.00848284744739858,0.03828743778657801,0.03487868430102356,5,3.0,synthetic,low_sample_noisy,low_sample_noisy|1024.0|0.15|0.2,,,,False
low_sample_noisy,1024.0,0.15,0.4,dfa_random,0.13162434895833336,0.015814710339444225,0.00293375368863277,0.13872597149980712,5,3.0,synthetic,low_sample_noisy,low_sample_noisy|1024.0|0.15|0.4,,,,True
low_sample_noisy,1024.0,0.15,0.4,ndfa_random,0.4604654947916667,0.012732817197661424,0.0355768080035609,0.05151005449356614,5,3.0,synthetic,low_sample_noisy,low_sample_noisy|1024.0|0.15|0.4,,,,False
low_sample_noisy,1024.0,0.15,0.4,ndfa_random_kronecker,0.4344563802083334,0.010306282095534311,0.02725813040343407,0.04192932077211789,5,3.0,synthetic,low_sample_noisy,low_sample_noisy|1024.0|0.15|0.4,,,,False
low_sample_noisy,2048.0,0.05,0.0,dfa_random,0.7617024739583333,0.07785465513148782,0.02704910903579001,0.4055292576318238,5,3.0,synthetic,low_sample_noisy,low_sample_noisy|2048.0|0.05|0.0,,,,False
low_sample_noisy,2048.0,0.05,0.0,ndfa_random,0.8843424479166666,0.004305928258590883,0.005903291368268893,0.04162971796765281,5,3.0,synthetic,low_sample_noisy,low_sample_noisy|2048.0|0.05|0.0,,,,False
low_sample_noisy,2048.0,0.05,0.0,ndfa_random_kronecker,0.9012532552083334,0.005177853727170236,0.00483606638314671,0.05775810007351838,5,3.0,synthetic,low_sample_noisy,low_sample_noisy|2048.0|0.05|0.0,,,,False
low_sample_noisy,2048.0,0.05,0.1,dfa_random,0.53544921875,0.09042220829683134,0.12471189410590425,0.4015037889161637,5,3.0,synthetic,low_sample_noisy,low_sample_noisy|2048.0|0.05|0.1,,,,False
low_sample_noisy,2048.0,0.05,0.1,ndfa_random,0.7772786458333333,0.00667893076396981,0.01071471738198031,0.03799279045124938,5,3.0,synthetic,low_sample_noisy,low_sample_noisy|2048.0|0.05|0.1,,,,False
low_sample_noisy,2048.0,0.05,0.1,ndfa_random_kronecker,0.7619303385416666,0.006892091717541294,0.009354300075335798,0.03737492282607159,5,3.0,synthetic,low_sample_noisy,low_sample_noisy|2048.0|0.05|0.1,,,,False
low_sample_noisy,2048.0,0.05,0.2,dfa_random,0.38033854166666664,0.07057809470536867,0.06284011381448312,0.30610054527114855,5,3.0,synthetic,low_sample_noisy,low_sample_noisy|2048.0|0.05|0.2,,,,False
low_sample_noisy,2048.0,0.05,0.2,ndfa_random,0.68828125,0.006556740307118831,0.0109070733120013,0.03063703635170026,5,3.0,synthetic,low_sample_noisy,low_sample_noisy|2048.0|0.05|0.2,,,,False
low_sample_noisy,2048.0,0.05,0.2,ndfa_random_kronecker,0.6558430989583333,0.008994851017004965,0.0056371877053265265,0.03981338799473163,5,3.0,synthetic,low_sample_noisy,low_sample_noisy|2048.0|0.05|0.2,,,,False
low_sample_noisy,2048.0,0.05,0.4,dfa_random,0.16411132812499998,0.02655968744683873,0.012639501764065612,0.19109787711983348,5,3.0,synthetic,low_sample_noisy,low_sample_noisy|2048.0|0.05|0.4,,,,False
low_sample_noisy,2048.0,0.05,0.4,ndfa_random,0.5273437499999999,0.015548902216489094,0.012034341654355333,0.06240369292491525,5,3.0,synthetic,low_sample_noisy,low_sample_noisy|2048.0|0.05|0.4,,,,False
low_sample_noisy,2048.0,0.05,0.4,ndfa_random_kronecker,0.4837565104166666,0.008771185885220379,0.013152184767190682,0.03511469629094706,5,3.0,synthetic,low_sample_noisy,low_sample_noisy|2048.0|0.05|0.4,,,,False
low_sample_noisy,2048.0,0.15,0.0,dfa_random,0.7184733072916666,0.05758203845999562,0.08818172144459975,0.3050070754077889,5,3.0,synthetic,low_sample_noisy,low_sample_noisy|2048.0|0.15|0.0,,,,False
low_sample_noisy,2048.0,0.15,0.0,ndfa_random,0.845849609375,0.005761235965825608,0.012449070705404283,0.04375694179470549,5,3.0,synthetic,low_sample_noisy,low_sample_noisy|2048.0|0.15|0.0,,,,False
low_sample_noisy,2048.0,0.15,0.0,ndfa_random_kronecker,0.857373046875,0.003974821317803297,0.012940502324142462,0.031671208832108985,5,3.0,synthetic,low_sample_noisy,low_sample_noisy|2048.0|0.15|0.0,,,,False
low_sample_noisy,2048.0,0.15,0.1,dfa_random,0.5169759114583334,0.05154644494611086,0.14086124920351908,0.22051940028108125,5,3.0,synthetic,low_sample_noisy,low_sample_noisy|2048.0|0.15|0.1,,,,False
low_sample_noisy,2048.0,0.15,0.1,ndfa_random,0.739697265625,0.007959633393144134,0.015514833114031908,0.04073466013874683,5,3.0,synthetic,low_sample_noisy,low_sample_noisy|2048.0|0.15|0.1,,,,False
low_sample_noisy,2048.0,0.15,0.1,ndfa_random_kronecker,0.72333984375,0.005443843254753412,0.016856844990617906,0.026770315859092734,5,3.0,synthetic,low_sample_noisy,low_sample_noisy|2048.0|0.15|0.1,,,,False
low_sample_noisy,2048.0,0.15,0.2,dfa_random,0.3617024739583333,0.0499145094841108,0.08399742872728029,0.21483108460684583,5,3.0,synthetic,low_sample_noisy,low_sample_noisy|2048.0|0.15|0.2,,,,False
low_sample_noisy,2048.0,0.15,0.2,ndfa_random,0.65361328125,0.006871882801245194,0.012214082165046013,0.03035824233695221,5,3.0,synthetic,low_sample_noisy,low_sample_noisy|2048.0|0.15|0.2,,,,False
low_sample_noisy,2048.0,0.15,0.2,ndfa_random_kronecker,0.621875,0.009868436668339024,0.011747170353329887,0.04172330321059325,5,3.0,synthetic,low_sample_noisy,low_sample_noisy|2048.0|0.15|0.2,,,,False
low_sample_noisy,2048.0,0.15,0.4,dfa_random,0.14309895833333333,0.012528640995514985,0.021120774653489886,0.10274660599909481,5,3.0,synthetic,low_sample_noisy,low_sample_noisy|2048.0|0.15|0.4,,,,False
low_sample_noisy,2048.0,0.15,0.4,ndfa_random,0.4997884114583333,0.012738433378423088,0.011259209901392899,0.05098903521499136,5,3.0,synthetic,low_sample_noisy,low_sample_noisy|2048.0|0.15|0.4,,,,False
low_sample_noisy,2048.0,0.15,0.4,ndfa_random_kronecker,0.456103515625,0.008575558916121849,0.009752697335151732,0.03451603573685262,5,3.0,synthetic,low_sample_noisy,low_sample_noisy|2048.0|0.15|0.4,,,,False
low_sample_noisy,4096.0,0.05,0.0,dfa_random,0.8879231770833333,0.017094725865154585,0.015591543193948744,0.17239759743600228,5,3.0,synthetic,low_sample_noisy,low_sample_noisy|4096.0|0.05|0.0,,,,False
low_sample_noisy,4096.0,0.05,0.0,ndfa_random,0.908349609375,0.004953107286295218,0.006598273968655575,0.06024598585507923,5,3.0,synthetic,low_sample_noisy,low_sample_noisy|4096.0|0.05|0.0,,,,False
low_sample_noisy,4096.0,0.05,0.0,ndfa_random_kronecker,0.9175618489583333,0.004327560443070406,0.004668841491011599,0.05687068308656511,5,3.0,synthetic,low_sample_noisy,low_sample_noisy|4096.0|0.05|0.0,,,,False
low_sample_noisy,4096.0,0.05,0.1,dfa_random,0.6542317708333334,0.08128721900815898,0.0,0.3574194933424831,5,3.0,synthetic,low_sample_noisy,low_sample_noisy|4096.0|0.05|0.1,,,,False
low_sample_noisy,4096.0,0.05,0.1,ndfa_random,0.8056803385416668,0.008719159224920614,0.009672201238418693,0.0559153703177025,5,3.0,synthetic,low_sample_noisy,low_sample_noisy|4096.0|0.05|0.1,,,,False
low_sample_noisy,4096.0,0.05,0.1,ndfa_random_kronecker,0.7904134114583333,0.005264613928917926,0.008653437323119295,0.03209819298708073,5,3.0,synthetic,low_sample_noisy,low_sample_noisy|4096.0|0.05|0.1,,,,False
low_sample_noisy,4096.0,0.05,0.2,dfa_random,0.48299153645833337,0.08822040993307483,0.0,0.36071543264543127,5,3.0,synthetic,low_sample_noisy,low_sample_noisy|4096.0|0.05|0.2,,,,False
low_sample_noisy,4096.0,0.05,0.2,ndfa_random,0.726953125,0.010135414073874497,0.011754525289436466,0.051143598679888214,5,3.0,synthetic,low_sample_noisy,low_sample_noisy|4096.0|0.05|0.2,,,,False
low_sample_noisy,4096.0,0.05,0.2,ndfa_random_kronecker,0.7007975260416667,0.008014607841494553,0.008359336021071029,0.03851232444807468,5,3.0,synthetic,low_sample_noisy,low_sample_noisy|4096.0|0.05|0.2,,,,False
low_sample_noisy,4096.0,0.05,0.4,dfa_random,0.245166015625,0.07897907082053685,0.0470025411396843,0.40146227144706786,5,3.0,synthetic,low_sample_noisy,low_sample_noisy|4096.0|0.05|0.4,,,,False
low_sample_noisy,4096.0,0.05,0.4,ndfa_random,0.5705891927083334,0.014813254636274505,0.012562215469706131,0.06027452656514642,5,3.0,synthetic,low_sample_noisy,low_sample_noisy|4096.0|0.05|0.4,,,,False
low_sample_noisy,4096.0,0.05,0.4,ndfa_random_kronecker,0.5064778645833334,0.017207440455489463,0.014316511166800959,0.06896012049936476,5,3.0,synthetic,low_sample_noisy,low_sample_noisy|4096.0|0.05|0.4,,,,False
low_sample_noisy,4096.0,0.15,0.0,dfa_random,0.835791015625,0.023402887854111282,0.018734565316051,0.16350072834022006,5,3.0,synthetic,low_sample_noisy,low_sample_noisy|4096.0|0.15|0.0,,,,False
low_sample_noisy,4096.0,0.15,0.0,ndfa_random,0.8614095052083333,0.0037367608231436904,0.01360625002897091,0.03140574733717705,5,3.0,synthetic,low_sample_noisy,low_sample_noisy|4096.0|0.15|0.0,,,,False
low_sample_noisy,4096.0,0.15,0.0,ndfa_random_kronecker,0.8663248697916668,0.0036912899907287555,0.012445053558731618,0.03155200602960593,5,3.0,synthetic,low_sample_noisy,low_sample_noisy|4096.0|0.15|0.0,,,,False
low_sample_noisy,4096.0,0.15,0.1,dfa_random,0.6378743489583334,0.03812342697817367,0.0461369730277122,0.16947728543292617,5,3.0,synthetic,low_sample_noisy,low_sample_noisy|4096.0|0.15|0.1,,,,False
low_sample_noisy,4096.0,0.15,0.1,ndfa_random,0.7660319010416666,0.006922294471952854,0.014051748804814515,0.03871903924193418,5,3.0,synthetic,low_sample_noisy,low_sample_noisy|4096.0|0.15|0.1,,,,False
low_sample_noisy,4096.0,0.15,0.1,ndfa_random_kronecker,0.7405436197916666,0.0065485536643140555,0.014067670083679549,0.03447906619720349,5,3.0,synthetic,low_sample_noisy,low_sample_noisy|4096.0|0.15|0.1,,,,False
low_sample_noisy,4096.0,0.15,0.2,dfa_random,0.4766927083333333,0.07245664352485182,0.05686557575251252,0.30251523022522436,5,3.0,synthetic,low_sample_noisy,low_sample_noisy|4096.0|0.15|0.2,,,,False
low_sample_noisy,4096.0,0.15,0.2,ndfa_random,0.6855143229166667,0.01109913869729437,0.015435425111412462,0.0514125046971571,5,3.0,synthetic,low_sample_noisy,low_sample_noisy|4096.0|0.15|0.2,,,,False
low_sample_noisy,4096.0,0.15,0.2,ndfa_random_kronecker,0.6554524739583334,0.007561530857672917,0.015269560000565832,0.03372206312086436,5,3.0,synthetic,low_sample_noisy,low_sample_noisy|4096.0|0.15|0.2,,,,False
low_sample_noisy,4096.0,0.15,0.4,dfa_random,0.21873372395833335,0.0896470944505538,0.0,0.47597780295427317,5,3.0,synthetic,low_sample_noisy,low_sample_noisy|4096.0|0.15|0.4,,,,False
low_sample_noisy,4096.0,0.15,0.4,ndfa_random,0.5324869791666667,0.009859574128007613,0.015521960121574868,0.039587421453085414,5,3.0,synthetic,low_sample_noisy,low_sample_noisy|4096.0|0.15|0.4,,,,False
low_sample_noisy,4096.0,0.15,0.4,ndfa_random_kronecker,0.480859375,0.00947986865675622,0.010275036873071932,0.03806163700780014,5,3.0,synthetic,low_sample_noisy,low_sample_noisy|4096.0|0.15|0.4,,,,False
mixed_context,512.0,0.05,0.0,dfa_random,0.18328450520833334,0.026768250297485842,0.020957908110352818,0.17992320120354205,5,3.0,synthetic,mixed_context,mixed_context|512.0|0.05|0.0,,,,False
mixed_context,512.0,0.05,0.0,ndfa_random,0.40634765625,0.007373154662567528,0.013055754563097703,0.030686309203515966,5,3.0,synthetic,mixed_context,mixed_context|512.0|0.05|0.0,,,,False
mixed_context,512.0,0.05,0.0,ndfa_random_kronecker,0.46150716145833337,0.009047707949227886,0.018248284623629225,0.036347389053168026,5,3.0,synthetic,mixed_context,mixed_context|512.0|0.05|0.0,,,,False
mixed_context,512.0,0.05,0.1,dfa_random,0.16272786458333335,0.019769562541396977,0.00985923826912448,0.13831205162428747,5,3.0,synthetic,mixed_context,mixed_context|512.0|0.05|0.1,,,,False
mixed_context,512.0,0.05,0.1,ndfa_random,0.3700358072916667,0.005082974197125077,0.013960347196384018,0.021736102843448835,5,3.0,synthetic,mixed_context,mixed_context|512.0|0.05|0.1,,,,False
mixed_context,512.0,0.05,0.1,ndfa_random_kronecker,0.4033203125,0.006644034912660702,0.014990247629099738,0.02761212316446639,5,3.0,synthetic,mixed_context,mixed_context|512.0|0.05|0.1,,,,False
mixed_context,512.0,0.05,0.2,dfa_random,0.14168294270833334,0.019029713769638742,0.0049212489999900305,0.1525907056171253,5,3.0,synthetic,mixed_context,mixed_context|512.0|0.05|0.2,,,,False
mixed_context,512.0,0.05,0.2,ndfa_random,0.337939453125,0.008248678005147303,0.010988799394123767,0.03698446047159577,5,3.0,synthetic,mixed_context,mixed_context|512.0|0.05|0.2,,,,False
mixed_context,512.0,0.05,0.2,ndfa_random_kronecker,0.35830078125000003,0.0074035418102047085,0.015850537473308248,0.03212496812154871,5,3.0,synthetic,mixed_context,mixed_context|512.0|0.05|0.2,,,,False
mixed_context,512.0,0.05,0.4,dfa_random,0.134423828125,0.009469593509918084,0.0032135394573977,0.07887893811673602,5,3.0,synthetic,mixed_context,mixed_context|512.0|0.05|0.4,,,,True
mixed_context,512.0,0.05,0.4,ndfa_random,0.276171875,0.007777581061040215,0.011453870424371673,0.03928754300648449,5,3.0,synthetic,mixed_context,mixed_context|512.0|0.05|0.4,,,,False
mixed_context,512.0,0.05,0.4,ndfa_random_kronecker,0.29012044270833337,0.004794116292434991,0.012941167625865065,0.02329407008780218,5,3.0,synthetic,mixed_context,mixed_context|512.0|0.05|0.4,,,,False
mixed_context,512.0,0.15,0.0,dfa_random,0.16686197916666667,0.019055171871245995,0.022438871445060987,0.1402915936380735,5,3.0,synthetic,mixed_context,mixed_context|512.0|0.15|0.0,,,,False
mixed_context,512.0,0.15,0.0,ndfa_random,0.3874837239583333,0.00766591195524382,0.013345857936658994,0.03224960316067447,5,3.0,synthetic,mixed_context,mixed_context|512.0|0.15|0.0,,,,False
mixed_context,512.0,0.15,0.0,ndfa_random_kronecker,0.4350748697916666,0.0075217503827766565,0.017211500422901038,0.030551768689644983,5,3.0,synthetic,mixed_context,mixed_context|512.0|0.15|0.0,,,,False
mixed_context,512.0,0.15,0.1,dfa_random,0.14588216145833333,0.02841947885807291,0.015810836235374114,0.22150019591022294,5,3.0,synthetic,mixed_context,mixed_context|512.0|0.15|0.1,,,,False
mixed_context,512.0,0.15,0.1,ndfa_random,0.354541015625,0.0077468658180485025,0.01281801575404811,0.03370100215983236,5,3.0,synthetic,mixed_context,mixed_context|512.0|0.15|0.1,,,,False
mixed_context,512.0,0.15,0.1,ndfa_random_kronecker,0.3819661458333333,0.00545259541997798,0.0166601804191729,0.02295916185495812,5,3.0,synthetic,mixed_context,mixed_context|512.0|0.15|0.1,,,,False
mixed_context,512.0,0.15,0.2,dfa_random,0.1427734375,0.015748615829760577,0.0,0.12389452292825452,5,3.0,synthetic,mixed_context,mixed_context|512.0|0.15|0.2,,,,False
mixed_context,512.0,0.15,0.2,ndfa_random,0.3239908854166667,0.007833579553292171,0.010614612463255077,0.035918541462742766,5,3.0,synthetic,mixed_context,mixed_context|512.0|0.15|0.2,,,,False
mixed_context,512.0,0.15,0.2,ndfa_random_kronecker,0.34181315104166665,0.005723869880731018,0.013845449970428062,0.025696423919304167,5,3.0,synthetic,mixed_context,mixed_context|512.0|0.15|0.2,,,,False
mixed_context,512.0,0.15,0.4,dfa_random,0.129833984375,0.013147526135802806,0.0,0.11048179624534576,5,3.0,synthetic,mixed_context,mixed_context|512.0|0.15|0.4,,,,True
mixed_context,512.0,0.15,0.4,ndfa_random,0.26674804687500003,0.007189516530978891,0.011053667324696967,0.03725966870621836,5,3.0,synthetic,mixed_context,mixed_context|512.0|0.15|0.4,,,,False
mixed_context,512.0,0.15,0.4,ndfa_random_kronecker,0.279833984375,0.004031894523885953,0.011189734256540749,0.02002430412780146,5,3.0,synthetic,mixed_context,mixed_context|512.0|0.15|0.4,,,,False
mixed_context,1024.0,0.05,0.0,dfa_random,0.2572265625,0.03835132439293935,0.05104100882177648,0.21979408942461445,5,3.0,synthetic,mixed_context,mixed_context|1024.0|0.05|0.0,,,,False
mixed_context,1024.0,0.05,0.0,ndfa_random,0.5195149739583333,0.01242321590967538,0.02793003843808756,0.049953889324570115,5,3.0,synthetic,mixed_context,mixed_context|1024.0|0.05|0.0,,,,False
mixed_context,1024.0,0.05,0.0,ndfa_random_kronecker,0.60576171875,0.018537761262650408,0.03733009595969287,0.07901360656944119,5,3.0,synthetic,mixed_context,mixed_context|1024.0|0.05|0.0,,,,False
mixed_context,1024.0,0.05,0.1,dfa_random,0.23234049479166666,0.03807096268440298,0.024977944499817308,0.20740386036744418,5,3.0,synthetic,mixed_context,mixed_context|1024.0|0.05|0.1,,,,False
mixed_context,1024.0,0.05,0.1,ndfa_random,0.4590657552083333,0.008151762486639959,0.02994989582100965,0.03283806856241957,5,3.0,synthetic,mixed_context,mixed_context|1024.0|0.05|0.1,,,,False
mixed_context,1024.0,0.05,0.1,ndfa_random_kronecker,0.5026529947916667,0.010730529007327625,0.04064425313808506,0.043129668828731774,5,3.0,synthetic,mixed_context,mixed_context|1024.0|0.05|0.1,,,,False
mixed_context,1024.0,0.05,0.2,dfa_random,0.18489583333333331,0.019758404002015662,0.02422893952437883,0.1268991344286904,5,3.0,synthetic,mixed_context,mixed_context|1024.0|0.05|0.2,,,,False
mixed_context,1024.0,0.05,0.2,ndfa_random,0.41064453125,0.007612856424273665,0.02968018871202253,0.03129376312731034,5,3.0,synthetic,mixed_context,mixed_context|1024.0|0.05|0.2,,,,False
mixed_context,1024.0,0.05,0.2,ndfa_random_kronecker,0.4318684895833334,0.006306204801157398,0.03268234637941033,0.025598304224664005,5,3.0,synthetic,mixed_context,mixed_context|1024.0|0.05|0.2,,,,False
mixed_context,1024.0,0.05,0.4,dfa_random,0.14471028645833334,0.024695078656301172,0.01330575116641341,0.18747541229447082,5,3.0,synthetic,mixed_context,mixed_context|1024.0|0.05|0.4,,,,False
mixed_context,1024.0,0.05,0.4,ndfa_random,0.325830078125,0.008477927477464705,0.022364696770688173,0.038863160472701476,5,3.0,synthetic,mixed_context,mixed_context|1024.0|0.05|0.4,,,,False
mixed_context,1024.0,0.05,0.4,ndfa_random_kronecker,0.322412109375,0.006014652586448953,0.018366415058311845,0.028031141649847623,5,3.0,synthetic,mixed_context,mixed_context|1024.0|0.05|0.4,,,,False
mixed_context,1024.0,0.15,0.0,dfa_random,0.26764322916666666,0.01847753714423063,0.028273269342219486,0.09610869469926102,5,3.0,synthetic,mixed_context,mixed_context|1024.0|0.15|0.0,,,,False
mixed_context,1024.0,0.15,0.0,ndfa_random,0.489501953125,0.011298199292408351,0.030247798440229567,0.045276306468785055,5,3.0,synthetic,mixed_context,mixed_context|1024.0|0.15|0.0,,,,False
mixed_context,1024.0,0.15,0.0,ndfa_random_kronecker,0.5601399739583333,0.014644503595029792,0.036339001411779974,0.05997159725800937,5,3.0,synthetic,mixed_context,mixed_context|1024.0|0.15|0.0,,,,False
mixed_context,1024.0,0.15,0.1,dfa_random,0.2208984375,0.045278005514891834,0.004551838836970892,0.2624436353436247,5,3.0,synthetic,mixed_context,mixed_context|1024.0|0.15|0.1,,,,False
mixed_context,1024.0,0.15,0.1,ndfa_random,0.4349934895833333,0.008958330967629291,0.026117468819697634,0.036236434741881034,5,3.0,synthetic,mixed_context,mixed_context|1024.0|0.15|0.1,,,,False
mixed_context,1024.0,0.15,0.1,ndfa_random_kronecker,0.4680013020833334,0.00985211536652059,0.03599980247408048,0.03947993564642649,5,3.0,synthetic,mixed_context,mixed_context|1024.0|0.15|0.1,,,,False
mixed_context,1024.0,0.15,0.2,dfa_random,0.17716471354166669,0.020931078177462842,0.031024084466934967,0.1552343593368754,5,3.0,synthetic,mixed_context,mixed_context|1024.0|0.15|0.2,,,,False
mixed_context,1024.0,0.15,0.2,ndfa_random,0.38662109375,0.006247965163546916,0.027918856046238165,0.02625055044263095,5,3.0,synthetic,mixed_context,mixed_context|1024.0|0.15|0.2,,,,False
mixed_context,1024.0,0.15,0.2,ndfa_random_kronecker,0.4039225260416667,0.007089052322533975,0.029809649182103444,0.029448700406819867,5,3.0,synthetic,mixed_context,mixed_context|1024.0|0.15|0.2,,,,False
mixed_context,1024.0,0.15,0.4,dfa_random,0.136572265625,0.012608785912525716,0.0,0.10474558348955458,5,3.0,synthetic,mixed_context,mixed_context|1024.0|0.15|0.4,,,,False
mixed_context,1024.0,0.15,0.4,ndfa_random,0.31012369791666666,0.006243193416843694,0.01978315873233712,0.029167699286461374,5,3.0,synthetic,mixed_context,mixed_context|1024.0|0.15|0.4,,,,False
mixed_context,1024.0,0.15,0.4,ndfa_random_kronecker,0.3075846354166667,0.006013331120413791,0.0174895137068283,0.028513964180397703,5,3.0,synthetic,mixed_context,mixed_context|1024.0|0.15|0.4,,,,False
mixed_context,2048.0,0.05,0.0,dfa_random,0.356298828125,0.036487440569956536,0.03611704622710882,0.1591954776125861,5,3.0,synthetic,mixed_context,mixed_context|2048.0|0.05|0.0,,,,False
mixed_context,2048.0,0.05,0.0,ndfa_random,0.67236328125,0.017945802935711894,0.02367599087818697,0.08278950461286572,5,3.0,synthetic,mixed_context,mixed_context|2048.0|0.05|0.0,,,,False
mixed_context,2048.0,0.05,0.0,ndfa_random_kronecker,0.7730305989583334,0.009354972640377606,0.014268413069305111,0.053577576820278756,5,3.0,synthetic,mixed_context,mixed_context|2048.0|0.05|0.0,,,,False
mixed_context,2048.0,0.05,0.1,dfa_random,0.2979166666666667,0.03355834041039962,0.018621865181521,0.1605441131567769,5,3.0,synthetic,mixed_context,mixed_context|2048.0|0.05|0.1,,,,False
mixed_context,2048.0,0.05,0.1,ndfa_random,0.575732421875,0.012653143858728717,0.021135146724505584,0.05190490834404451,5,3.0,synthetic,mixed_context,mixed_context|2048.0|0.05|0.1,,,,False
mixed_context,2048.0,0.05,0.1,ndfa_random_kronecker,0.6249348958333333,0.008595691808317363,0.0117074134528654,0.03670750772441091,5,3.0,synthetic,mixed_context,mixed_context|2048.0|0.05|0.1,,,,False
mixed_context,2048.0,0.05,0.2,dfa_random,0.258203125,0.03556328139874087,0.013932519833606731,0.19251546348863535,5,3.0,synthetic,mixed_context,mixed_context|2048.0|0.05|0.2,,,,False
mixed_context,2048.0,0.05,0.2,ndfa_random,0.5028971354166667,0.0155787737834669,0.018733522451086483,0.06235769899390598,5,3.0,synthetic,mixed_context,mixed_context|2048.0|0.05|0.2,,,,False
mixed_context,2048.0,0.05,0.2,ndfa_random_kronecker,0.537744140625,0.01093375732328592,0.013352481086985958,0.04412098573752793,5,3.0,synthetic,mixed_context,mixed_context|2048.0|0.05|0.2,,,,False
mixed_context,2048.0,0.05,0.4,dfa_random,0.16494140625,0.027253938956029417,0.005765085619536683,0.18839500541894352,5,3.0,synthetic,mixed_context,mixed_context|2048.0|0.05|0.4,,,,False
mixed_context,2048.0,0.05,0.4,ndfa_random,0.379443359375,0.007586189514646478,0.004631670749145906,0.032278747844695366,5,3.0,synthetic,mixed_context,mixed_context|2048.0|0.05|0.4,,,,False
mixed_context,2048.0,0.05,0.4,ndfa_random_kronecker,0.38108723958333335,0.007614683081882003,0.0,0.03230970612835684,5,3.0,synthetic,mixed_context,mixed_context|2048.0|0.05|0.4,,,,False
mixed_context,2048.0,0.15,0.0,dfa_random,0.34041341145833337,0.027242418266874617,0.029732958250003546,0.12128325677643403,5,3.0,synthetic,mixed_context,mixed_context|2048.0|0.15|0.0,,,,False
mixed_context,2048.0,0.15,0.0,ndfa_random,0.619873046875,0.0185311150977471,0.031084363448158965,0.07999767043281654,5,3.0,synthetic,mixed_context,mixed_context|2048.0|0.15|0.0,,,,False
mixed_context,2048.0,0.15,0.0,ndfa_random_kronecker,0.7071126302083333,0.011336645670774812,0.02416154949776526,0.05499324000754941,5,3.0,synthetic,mixed_context,mixed_context|2048.0|0.15|0.0,,,,False
mixed_context,2048.0,0.15,0.1,dfa_random,0.2901529947916667,0.027441739298653615,0.049460966544152066,0.13732301818602852,5,3.0,synthetic,mixed_context,mixed_context|2048.0|0.15|0.1,,,,False
mixed_context,2048.0,0.15,0.1,ndfa_random,0.5376139322916667,0.013363363700433187,0.02693100911095636,0.05388577472003329,5,3.0,synthetic,mixed_context,mixed_context|2048.0|0.15|0.1,,,,False
mixed_context,2048.0,0.15,0.1,ndfa_random_kronecker,0.5761881510416667,0.00866361023731775,0.021993127399639455,0.03546604451170845,5,3.0,synthetic,mixed_context,mixed_context|2048.0|0.15|0.1,,,,False
mixed_context,2048.0,0.15,0.2,dfa_random,0.2314615885416667,0.03797581066733759,0.0,0.23016594235647145,5,3.0,synthetic,mixed_context,mixed_context|2048.0|0.15|0.2,,,,False
mixed_context,2048.0,0.15,0.2,ndfa_random,0.46904296875,0.011940115703659002,0.02577026081605697,0.047947902480413036,5,3.0,synthetic,mixed_context,mixed_context|2048.0|0.15|0.2,,,,False
mixed_context,2048.0,0.15,0.2,ndfa_random_kronecker,0.4930826822916667,0.00875781119327042,0.022878348943245974,0.03507812453771195,5,3.0,synthetic,mixed_context,mixed_context|2048.0|0.15|0.2,,,,False
mixed_context,2048.0,0.15,0.4,dfa_random,0.16529947916666668,0.02720979850371989,0.01687800800531161,0.18806174922658198,5,3.0,synthetic,mixed_context,mixed_context|2048.0|0.15|0.4,,,,False
mixed_context,2048.0,0.15,0.4,ndfa_random,0.35541992187499993,0.0065153992977432474,0.005688878210292837,0.028445523956399668,5,3.0,synthetic,mixed_context,mixed_context|2048.0|0.15|0.4,,,,False
mixed_context,2048.0,0.15,0.4,ndfa_random_kronecker,0.3545735677083333,0.008160532016115826,0.002696252926026241,0.035700542523486145,5,3.0,synthetic,mixed_context,mixed_context|2048.0|0.15|0.4,,,,False
mixed_context,4096.0,0.05,0.0,dfa_random,0.664453125,0.06267710071639769,0.08189539887397064,0.29813794768691804,5,3.0,synthetic,mixed_context,mixed_context|4096.0|0.05|0.0,,,,False
mixed_context,4096.0,0.05,0.0,ndfa_random,0.81142578125,0.010654531092273557,0.016171457609809238,0.07003998695789938,5,3.0,synthetic,mixed_context,mixed_context|4096.0|0.05|0.0,,,,False
mixed_context,4096.0,0.05,0.0,ndfa_random_kronecker,0.8561197916666667,0.004237557391862992,0.009416467298799698,0.03433913945773949,5,3.0,synthetic,mixed_context,mixed_context|4096.0|0.05|0.0,,,,False
mixed_context,4096.0,0.05,0.1,dfa_random,0.476953125,0.04662757848678375,0.0706248046887303,0.1913728475372382,5,3.0,synthetic,mixed_context,mixed_context|4096.0|0.05|0.1,,,,False
mixed_context,4096.0,0.05,0.1,ndfa_random,0.6984049479166667,0.01023742319776133,0.0189955248051862,0.049151718942718726,5,3.0,synthetic,mixed_context,mixed_context|4096.0|0.05|0.1,,,,False
mixed_context,4096.0,0.05,0.1,ndfa_random_kronecker,0.7069498697916667,0.007454089472203774,0.008232443756561127,0.035752019537557946,5,3.0,synthetic,mixed_context,mixed_context|4096.0|0.05|0.1,,,,False
mixed_context,4096.0,0.05,0.2,dfa_random,0.30224609374999994,0.05137301219797902,0.006548401963296772,0.278444087953063,5,3.0,synthetic,mixed_context,mixed_context|4096.0|0.05|0.2,,,,False
mixed_context,4096.0,0.05,0.2,ndfa_random,0.6162923177083333,0.012954952146401773,0.015819776654162548,0.05540681188745912,5,3.0,synthetic,mixed_context,mixed_context|4096.0|0.05|0.2,,,,False
mixed_context,4096.0,0.05,0.2,ndfa_random_kronecker,0.6122721354166667,0.00679249355532542,0.009240542586002832,0.028667058706505707,5,3.0,synthetic,mixed_context,mixed_context|4096.0|0.05|0.2,,,,False
mixed_context,4096.0,0.05,0.4,dfa_random,0.18919270833333332,0.04135427992234308,0.032006402444769225,0.2878232345034495,5,3.0,synthetic,mixed_context,mixed_context|4096.0|0.05|0.4,,,,False
mixed_context,4096.0,0.05,0.4,ndfa_random,0.456787109375,0.011883238226967869,0.02007059341127826,0.047853611442227065,5,3.0,synthetic,mixed_context,mixed_context|4096.0|0.05|0.4,,,,False
mixed_context,4096.0,0.05,0.4,ndfa_random_kronecker,0.4312662760416667,0.009490132678504301,0.008111855723838384,0.03875686807962115,5,3.0,synthetic,mixed_context,mixed_context|4096.0|0.05|0.4,,,,False
mixed_context,4096.0,0.15,0.0,dfa_random,0.6331868489583333,0.04215750864467364,0.11472514364839878,0.19774192495475215,5,3.0,synthetic,mixed_context,mixed_context|4096.0|0.15|0.0,,,,False
mixed_context,4096.0,0.15,0.0,ndfa_random,0.7493489583333333,0.01317635796803342,0.021569762427426156,0.06958099262887431,5,3.0,synthetic,mixed_context,mixed_context|4096.0|0.15|0.0,,,,False
mixed_context,4096.0,0.15,0.0,ndfa_random_kronecker,0.7894205729166667,0.0071911744386524866,0.015062924784909209,0.04402120779845623,5,3.0,synthetic,mixed_context,mixed_context|4096.0|0.15|0.0,,,,False
mixed_context,4096.0,0.15,0.1,dfa_random,0.417236328125,0.0622322386766767,0.025312515489026684,0.25882898815878963,5,3.0,synthetic,mixed_context,mixed_context|4096.0|0.15|0.1,,,,False
mixed_context,4096.0,0.15,0.1,ndfa_random,0.649072265625,0.01328567730282716,0.023250996321064317,0.05977298332981996,5,3.0,synthetic,mixed_context,mixed_context|4096.0|0.15|0.1,,,,False
mixed_context,4096.0,0.15,0.1,ndfa_random_kronecker,0.6529947916666667,0.006812354689981956,0.019832692373694952,0.03044081673532347,5,3.0,synthetic,mixed_context,mixed_context|4096.0|0.15|0.1,,,,False
mixed_context,4096.0,0.15,0.2,dfa_random,0.293798828125,0.048939570084754185,0.0,0.23914863585107346,5,3.0,synthetic,mixed_context,mixed_context|4096.0|0.15|0.2,,,,False
mixed_context,4096.0,0.15,0.2,ndfa_random,0.569091796875,0.01279197475464099,0.019388226195666002,0.05269593356640051,5,3.0,synthetic,mixed_context,mixed_context|4096.0|0.15|0.2,,,,False
mixed_context,4096.0,0.15,0.2,ndfa_random_kronecker,0.5611002604166667,0.009276272895982466,0.011429414959272355,0.03761143360918854,5,3.0,synthetic,mixed_context,mixed_context|4096.0|0.15|0.2,,,,False
mixed_context,4096.0,0.15,0.4,dfa_random,0.18639322916666665,0.03904108096035897,0.018680436403004045,0.2642283538917855,5,3.0,synthetic,mixed_context,mixed_context|4096.0|0.15|0.4,,,,False
mixed_context,4096.0,0.15,0.4,ndfa_random,0.4205891927083333,0.011373215308283217,0.018086337072994913,0.04643421131156891,5,3.0,synthetic,mixed_context,mixed_context|4096.0|0.15|0.4,,,,False
mixed_context,4096.0,0.15,0.4,ndfa_random_kronecker,0.3993326822916667,0.0057860126295095834,0.013143218580946768,0.024211687992231768,5,3.0,synthetic,mixed_context,mixed_context|4096.0|0.15|0.4,,,,False
nuisance_dominant,512.0,0.05,0.0,dfa_random,0.127294921875,0.005476954527286271,0.0,0.049441453637914475,5,3.0,synthetic,nuisance_dominant,nuisance_dominant|512.0|0.05|0.0,,,,True
nuisance_dominant,512.0,0.05,0.0,ndfa_random,0.4479329427083333,0.012471898598402907,0.03744061854752228,0.05072545476780553,5,3.0,synthetic,nuisance_dominant,nuisance_dominant|512.0|0.05|0.0,,,,False
nuisance_dominant,512.0,0.05,0.0,ndfa_random_kronecker,0.6016438802083333,0.010819773379412909,0.030629709361764124,0.04515487106071379,5,3.0,synthetic,nuisance_dominant,nuisance_dominant|512.0|0.05|0.0,,,,False
nuisance_dominant,512.0,0.05,0.1,dfa_random,0.12721354166666668,0.005843076289707653,0.00029678682501323226,0.053206629032441055,5,3.0,synthetic,nuisance_dominant,nuisance_dominant|512.0|0.05|0.1,,,,True
nuisance_dominant,512.0,0.05,0.1,ndfa_random,0.3804850260416667,0.007963376695725916,0.032221373066364405,0.03465484755171017,5,3.0,synthetic,nuisance_dominant,nuisance_dominant|512.0|0.05|0.1,,,,False
nuisance_dominant,512.0,0.05,0.1,ndfa_random_kronecker,0.5120930989583333,0.008699540464461671,0.02478533078823521,0.03483901755425892,5,3.0,synthetic,nuisance_dominant,nuisance_dominant|512.0|0.05|0.1,,,,False
nuisance_dominant,512.0,0.05,0.2,dfa_random,0.12381184895833333,0.004693599547147623,0.0037738837730068196,0.04363602138700319,5,3.0,synthetic,nuisance_dominant,nuisance_dominant|512.0|0.05|0.2,,,,True
nuisance_dominant,512.0,0.05,0.2,ndfa_random,0.3338541666666667,0.012347338191144443,0.026935853200219326,0.05702982790615403,5,3.0,synthetic,nuisance_dominant,nuisance_dominant|512.0|0.05|0.2,,,,False
nuisance_dominant,512.0,0.05,0.2,ndfa_random_kronecker,0.4467936197916667,0.008470893991994011,0.025956982568791347,0.03462768013927145,5,3.0,synthetic,nuisance_dominant,nuisance_dominant|512.0|0.05|0.2,,,,False
nuisance_dominant,512.0,0.05,0.4,dfa_random,0.12438151041666665,0.005871907712240628,0.0,0.054323662993665756,5,3.0,synthetic,nuisance_dominant,nuisance_dominant|512.0|0.05|0.4,,,,True
nuisance_dominant,512.0,0.05,0.4,ndfa_random,0.2427734375,0.00852093918663875,0.018432985460702038,0.046684258619744574,5,3.0,synthetic,nuisance_dominant,nuisance_dominant|512.0|0.05|0.4,,,,False
nuisance_dominant,512.0,0.05,0.4,ndfa_random_kronecker,0.329638671875,0.00833994285411452,0.01325710820120842,0.037799865186027556,5,3.0,synthetic,nuisance_dominant,nuisance_dominant|512.0|0.05|0.4,,,,False
nuisance_dominant,512.0,0.15,0.0,dfa_random,0.12395833333333335,0.006816145082150502,0.0,0.06236295645740976,5,3.0,synthetic,nuisance_dominant,nuisance_dominant|512.0|0.15|0.0,,,,True
nuisance_dominant,512.0,0.15,0.0,ndfa_random,0.408740234375,0.011641352756630698,0.03259094969766253,0.048302575168281396,5,3.0,synthetic,nuisance_dominant,nuisance_dominant|512.0|0.15|0.0,,,,False
nuisance_dominant,512.0,0.15,0.0,ndfa_random_kronecker,0.5377766927083333,0.012033598699487988,0.03365810056490845,0.04843387787075559,5,3.0,synthetic,nuisance_dominant,nuisance_dominant|512.0|0.15|0.0,,,,False
nuisance_dominant,512.0,0.15,0.1,dfa_random,0.12801106770833334,0.006557952273914233,0.0,0.05909889280020753,5,3.0,synthetic,nuisance_dominant,nuisance_dominant|512.0|0.15|0.1,,,,True
nuisance_dominant,512.0,0.15,0.1,ndfa_random,0.35195312500000003,0.005901944968121804,0.028184058735642895,0.026424036948477666,5,3.0,synthetic,nuisance_dominant,nuisance_dominant|512.0|0.15|0.1,,,,False
nuisance_dominant,512.0,0.15,0.1,ndfa_random_kronecker,0.4635091145833333,0.008418427563264974,0.02690201242128795,0.033892575596527294,5,3.0,synthetic,nuisance_dominant,nuisance_dominant|512.0|0.15|0.1,,,,False
nuisance_dominant,512.0,0.15,0.2,dfa_random,0.12568359375,0.004446667009512809,0.0023376101852622135,0.04042924434183952,5,3.0,synthetic,nuisance_dominant,nuisance_dominant|512.0|0.15|0.2,,,,True
nuisance_dominant,512.0,0.15,0.2,ndfa_random,0.3138509114583333,0.010629887672134665,0.023831704570895652,0.05054573451311041,5,3.0,synthetic,nuisance_dominant,nuisance_dominant|512.0|0.15|0.2,,,,False
nuisance_dominant,512.0,0.15,0.2,ndfa_random_kronecker,0.410498046875,0.008118302935321021,0.024374289434351767,0.03386532173383954,5,3.0,synthetic,nuisance_dominant,nuisance_dominant|512.0|0.15|0.2,,,,False
nuisance_dominant,512.0,0.15,0.4,dfa_random,0.12819010416666665,0.007316347767246019,0.0,0.0659797024668021,5,3.0,synthetic,nuisance_dominant,nuisance_dominant|512.0|0.15|0.4,,,,True
nuisance_dominant,512.0,0.15,0.4,ndfa_random,0.2341471354166667,0.008235419750591009,0.01520331713720685,0.04529742211302805,5,3.0,synthetic,nuisance_dominant,nuisance_dominant|512.0|0.15|0.4,,,,False
nuisance_dominant,512.0,0.15,0.4,ndfa_random_kronecker,0.3101888020833333,0.009057584284391046,0.011765732011425181,0.04246597876256339,5,3.0,synthetic,nuisance_dominant,nuisance_dominant|512.0|0.15|0.4,,,,False
nuisance_dominant,1024.0,0.05,0.0,dfa_random,0.12823893229166666,0.010128354619652311,0.0,0.08985134073333499,5,3.0,synthetic,nuisance_dominant,nuisance_dominant|1024.0|0.05|0.0,,,,True
nuisance_dominant,1024.0,0.05,0.0,ndfa_random,0.6973470052083333,0.0072019415356933385,0.03650212156032038,0.034425804242000126,5,3.0,synthetic,nuisance_dominant,nuisance_dominant|1024.0|0.05|0.0,,,,False
nuisance_dominant,1024.0,0.05,0.0,ndfa_random_kronecker,0.7755533854166666,0.007897235380181075,0.022826459378990308,0.04427823050863469,5,3.0,synthetic,nuisance_dominant,nuisance_dominant|1024.0|0.05|0.0,,,,False
nuisance_dominant,1024.0,0.05,0.1,dfa_random,0.1240234375,0.010181571499201849,0.0,0.09385448870770934,5,3.0,synthetic,nuisance_dominant,nuisance_dominant|1024.0|0.05|0.1,,,,True
nuisance_dominant,1024.0,0.05,0.1,ndfa_random,0.5957356770833333,0.011852769622986675,0.041463300001704124,0.05001431163242266,5,3.0,synthetic,nuisance_dominant,nuisance_dominant|1024.0|0.05|0.1,,,,False
nuisance_dominant,1024.0,0.05,0.1,ndfa_random_kronecker,0.6398600260416666,0.010071898121244567,0.029531486102129727,0.04369195293921135,5,3.0,synthetic,nuisance_dominant,nuisance_dominant|1024.0|0.05|0.1,,,,False
nuisance_dominant,1024.0,0.05,0.2,dfa_random,0.12503255208333333,0.008966754828755882,0.0,0.08346477605478088,5,3.0,synthetic,nuisance_dominant,nuisance_dominant|1024.0|0.05|0.2,,,,True
nuisance_dominant,1024.0,0.05,0.2,ndfa_random,0.5114583333333333,0.011695499667545267,0.04972168232478449,0.047006893941319336,5,3.0,synthetic,nuisance_dominant,nuisance_dominant|1024.0|0.05|0.2,,,,False
nuisance_dominant,1024.0,0.05,0.2,ndfa_random_kronecker,0.5449055989583333,0.006262258587699969,0.037277767638729246,0.025416735447446954,5,3.0,synthetic,nuisance_dominant,nuisance_dominant|1024.0|0.05|0.2,,,,False
nuisance_dominant,1024.0,0.05,0.4,dfa_random,0.12423502604166667,0.008084950655611845,0.0,0.07472401656618138,5,3.0,synthetic,nuisance_dominant,nuisance_dominant|1024.0|0.05|0.4,,,,True
nuisance_dominant,1024.0,0.05,0.4,ndfa_random,0.3658528645833333,0.013081472973260561,0.04069330228317314,0.05642494696145389,5,3.0,synthetic,nuisance_dominant,nuisance_dominant|1024.0|0.05|0.4,,,,False
nuisance_dominant,1024.0,0.05,0.4,ndfa_random_kronecker,0.3963541666666667,0.010036129850915645,0.029505146202746992,0.04143293698088096,5,3.0,synthetic,nuisance_dominant,nuisance_dominant|1024.0|0.05|0.4,,,,False
nuisance_dominant,1024.0,0.15,0.0,dfa_random,0.12753906249999997,0.005837633273817681,0.0,0.05169802646737042,5,3.0,synthetic,nuisance_dominant,nuisance_dominant|1024.0|0.15|0.0,,,,True
nuisance_dominant,1024.0,0.15,0.0,ndfa_random,0.6271972656249999,0.007972602660892902,0.041063940261982665,0.03441305060719639,5,3.0,synthetic,nuisance_dominant,nuisance_dominant|1024.0|0.15|0.0,,,,False
nuisance_dominant,1024.0,0.15,0.0,ndfa_random_kronecker,0.6924641927083333,0.007223977666240879,0.032026177808491124,0.033580908988701474,5,3.0,synthetic,nuisance_dominant,nuisance_dominant|1024.0|0.15|0.0,,,,False
nuisance_dominant,1024.0,0.15,0.1,dfa_random,0.12888997395833332,0.007533099990651717,0.0,0.06669678899267749,5,3.0,synthetic,nuisance_dominant,nuisance_dominant|1024.0|0.15|0.1,,,,True
nuisance_dominant,1024.0,0.15,0.1,ndfa_random,0.538134765625,0.013283284349403063,0.0411245121822264,0.053896671245188855,5,3.0,synthetic,nuisance_dominant,nuisance_dominant|1024.0|0.15|0.1,,,,False
nuisance_dominant,1024.0,0.15,0.1,ndfa_random_kronecker,0.5776204427083333,0.01057047146989893,0.03734982762521791,0.04385781145332516,5,3.0,synthetic,nuisance_dominant,nuisance_dominant|1024.0|0.15|0.1,,,,False
nuisance_dominant,1024.0,0.15,0.2,dfa_random,0.13024088541666667,0.005465333870720137,0.0031422667843388017,0.04791965221847986,5,3.0,synthetic,nuisance_dominant,nuisance_dominant|1024.0|0.15|0.2,,,,True
nuisance_dominant,1024.0,0.15,0.2,ndfa_random,0.4653157552083334,0.013194439982809461,0.04619495753660064,0.05286924070941452,5,3.0,synthetic,nuisance_dominant,nuisance_dominant|1024.0|0.15|0.2,,,,False
nuisance_dominant,1024.0,0.15,0.2,ndfa_random_kronecker,0.496044921875,0.007312544950254695,0.03867931187424475,0.029281575951963474,5,3.0,synthetic,nuisance_dominant,nuisance_dominant|1024.0|0.15|0.2,,,,False
nuisance_dominant,1024.0,0.15,0.4,dfa_random,0.125537109375,0.004455148337620766,0.003317977982147352,0.040575613699465184,5,3.0,synthetic,nuisance_dominant,nuisance_dominant|1024.0|0.15|0.4,,,,True
nuisance_dominant,1024.0,0.15,0.4,ndfa_random,0.341748046875,0.012025836205437974,0.03431426182763161,0.05271483747824438,5,3.0,synthetic,nuisance_dominant,nuisance_dominant|1024.0|0.15|0.4,,,,False
nuisance_dominant,1024.0,0.15,0.4,ndfa_random_kronecker,0.36886393229166664,0.010094557974869816,0.030572487493965416,0.04305336922456197,5,3.0,synthetic,nuisance_dominant,nuisance_dominant|1024.0|0.15|0.4,,,,False
nuisance_dominant,2048.0,0.05,0.0,dfa_random,0.132666015625,0.02209834566210309,0.0,0.17787803742562097,5,3.0,synthetic,nuisance_dominant,nuisance_dominant|2048.0|0.05|0.0,,,,True
nuisance_dominant,2048.0,0.05,0.0,ndfa_random,0.8189778645833332,0.008073638555593579,0.011076232021473918,0.054525173973655326,5,3.0,synthetic,nuisance_dominant,nuisance_dominant|2048.0|0.05|0.0,,,,False
nuisance_dominant,2048.0,0.05,0.0,ndfa_random_kronecker,0.8527669270833333,0.006002417924905856,0.008373584494843104,0.04888800315988609,5,3.0,synthetic,nuisance_dominant,nuisance_dominant|2048.0|0.05|0.0,,,,False
nuisance_dominant,2048.0,0.05,0.1,dfa_random,0.12931315104166666,0.009145774151748892,0.0,0.08224170281760673,5,3.0,synthetic,nuisance_dominant,nuisance_dominant|2048.0|0.05|0.1,,,,True
nuisance_dominant,2048.0,0.05,0.1,ndfa_random,0.7004394531250001,0.009097637590886297,0.014942456709226937,0.043032206222801926,5,3.0,synthetic,nuisance_dominant,nuisance_dominant|2048.0|0.05|0.1,,,,False
nuisance_dominant,2048.0,0.05,0.1,ndfa_random_kronecker,0.7035807291666667,0.006461199052860359,0.011334834541676622,0.03093286139778148,5,3.0,synthetic,nuisance_dominant,nuisance_dominant|2048.0|0.05|0.1,,,,False
nuisance_dominant,2048.0,0.05,0.2,dfa_random,0.12249348958333332,0.005984185039005285,0.0029362358096455513,0.055557380383483804,5,3.0,synthetic,nuisance_dominant,nuisance_dominant|2048.0|0.05|0.2,,,,True
nuisance_dominant,2048.0,0.05,0.2,ndfa_random,0.6072591145833333,0.015326639511086555,0.00921836981555169,0.0644522478891966,5,3.0,synthetic,nuisance_dominant,nuisance_dominant|2048.0|0.05|0.2,,,,False
nuisance_dominant,2048.0,0.05,0.2,ndfa_random_kronecker,0.594921875,0.007182881073606755,0.00963505237337458,0.029778212197120988,5,3.0,synthetic,nuisance_dominant,nuisance_dominant|2048.0|0.05|0.2,,,,False
nuisance_dominant,2048.0,0.05,0.4,dfa_random,0.1244140625,0.005260838658494136,0.0,0.0482354549838084,5,3.0,synthetic,nuisance_dominant,nuisance_dominant|2048.0|0.05|0.4,,,,True
nuisance_dominant,2048.0,0.05,0.4,ndfa_random,0.4519694010416667,0.015654853276268067,0.009585849321120946,0.06318573546212633,5,3.0,synthetic,nuisance_dominant,nuisance_dominant|2048.0|0.05|0.4,,,,False
nuisance_dominant,2048.0,0.05,0.4,ndfa_random_kronecker,0.4408365885416667,0.00789572572928376,0.006535139824764969,0.03198314496850318,5,3.0,synthetic,nuisance_dominant,nuisance_dominant|2048.0|0.05|0.4,,,,False
nuisance_dominant,2048.0,0.15,0.0,dfa_random,0.13203125,0.00648636507802758,0.008784050159772811,0.05561978458384225,5,3.0,synthetic,nuisance_dominant,nuisance_dominant|2048.0|0.15|0.0,,,,True
nuisance_dominant,2048.0,0.15,0.0,ndfa_random,0.741455078125,0.009213734787375659,0.025357960613819834,0.04902525019382929,5,3.0,synthetic,nuisance_dominant,nuisance_dominant|2048.0|0.15|0.0,,,,False
nuisance_dominant,2048.0,0.15,0.0,ndfa_random_kronecker,0.76845703125,0.007777581061040215,0.0239655525277499,0.044646113625759605,5,3.0,synthetic,nuisance_dominant,nuisance_dominant|2048.0|0.15|0.0,,,,False
nuisance_dominant,2048.0,0.15,0.1,dfa_random,0.1310546875,0.007423909226432607,0.0,0.0652065317972904,5,3.0,synthetic,nuisance_dominant,nuisance_dominant|2048.0|0.15|0.1,,,,True
nuisance_dominant,2048.0,0.15,0.1,ndfa_random,0.6356608072916667,0.007766588730755306,0.024111830991652334,0.033735306638009235,5,3.0,synthetic,nuisance_dominant,nuisance_dominant|2048.0|0.15|0.1,,,,False
nuisance_dominant,2048.0,0.15,0.1,ndfa_random_kronecker,0.6336100260416667,0.006533974305973341,0.019872257051386132,0.028438888666973205,5,3.0,synthetic,nuisance_dominant,nuisance_dominant|2048.0|0.15|0.1,,,,False
nuisance_dominant,2048.0,0.15,0.2,dfa_random,0.12864583333333332,0.007212417092554749,0.0032178644075142493,0.06169373338401134,5,3.0,synthetic,nuisance_dominant,nuisance_dominant|2048.0|0.15|0.2,,,,True
nuisance_dominant,2048.0,0.15,0.2,ndfa_random,0.5509928385416667,0.010253712485768462,0.017991008885397463,0.04149091965155958,5,3.0,synthetic,nuisance_dominant,nuisance_dominant|2048.0|0.15|0.2,,,,False
nuisance_dominant,2048.0,0.15,0.2,ndfa_random_kronecker,0.5409830729166666,0.0076024099611375715,0.01528308612425262,0.03067723620097268,5,3.0,synthetic,nuisance_dominant,nuisance_dominant|2048.0|0.15|0.2,,,,False
nuisance_dominant,2048.0,0.15,0.4,dfa_random,0.125244140625,0.004546525135540929,0.0026226658207023053,0.04085779389780934,5,3.0,synthetic,nuisance_dominant,nuisance_dominant|2048.0|0.15|0.4,,,,True
nuisance_dominant,2048.0,0.15,0.4,ndfa_random,0.4149088541666667,0.016123512179713164,0.0074673602923014054,0.06630821612378589,5,3.0,synthetic,nuisance_dominant,nuisance_dominant|2048.0|0.15|0.4,,,,False
nuisance_dominant,2048.0,0.15,0.4,ndfa_random_kronecker,0.402197265625,0.00795189165046402,0.005919032684919365,0.03310215640918898,5,3.0,synthetic,nuisance_dominant,nuisance_dominant|2048.0|0.15|0.4,,,,False
nuisance_dominant,4096.0,0.05,0.0,dfa_random,0.20760091145833334,0.05212498588775273,0.03611908156309573,0.3169136007512947,5,3.0,synthetic,nuisance_dominant,nuisance_dominant|4096.0|0.05|0.0,,,,False
nuisance_dominant,4096.0,0.05,0.0,ndfa_random,0.86552734375,0.005029138852695435,0.011973210941289543,0.04436077589588312,5,3.0,synthetic,nuisance_dominant,nuisance_dominant|4096.0|0.05|0.0,,,,False
nuisance_dominant,4096.0,0.05,0.0,ndfa_random_kronecker,0.8839680989583332,0.004359579612460307,0.00913131631126061,0.04330261314409059,5,3.0,synthetic,nuisance_dominant,nuisance_dominant|4096.0|0.05|0.0,,,,False
nuisance_dominant,4096.0,0.05,0.1,dfa_random,0.14173177083333333,0.01896581425329604,0.0,0.14538155770630687,5,3.0,synthetic,nuisance_dominant,nuisance_dominant|4096.0|0.05|0.1,,,,False
nuisance_dominant,4096.0,0.05,0.1,ndfa_random,0.7502604166666667,0.011465775356102244,0.015595493006035568,0.06152324468429468,5,3.0,synthetic,nuisance_dominant,nuisance_dominant|4096.0|0.05|0.1,,,,False
nuisance_dominant,4096.0,0.05,0.1,ndfa_random_kronecker,0.7380208333333333,0.009851712029351095,0.014631179250439013,0.05087866030939648,5,3.0,synthetic,nuisance_dominant,nuisance_dominant|4096.0|0.05|0.1,,,,False
nuisance_dominant,4096.0,0.05,0.2,dfa_random,0.13937174479166667,0.022755949395260103,0.0,0.18194529287051042,5,3.0,synthetic,nuisance_dominant,nuisance_dominant|4096.0|0.05|0.2,,,,False
nuisance_dominant,4096.0,0.05,0.2,ndfa_random,0.65732421875,0.015464723621739167,0.013030874830863255,0.0679860421517061,5,3.0,synthetic,nuisance_dominant,nuisance_dominant|4096.0|0.05|0.2,,,,False
nuisance_dominant,4096.0,0.05,0.2,ndfa_random_kronecker,0.6426595052083334,0.01123595172992757,0.010420258220760639,0.04882144909207805,5,3.0,synthetic,nuisance_dominant,nuisance_dominant|4096.0|0.05|0.2,,,,False
nuisance_dominant,4096.0,0.05,0.4,dfa_random,0.12517903645833334,0.005436904465374458,0.0040851729783790754,0.047978206431389295,5,3.0,synthetic,nuisance_dominant,nuisance_dominant|4096.0|0.05|0.4,,,,True
nuisance_dominant,4096.0,0.05,0.4,ndfa_random,0.4912434895833333,0.016247737433569175,0.014009172084130264,0.06509119307306283,5,3.0,synthetic,nuisance_dominant,nuisance_dominant|4096.0|0.05|0.4,,,,False
nuisance_dominant,4096.0,0.05,0.4,ndfa_random_kronecker,0.44033203125,0.017421105885314342,0.018663908084759144,0.0712899748304448,5,3.0,synthetic,nuisance_dominant,nuisance_dominant|4096.0|0.05|0.4,,,,False
nuisance_dominant,4096.0,0.15,0.0,dfa_random,0.2063639322916667,0.09639253969146457,0.025706048584679286,0.518750039094605,5,3.0,synthetic,nuisance_dominant,nuisance_dominant|4096.0|0.15|0.0,,,,False
nuisance_dominant,4096.0,0.15,0.0,ndfa_random,0.7807454427083333,0.004351368615004834,0.023704659197951772,0.026193608043211674,5,3.0,synthetic,nuisance_dominant,nuisance_dominant|4096.0|0.15|0.0,,,,False
nuisance_dominant,4096.0,0.15,0.0,ndfa_random_kronecker,0.7907552083333333,0.005782577774573736,0.023847692130135816,0.03531614640482797,5,3.0,synthetic,nuisance_dominant,nuisance_dominant|4096.0|0.15|0.0,,,,False
nuisance_dominant,4096.0,0.15,0.1,dfa_random,0.1599609375,0.024043492988843645,0.005500904798740328,0.17513509367267885,5,3.0,synthetic,nuisance_dominant,nuisance_dominant|4096.0|0.15|0.1,,,,False
nuisance_dominant,4096.0,0.15,0.1,ndfa_random,0.6805989583333333,0.010300882905321777,0.02284793372110845,0.047575773157303845,5,3.0,synthetic,nuisance_dominant,nuisance_dominant|4096.0|0.15|0.1,,,,False
nuisance_dominant,4096.0,0.15,0.1,ndfa_random_kronecker,0.6578613281250001,0.004706281546883394,0.024254974838114812,0.020697477290682827,5,3.0,synthetic,nuisance_dominant,nuisance_dominant|4096.0|0.15|0.1,,,,False
nuisance_dominant,4096.0,0.15,0.2,dfa_random,0.13326822916666667,0.00928569217301974,0.009120031272693277,0.07996870274307963,5,3.0,synthetic,nuisance_dominant,nuisance_dominant|4096.0|0.15|0.2,,,,True
nuisance_dominant,4096.0,0.15,0.2,ndfa_random,0.594580078125,0.015375303849523406,0.01685715929268667,0.06381720574734981,5,3.0,synthetic,nuisance_dominant,nuisance_dominant|4096.0|0.15|0.2,,,,False
nuisance_dominant,4096.0,0.15,0.2,ndfa_random_kronecker,0.5693684895833333,0.011063638574661692,0.016717146878810606,0.04512223095210369,5,3.0,synthetic,nuisance_dominant,nuisance_dominant|4096.0|0.15|0.2,,,,False
nuisance_dominant,4096.0,0.15,0.4,dfa_random,0.12599283854166665,0.007511706223446826,0.0,0.06759643482889487,5,3.0,synthetic,nuisance_dominant,nuisance_dominant|4096.0|0.15|0.4,,,,True
nuisance_dominant,4096.0,0.15,0.4,ndfa_random,0.443408203125,0.013333595193834636,0.016697346741644935,0.05373528919509433,5,3.0,synthetic,nuisance_dominant,nuisance_dominant|4096.0|0.15|0.4,,,,False
nuisance_dominant,4096.0,0.15,0.4,ndfa_random_kronecker,0.4060384114583334,0.01356552174741322,0.011330013190861568,0.05647216408759482,5,3.0,synthetic,nuisance_dominant,nuisance_dominant|4096.0|0.15|0.4,,,,False
task_aligned,512.0,0.05,0.0,dfa_random,0.9229817708333334,0.015016004713049263,0.009682021967849407,0.1824069971117974,5,3.0,synthetic,task_aligned,task_aligned|512.0|0.05|0.0,,,,False
task_aligned,512.0,0.05,0.0,ndfa_random,0.9412272135416668,0.0029113193722195003,0.00425798172765129,0.0531638080971905,5,3.0,synthetic,task_aligned,task_aligned|512.0|0.05|0.0,,,,False
task_aligned,512.0,0.05,0.0,ndfa_random_kronecker,0.9426920572916666,0.0024365185448973923,0.004870862112185998,0.045112057205256656,5,3.0,synthetic,task_aligned,task_aligned|512.0|0.05|0.0,,,,False
task_aligned,512.0,0.05,0.1,dfa_random,0.8425130208333333,0.03338013383525015,0.01695747581394601,0.24716265261682155,5,3.0,synthetic,task_aligned,task_aligned|512.0|0.05|0.1,,,,False
task_aligned,512.0,0.05,0.1,ndfa_random,0.9234700520833334,0.004235681536351922,0.006038773381028226,0.05788500481894705,5,3.0,synthetic,task_aligned,task_aligned|512.0|0.05|0.1,,,,False
task_aligned,512.0,0.05,0.1,ndfa_random_kronecker,0.8944986979166666,0.006090480873068899,0.0,0.06383897648527471,5,3.0,synthetic,task_aligned,task_aligned|512.0|0.05|0.1,,,,False
task_aligned,512.0,0.05,0.2,dfa_random,0.7416992187499999,0.08102997552507189,0.052668909952619386,0.413264432168221,5,3.0,synthetic,task_aligned,task_aligned|512.0|0.05|0.2,,,,False
task_aligned,512.0,0.05,0.2,ndfa_random,0.9056640625,0.005537921682222583,0.004408148871193916,0.06622409543588278,5,3.0,synthetic,task_aligned,task_aligned|512.0|0.05|0.2,,,,False
task_aligned,512.0,0.05,0.2,ndfa_random_kronecker,0.8472005208333332,0.004935023592164947,0.007792553339535524,0.03785725976300256,5,3.0,synthetic,task_aligned,task_aligned|512.0|0.05|0.2,,,,False
task_aligned,512.0,0.05,0.4,dfa_random,0.6615397135416666,0.08774689401344503,0.045443221328885744,0.3732534216501944,5,3.0,synthetic,task_aligned,task_aligned|512.0|0.05|0.4,,,,False
task_aligned,512.0,0.05,0.4,ndfa_random,0.8570475260416666,0.007515936979188304,0.011818244447816352,0.05936104858772557,5,3.0,synthetic,task_aligned,task_aligned|512.0|0.05|0.4,,,,False
task_aligned,512.0,0.05,0.4,ndfa_random_kronecker,0.6926920572916667,0.01692125268920778,0.025332039302268124,0.0801575020532516,5,3.0,synthetic,task_aligned,task_aligned|512.0|0.05|0.4,,,,False
task_aligned,512.0,0.15,0.0,dfa_random,0.9067708333333334,0.023481962627027977,0.012912118377577253,0.23943543160933078,5,3.0,synthetic,task_aligned,task_aligned|512.0|0.15|0.0,,,,False
task_aligned,512.0,0.15,0.0,ndfa_random,0.921875,0.0023434108912664016,0.007026604895878175,0.033408657328575155,5,3.0,synthetic,task_aligned,task_aligned|512.0|0.15|0.0,,,,False
task_aligned,512.0,0.15,0.0,ndfa_random_kronecker,0.9208170572916666,0.0025481233560274417,0.007555967187264877,0.03460682400716761,5,3.0,synthetic,task_aligned,task_aligned|512.0|0.15|0.0,,,,False
task_aligned,512.0,0.15,0.1,dfa_random,0.805517578125,0.04775064427338927,0.04247554199958648,0.2894542212264919,5,3.0,synthetic,task_aligned,task_aligned|512.0|0.15|0.1,,,,False
task_aligned,512.0,0.15,0.1,ndfa_random,0.903369140625,0.006471338611074949,0.004858337095247159,0.0720478894010065,5,3.0,synthetic,task_aligned,task_aligned|512.0|0.15|0.1,,,,False
task_aligned,512.0,0.15,0.1,ndfa_random_kronecker,0.8679036458333333,0.00561063273859342,0.002632369862320753,0.049014457068392754,5,3.0,synthetic,task_aligned,task_aligned|512.0|0.15|0.1,,,,False
task_aligned,512.0,0.15,0.2,dfa_random,0.739501953125,0.05812119556951954,0.07382844614253986,0.3119332778996353,5,3.0,synthetic,task_aligned,task_aligned|512.0|0.15|0.2,,,,False
task_aligned,512.0,0.15,0.2,ndfa_random,0.88330078125,0.006156669589491011,0.0063229332074740295,0.05969224458023351,5,3.0,synthetic,task_aligned,task_aligned|512.0|0.15|0.2,,,,False
task_aligned,512.0,0.15,0.2,ndfa_random_kronecker,0.8109049479166668,0.004951903761241297,0.013903898499893775,0.03156714245278893,5,3.0,synthetic,task_aligned,task_aligned|512.0|0.15|0.2,,,,False
task_aligned,512.0,0.15,0.4,dfa_random,0.6212565104166667,0.12379653479574985,0.0,0.5284809132009818,5,3.0,synthetic,task_aligned,task_aligned|512.0|0.15|0.4,,,,False
task_aligned,512.0,0.15,0.4,ndfa_random,0.8212890625,0.008723032128810697,0.01808366380849545,0.057607077688190345,5,3.0,synthetic,task_aligned,task_aligned|512.0|0.15|0.4,,,,False
task_aligned,512.0,0.15,0.4,ndfa_random_kronecker,0.6466959635416666,0.011472704573726398,0.02486022179242502,0.0512205510337255,5,3.0,synthetic,task_aligned,task_aligned|512.0|0.15|0.4,,,,False
task_aligned,1024.0,0.05,0.0,dfa_random,0.9346354166666666,0.009000592176947354,0.0,0.1469147536803522,5,3.0,synthetic,task_aligned,task_aligned|1024.0|0.05|0.0,,,,False
task_aligned,1024.0,0.05,0.0,ndfa_random,0.9516764322916667,0.002568316054371663,0.0026234232693305654,0.05611716038330396,5,3.0,synthetic,task_aligned,task_aligned|1024.0|0.05|0.0,,,,False
task_aligned,1024.0,0.05,0.0,ndfa_random_kronecker,0.951904296875,0.002511209154418709,0.0015990745013488906,0.055900852127501795,5,3.0,synthetic,task_aligned,task_aligned|1024.0|0.05|0.0,,,,False
task_aligned,1024.0,0.05,0.1,dfa_random,0.8511067708333334,0.06078784530931695,0.0,0.5035153677465336,5,3.0,synthetic,task_aligned,task_aligned|1024.0|0.05|0.1,,,,False
task_aligned,1024.0,0.05,0.1,ndfa_random,0.93125,0.002447096233995354,0.0,0.037986485346103084,5,3.0,synthetic,task_aligned,task_aligned|1024.0|0.05|0.1,,,,False
task_aligned,1024.0,0.05,0.1,ndfa_random_kronecker,0.902734375,0.0044170790185911165,0.0,0.04960939100745535,5,3.0,synthetic,task_aligned,task_aligned|1024.0|0.05|0.1,,,,False
task_aligned,1024.0,0.05,0.2,dfa_random,0.7220377604166667,0.158643459804093,0.0,0.8590510896295681,5,3.0,synthetic,task_aligned,task_aligned|1024.0|0.05|0.2,,,,False
task_aligned,1024.0,0.05,0.2,ndfa_random,0.91455078125,0.00291881663690884,0.006022795220048672,0.03849795266235324,5,3.0,synthetic,task_aligned,task_aligned|1024.0|0.05|0.2,,,,False
task_aligned,1024.0,0.05,0.2,ndfa_random_kronecker,0.8479166666666668,0.007587498900629726,0.017789460390086564,0.058244727774129874,5,3.0,synthetic,task_aligned,task_aligned|1024.0|0.05|0.2,,,,False
task_aligned,1024.0,0.05,0.4,dfa_random,0.5925130208333333,0.15684363448027341,0.08320227489723679,0.7230234150691617,5,3.0,synthetic,task_aligned,task_aligned|1024.0|0.05|0.4,,,,False
task_aligned,1024.0,0.05,0.4,ndfa_random,0.86123046875,0.002638526579317636,0.01058202467108853,0.02225148941517319,5,3.0,synthetic,task_aligned,task_aligned|1024.0|0.05|0.4,,,,False
task_aligned,1024.0,0.05,0.4,ndfa_random_kronecker,0.6951985677083333,0.01309574196411715,0.01602425691545112,0.06291915092918245,5,3.0,synthetic,task_aligned,task_aligned|1024.0|0.05|0.4,,,,False
task_aligned,1024.0,0.15,0.0,dfa_random,0.9191243489583332,0.00894368119336631,0.0,0.12271988307405993,5,3.0,synthetic,task_aligned,task_aligned|1024.0|0.15|0.0,,,,False
task_aligned,1024.0,0.15,0.0,ndfa_random,0.9322102864583334,0.0021330309931772715,0.0027027542163762393,0.03352925594083949,5,3.0,synthetic,task_aligned,task_aligned|1024.0|0.15|0.0,,,,False
task_aligned,1024.0,0.15,0.0,ndfa_random_kronecker,0.9300455729166666,0.002511209154418709,0.0035981649655130402,0.03896140777781707,5,3.0,synthetic,task_aligned,task_aligned|1024.0|0.15|0.0,,,,False
task_aligned,1024.0,0.15,0.1,dfa_random,0.8035481770833333,0.09245138385700452,0.02220813549781458,0.5771934874669633,5,3.0,synthetic,task_aligned,task_aligned|1024.0|0.15|0.1,,,,False
task_aligned,1024.0,0.15,0.1,ndfa_random,0.9103841145833333,0.0025064575718184764,0.004115135703050303,0.031171247808280778,5,3.0,synthetic,task_aligned,task_aligned|1024.0|0.15|0.1,,,,False
task_aligned,1024.0,0.15,0.1,ndfa_random_kronecker,0.87314453125,0.003320073137818238,0.008002989435609729,0.030278858914224244,5,3.0,synthetic,task_aligned,task_aligned|1024.0|0.15|0.1,,,,False
task_aligned,1024.0,0.15,0.2,dfa_random,0.7064778645833333,0.12472379686758223,0.01133649962270307,0.701861613165319,5,3.0,synthetic,task_aligned,task_aligned|1024.0|0.15|0.2,,,,False
task_aligned,1024.0,0.15,0.2,ndfa_random,0.887939453125,0.005341790923975966,0.010267879915179282,0.054206121546480926,5,3.0,synthetic,task_aligned,task_aligned|1024.0|0.15|0.2,,,,False
task_aligned,1024.0,0.15,0.2,ndfa_random_kronecker,0.8036783854166666,0.007177623652774129,0.02595528581343379,0.045574189282142935,5,3.0,synthetic,task_aligned,task_aligned|1024.0|0.15|0.2,,,,False
task_aligned,1024.0,0.15,0.4,dfa_random,0.5295247395833333,0.11610403406416374,0.12234397763658317,0.4929531811355343,5,3.0,synthetic,task_aligned,task_aligned|1024.0|0.15|0.4,,,,False
task_aligned,1024.0,0.15,0.4,ndfa_random,0.8079427083333334,0.005629016713654141,0.02152928753826236,0.03524498078394822,5,3.0,synthetic,task_aligned,task_aligned|1024.0|0.15|0.4,,,,False
task_aligned,1024.0,0.15,0.4,ndfa_random_kronecker,0.6312662760416666,0.014449055416644653,0.023096571967118465,0.06288297009968317,5,3.0,synthetic,task_aligned,task_aligned|1024.0|0.15|0.4,,,,False
task_aligned,2048.0,0.05,0.0,dfa_random,0.9365234375,0.014970021490516093,0.005359428917082585,0.23736363581878178,5,3.0,synthetic,task_aligned,task_aligned|2048.0|0.05|0.0,,,,False
task_aligned,2048.0,0.05,0.0,ndfa_random,0.9608561197916666,0.001969333784147679,0.0023737366645790467,0.05341940154435405,5,3.0,synthetic,task_aligned,task_aligned|2048.0|0.05|0.0,,,,False
task_aligned,2048.0,0.05,0.0,ndfa_random_kronecker,0.9617838541666668,0.0025512403276588148,0.0011770628080575807,0.0676301145651778,5,3.0,synthetic,task_aligned,task_aligned|2048.0|0.05|0.0,,,,False
task_aligned,2048.0,0.05,0.1,dfa_random,0.8408854166666668,0.09058180908867239,0.04597170057637864,0.6105348968912357,5,3.0,synthetic,task_aligned,task_aligned|2048.0|0.05|0.1,,,,False
task_aligned,2048.0,0.05,0.1,ndfa_random,0.9435546875,0.002905854666562032,0.0028288256747300306,0.051260872601332746,5,3.0,synthetic,task_aligned,task_aligned|2048.0|0.05|0.1,,,,False
task_aligned,2048.0,0.05,0.1,ndfa_random_kronecker,0.9179850260416668,0.0050279535271058025,0.004663803107572401,0.06483523504084929,5,3.0,synthetic,task_aligned,task_aligned|2048.0|0.05|0.1,,,,False
task_aligned,2048.0,0.05,0.2,dfa_random,0.6910481770833333,0.15219095506865,0.0,0.8078510010371439,5,3.0,synthetic,task_aligned,task_aligned|2048.0|0.05|0.2,,,,False
task_aligned,2048.0,0.05,0.2,ndfa_random,0.930322265625,0.003318277371092893,0.0055821128384253025,0.051766928991307186,5,3.0,synthetic,task_aligned,task_aligned|2048.0|0.05|0.2,,,,False
task_aligned,2048.0,0.05,0.2,ndfa_random_kronecker,0.86552734375,0.009205105268963268,0.0072540311020292325,0.0795675335686675,5,3.0,synthetic,task_aligned,task_aligned|2048.0|0.05|0.2,,,,False
task_aligned,2048.0,0.05,0.4,dfa_random,0.405029296875,0.11818079133799202,0.06787677744143586,0.5222020841178038,5,3.0,synthetic,task_aligned,task_aligned|2048.0|0.05|0.4,,,,False
task_aligned,2048.0,0.05,0.4,ndfa_random,0.8744791666666666,0.008696799444449992,0.011426169596246356,0.07873980407161182,5,3.0,synthetic,task_aligned,task_aligned|2048.0|0.05|0.4,,,,False
task_aligned,2048.0,0.05,0.4,ndfa_random_kronecker,0.6986328125,0.018447189802098453,0.007084940559702019,0.08840748491825935,5,3.0,synthetic,task_aligned,task_aligned|2048.0|0.05|0.4,,,,False
task_aligned,2048.0,0.15,0.0,dfa_random,0.9175618489583333,0.015711354997988005,0.006782590000249013,0.1960287166123563,5,3.0,synthetic,task_aligned,task_aligned|2048.0|0.15|0.0,,,,False
task_aligned,2048.0,0.15,0.0,ndfa_random,0.9388509114583332,0.0025798937962479424,0.005027360759509735,0.04608957424540208,5,3.0,synthetic,task_aligned,task_aligned|2048.0|0.15|0.0,,,,False
task_aligned,2048.0,0.15,0.0,ndfa_random_kronecker,0.9346028645833332,0.002561344289289902,0.004703959073176272,0.041523082095767966,5,3.0,synthetic,task_aligned,task_aligned|2048.0|0.15|0.0,,,,False
task_aligned,2048.0,0.15,0.1,dfa_random,0.8234375,0.09609671900848202,0.0,0.6217282171167956,5,3.0,synthetic,task_aligned,task_aligned|2048.0|0.15|0.1,,,,False
task_aligned,2048.0,0.15,0.1,ndfa_random,0.9188639322916666,0.0028289427303928314,0.003373796130563781,0.0377885309268325,5,3.0,synthetic,task_aligned,task_aligned|2048.0|0.15|0.1,,,,False
task_aligned,2048.0,0.15,0.1,ndfa_random_kronecker,0.8790852864583334,0.0072338720247048845,0.0044472627181375655,0.06791868488965759,5,3.0,synthetic,task_aligned,task_aligned|2048.0|0.15|0.1,,,,False
task_aligned,2048.0,0.15,0.2,dfa_random,0.6778645833333332,0.1226798907456452,0.0,0.6499916605708441,5,3.0,synthetic,task_aligned,task_aligned|2048.0|0.15|0.2,,,,False
task_aligned,2048.0,0.15,0.2,ndfa_random,0.8984049479166666,0.00456005194494989,0.007227139836524166,0.047679280024099144,5,3.0,synthetic,task_aligned,task_aligned|2048.0|0.15|0.2,,,,False
task_aligned,2048.0,0.15,0.2,ndfa_random_kronecker,0.8090983072916668,0.00567366564239522,0.00617551929385597,0.03722280780100628,5,3.0,synthetic,task_aligned,task_aligned|2048.0|0.15|0.2,,,,False
task_aligned,2048.0,0.15,0.4,dfa_random,0.444482421875,0.111123236683321,0.0,0.46443371202394895,5,3.0,synthetic,task_aligned,task_aligned|2048.0|0.15|0.4,,,,False
task_aligned,2048.0,0.15,0.4,ndfa_random,0.8033528645833334,0.008837980547424672,0.00923796208954725,0.05527029415010202,5,3.0,synthetic,task_aligned,task_aligned|2048.0|0.15|0.4,,,,False
task_aligned,2048.0,0.15,0.4,ndfa_random_kronecker,0.6257649739583333,0.011923797465750237,0.01966520362196593,0.050692800270598554,5,3.0,synthetic,task_aligned,task_aligned|2048.0|0.15|0.4,,,,False
task_aligned,4096.0,0.05,0.0,dfa_random,0.9478678385416668,0.013516368220774296,0.009282910199569665,0.2255928894056103,5,3.0,synthetic,task_aligned,task_aligned|4096.0|0.05|0.0,,,,False
task_aligned,4096.0,0.05,0.0,ndfa_random,0.9698567708333334,0.0010396301707468302,0.00379784962338082,0.035214765871576285,5,3.0,synthetic,task_aligned,task_aligned|4096.0|0.05|0.0,,,,False
task_aligned,4096.0,0.05,0.0,ndfa_random_kronecker,0.9711263020833334,0.0013025918603331282,0.002513976763552889,0.04392264403203864,5,3.0,synthetic,task_aligned,task_aligned|4096.0|0.05|0.0,,,,False
task_aligned,4096.0,0.05,0.1,dfa_random,0.775830078125,0.1311377150992491,0.0631695435153215,0.7964163001351303,5,3.0,synthetic,task_aligned,task_aligned|4096.0|0.05|0.1,,,,False
task_aligned,4096.0,0.05,0.1,ndfa_random,0.948876953125,0.002431621015232174,0.004292063475600129,0.049119769646407116,5,3.0,synthetic,task_aligned,task_aligned|4096.0|0.05|0.1,,,,False
task_aligned,4096.0,0.05,0.1,ndfa_random_kronecker,0.9181803385416666,0.005825026819606702,0.00410102961878142,0.07604406119391559,5,3.0,synthetic,task_aligned,task_aligned|4096.0|0.05|0.1,,,,False
task_aligned,4096.0,0.05,0.2,dfa_random,0.7142903645833333,0.10073977067761868,0.04305631404468392,0.5660013200630384,5,3.0,synthetic,task_aligned,task_aligned|4096.0|0.05|0.2,,,,False
task_aligned,4096.0,0.05,0.2,ndfa_random,0.935302734375,0.0033834989936247987,0.004131839156033762,0.05589079911672282,5,3.0,synthetic,task_aligned,task_aligned|4096.0|0.05|0.2,,,,False
task_aligned,4096.0,0.05,0.2,ndfa_random_kronecker,0.8611002604166668,0.007446622580474883,0.0053970480475814,0.0621859862505511,5,3.0,synthetic,task_aligned,task_aligned|4096.0|0.05|0.2,,,,False
task_aligned,4096.0,0.05,0.4,dfa_random,0.5096191406250001,0.1432416413394477,0.0,0.608175145133267,5,3.0,synthetic,task_aligned,task_aligned|4096.0|0.05|0.4,,,,False
task_aligned,4096.0,0.05,0.4,ndfa_random,0.8763671875,0.01130558270308734,0.0057800002938240775,0.10291507334185221,5,3.0,synthetic,task_aligned,task_aligned|4096.0|0.05|0.4,,,,False
task_aligned,4096.0,0.05,0.4,ndfa_random_kronecker,0.7013834635416667,0.01879248574016193,0.004493853126631213,0.08865131586825005,5,3.0,synthetic,task_aligned,task_aligned|4096.0|0.05|0.4,,,,False
task_aligned,4096.0,0.15,0.0,dfa_random,0.9175618489583334,0.027308996003435528,0.0075812991421707185,0.2905792370800514,5,3.0,synthetic,task_aligned,task_aligned|4096.0|0.15|0.0,,,,False
task_aligned,4096.0,0.15,0.0,ndfa_random,0.9440266927083334,0.002299764947352155,0.0067093034125784365,0.04236081573569671,5,3.0,synthetic,task_aligned,task_aligned|4096.0|0.15|0.0,,,,False
task_aligned,4096.0,0.15,0.0,ndfa_random_kronecker,0.939599609375,0.0016677979762304035,0.0066466758935342,0.029494720547231994,5,3.0,synthetic,task_aligned,task_aligned|4096.0|0.15|0.0,,,,False
task_aligned,4096.0,0.15,0.1,dfa_random,0.7855305989583333,0.08721269031715485,0.02504694557510517,0.5904093498386949,5,3.0,synthetic,task_aligned,task_aligned|4096.0|0.15|0.1,,,,False
task_aligned,4096.0,0.15,0.1,ndfa_random,0.9216959635416666,0.0030152437960701594,0.0066463769672434215,0.042135801282108504,5,3.0,synthetic,task_aligned,task_aligned|4096.0|0.15|0.1,,,,False
task_aligned,4096.0,0.15,0.1,ndfa_random_kronecker,0.8741861979166666,0.007226177583358107,0.007187443608601778,0.06622006587820399,5,3.0,synthetic,task_aligned,task_aligned|4096.0|0.15|0.1,,,,False
task_aligned,4096.0,0.15,0.2,dfa_random,0.6899088541666666,0.10739259262942825,0.0,0.5443265432705082,5,3.0,synthetic,task_aligned,task_aligned|4096.0|0.15|0.2,,,,False
task_aligned,4096.0,0.15,0.2,ndfa_random,0.898486328125,0.00393159906548866,0.005838030331918408,0.04499455812846058,5,3.0,synthetic,task_aligned,task_aligned|4096.0|0.15|0.2,,,,False
task_aligned,4096.0,0.15,0.2,ndfa_random_kronecker,0.8027669270833332,0.009415095735570665,0.0,0.05911611255785542,5,3.0,synthetic,task_aligned,task_aligned|4096.0|0.15|0.2,,,,False
task_aligned,4096.0,0.15,0.4,dfa_random,0.4645833333333333,0.05346549626224407,0.019240646087864608,0.21765751718122234,5,3.0,synthetic,task_aligned,task_aligned|4096.0|0.15|0.4,,,,False
task_aligned,4096.0,0.15,0.4,ndfa_random,0.7975585937499999,0.016585038881759447,0.004347485808864332,0.1021225147915457,5,3.0,synthetic,task_aligned,task_aligned|4096.0|0.15|0.4,,,,False
task_aligned,4096.0,0.15,0.4,ndfa_random_kronecker,0.6222981770833333,0.014846078790389046,0.005360788033632691,0.06339489795809695,5,3.0,synthetic,task_aligned,task_aligned|4096.0|0.15|0.4,,,,False
,1000.0,,,dfa_random,0.17920000056425728,0.028553911796440165,0.012199930447205848,0.208545720679455,5,3.0,vision,vision_cifar10,cifar10|1000.0|0.0,cifar10,0.0,,False
,1000.0,,,ndfa_random,0.3184444407622019,0.0026901746519358946,0.0032224145917762693,0.01237205428633174,5,3.0,vision,vision_cifar10,cifar10|1000.0|0.0,cifar10,0.0,,False
,1000.0,,,ndfa_random_kronecker,0.31391111612319944,0.0043648480116911395,0.0,0.020252167213895434,5,3.0,vision,vision_cifar10,cifar10|1000.0|0.0,cifar10,0.0,,False
,1000.0,,,dfa_random,0.1668444439768791,0.02397853667727651,0.003713686849153667,0.17385733015656035,5,3.0,vision,vision_cifar10,cifar10|1000.0|0.1,cifar10,0.1,,False
,1000.0,,,ndfa_random,0.2959777772426605,0.005908561608967471,0.0,0.02841455360542098,5,3.0,vision,vision_cifar10,cifar10|1000.0|0.1,cifar10,0.1,,False
,1000.0,,,ndfa_random_kronecker,0.29264444708824155,0.006390965118936138,0.0,0.030797192265591102,5,3.0,vision,vision_cifar10,cifar10|1000.0|0.1,cifar10,0.1,,False
,1000.0,,,dfa_random,0.1586888879537582,0.023633465757721853,0.014111593598274437,0.19274573939181425,5,3.0,vision,vision_cifar10,cifar10|1000.0|0.2,cifar10,0.2,,False
,1000.0,,,ndfa_random,0.2735777775446574,0.006974558820415111,0.0,0.035260308811682656,5,3.0,vision,vision_cifar10,cifar10|1000.0|0.2,cifar10,0.2,,False
,1000.0,,,ndfa_random_kronecker,0.26808888514836626,0.007356026044301782,0.0,0.03752565746306527,5,3.0,vision,vision_cifar10,cifar10|1000.0|0.2,cifar10,0.2,,False
,1000.0,,,dfa_random,0.1393555551767349,0.029361349932146053,0.012068374216950494,0.2514905943896024,5,3.0,vision,vision_cifar10,cifar10|1000.0|0.4,cifar10,0.4,,False
,1000.0,,,ndfa_random,0.22553333441416418,0.006210503732110925,0.0,0.03546714355341055,5,3.0,vision,vision_cifar10,cifar10|1000.0|0.4,cifar10,0.4,,False
,1000.0,,,ndfa_random_kronecker,0.22002222239971156,0.00761382644371822,0.0,0.04460228728201394,5,3.0,vision,vision_cifar10,cifar10|1000.0|0.4,cifar10,0.4,,False
,3000.0,,,dfa_random,0.22613333264986668,0.0252453158956305,0.0,0.15427388707625111,5,3.0,vision,vision_cifar10,cifar10|3000.0|0.0,cifar10,0.0,,False
,3000.0,,,ndfa_random,0.37851111292839057,0.005194730845066905,0.0018944393802034327,0.022120849535091133,5,3.0,vision,vision_cifar10,cifar10|3000.0|0.0,cifar10,0.0,,False
,3000.0,,,ndfa_random_kronecker,0.3763777812321981,0.003387344327747281,0.003995366668101302,0.014429819182691445,5,3.0,vision,vision_cifar10,cifar10|3000.0|0.0,cifar10,0.0,,False
,3000.0,,,dfa_random,0.18719999988873798,0.018938692965443853,0.028249657036087124,0.12333933264084386,5,3.0,vision,vision_cifar10,cifar10|3000.0|0.1,cifar10,0.1,,False
,3000.0,,,ndfa_random,0.33386666576067603,0.0073024617173167135,0.0015768474782870132,0.03296344884275104,5,3.0,vision,vision_cifar10,cifar10|3000.0|0.1,cifar10,0.1,,False
,3000.0,,,ndfa_random_kronecker,0.33151110808054607,0.005407130595295286,0.0,0.02437427993409279,5,3.0,vision,vision_cifar10,cifar10|3000.0|0.1,cifar10,0.1,,False
,3000.0,,,dfa_random,0.17593333323796587,0.029306555032625654,0.0,0.2033057179088857,5,3.0,vision,vision_cifar10,cifar10|3000.0|0.2,cifar10,0.2,,False
,3000.0,,,ndfa_random,0.31204444567362466,0.003458750264318083,0.0046011285919516235,0.016096787936077384,5,3.0,vision,vision_cifar10,cifar10|3000.0|0.2,cifar10,0.2,,False
,3000.0,,,ndfa_random_kronecker,0.30924444595972694,0.004993333232745764,0.003886506496996216,0.023365009084222284,5,3.0,vision,vision_cifar10,cifar10|3000.0|0.2,cifar10,0.2,,False
,3000.0,,,dfa_random,0.1483333349227905,0.029533910113010587,0.0,0.24286872276187416,5,3.0,vision,vision_cifar10,cifar10|3000.0|0.4,cifar10,0.4,,False
,3000.0,,,ndfa_random,0.2567333320776621,0.004580954482105935,0.003851730994946294,0.02399695229819524,5,3.0,vision,vision_cifar10,cifar10|3000.0|0.4,cifar10,0.4,,False
,3000.0,,,ndfa_random_kronecker,0.2521999994913736,0.005266950380340962,0.0,0.027927653126383747,5,3.0,vision,vision_cifar10,cifar10|3000.0|0.4,cifar10,0.4,,False
,10000.0,,,dfa_random,0.19222222268581385,0.03018621198677853,0.01170675946301336,0.1945823172231026,5,3.0,vision,vision_cifar10,cifar10|10000.0|0.0,cifar10,0.0,,False
,10000.0,,,ndfa_random,0.43140000104904164,0.005957880639029765,0.002464305121604366,0.02431572447079823,5,3.0,vision,vision_cifar10,cifar10|10000.0|0.0,cifar10,0.0,,False
,10000.0,,,ndfa_random_kronecker,0.43626666466395064,0.005946054859136956,0.0,0.0241417693840504,5,3.0,vision,vision_cifar10,cifar10|10000.0|0.0,cifar10,0.0,,False
,10000.0,,,dfa_random,0.1932000006238619,0.04965152410845078,0.0,0.33086509660728847,5,3.0,vision,vision_cifar10,cifar10|10000.0|0.1,cifar10,0.1,,False
,10000.0,,,ndfa_random,0.3918666621049245,0.0035839105799209785,0.0037282681472526513,0.015050830339880968,5,3.0,vision,vision_cifar10,cifar10|10000.0|0.1,cifar10,0.1,,False
,10000.0,,,ndfa_random_kronecker,0.39413333535194395,0.005769649520997001,0.0032420821640274113,0.024156343645695605,5,3.0,vision,vision_cifar10,cifar10|10000.0|0.1,cifar10,0.1,,False
,10000.0,,,dfa_random,0.16111111144224802,0.04418596969068196,0.0,0.32263129785322087,5,3.0,vision,vision_cifar10,cifar10|10000.0|0.2,cifar10,0.2,,False
,10000.0,,,ndfa_random,0.3575999995072683,0.006299322814113579,0.0,0.027379987629865547,5,3.0,vision,vision_cifar10,cifar10|10000.0|0.2,cifar10,0.2,,False
,10000.0,,,ndfa_random_kronecker,0.35855555534362793,0.005985170846327027,0.0,0.02604519694161991,5,3.0,vision,vision_cifar10,cifar10|10000.0|0.2,cifar10,0.2,,False
,10000.0,,,dfa_random,0.1407111123204231,0.025624642011214817,0.0,0.20861609787832264,5,3.0,vision,vision_cifar10,cifar10|10000.0|0.4,cifar10,0.4,,False
,10000.0,,,ndfa_random,0.2794222195943196,0.005907937688343385,0.0,0.0293335130121928,5,3.0,vision,vision_cifar10,cifar10|10000.0|0.4,cifar10,0.4,,False
,10000.0,,,ndfa_random_kronecker,0.2803555528322855,0.004826622728439166,0.002356239325236497,0.024016467749356236,5,3.0,vision,vision_cifar10,cifar10|10000.0|0.4,cifar10,0.4,,False
,1000.0,,,dfa_random,0.6258999983469645,0.0666880752763918,0.0,0.2944815899832983,5,3.0,vision,vision_fashion_mnist,fashion_mnist|1000.0|0.0,fashion_mnist,0.0,,False
,1000.0,,,ndfa_random,0.7869666695594788,0.0046025341223869184,0.0030023219783149565,0.027311786264756333,5,3.0,vision,vision_fashion_mnist,fashion_mnist|1000.0|0.0,fashion_mnist,0.0,,False
,1000.0,,,ndfa_random_kronecker,0.7896333376566569,0.004767944456903463,0.0022447513928129026,0.028648432181242717,5,3.0,vision,vision_fashion_mnist,fashion_mnist|1000.0|0.0,fashion_mnist,0.0,,False
,1000.0,,,dfa_random,0.5403333326180777,0.061810603255977675,0.0,0.2542867028900617,5,3.0,vision,vision_fashion_mnist,fashion_mnist|1000.0|0.1,fashion_mnist,0.1,,False
,1000.0,,,ndfa_random,0.7343666672706604,0.003862203820021667,0.0035284530260372635,0.01966853755264095,5,3.0,vision,vision_fashion_mnist,fashion_mnist|1000.0|0.1,fashion_mnist,0.1,,False
,1000.0,,,ndfa_random_kronecker,0.7298333287239075,0.004709915132908585,0.0030381952106690807,0.023646747868210437,5,3.0,vision,vision_fashion_mnist,fashion_mnist|1000.0|0.1,fashion_mnist,0.1,,False
,1000.0,,,dfa_random,0.5047000030676523,0.07789565768176673,0.06132946394830286,0.3210207677824303,5,3.0,vision,vision_fashion_mnist,fashion_mnist|1000.0|0.2,fashion_mnist,0.2,,False
,1000.0,,,ndfa_random,0.701799992720286,0.00451109726540639,0.0026378681180057213,0.021479166875773528,5,3.0,vision,vision_fashion_mnist,fashion_mnist|1000.0|0.2,fashion_mnist,0.2,,False
,1000.0,,,ndfa_random_kronecker,0.6955999930699666,0.007667020576736725,0.0,0.03606950146108,5,3.0,vision,vision_fashion_mnist,fashion_mnist|1000.0|0.2,fashion_mnist,0.2,,False
,1000.0,,,dfa_random,0.2817666709423065,0.0679045931322998,0.055302176395473905,0.41728286925534197,5,3.0,vision,vision_fashion_mnist,fashion_mnist|1000.0|0.4,fashion_mnist,0.4,,False
,1000.0,,,ndfa_random,0.5321000059445699,0.010171848597517292,0.005564516683693455,0.040834279785982745,5,3.0,vision,vision_fashion_mnist,fashion_mnist|1000.0|0.4,fashion_mnist,0.4,,False
,1000.0,,,ndfa_random_kronecker,0.5185333410898845,0.008719712050956402,0.00575736702230106,0.03492638123449112,5,3.0,vision,vision_fashion_mnist,fashion_mnist|1000.0|0.4,fashion_mnist,0.4,,False
,3000.0,,,dfa_random,0.6980333288510641,0.0544274745143259,0.03566959059118705,0.25433085427674185,5,3.0,vision,vision_fashion_mnist,fashion_mnist|3000.0|0.0,fashion_mnist,0.0,,False
,3000.0,,,ndfa_random,0.8226333340009054,0.0036560353773615875,0.002895399341034548,0.024892715602467506,5,3.0,vision,vision_fashion_mnist,fashion_mnist|3000.0|0.0,fashion_mnist,0.0,,False
,3000.0,,,ndfa_random_kronecker,0.8246999939282735,0.0044944333207615934,0.0009617719698341352,0.031022781179923888,5,3.0,vision,vision_fashion_mnist,fashion_mnist|3000.0|0.0,fashion_mnist,0.0,,False
,3000.0,,,dfa_random,0.5727333386739095,0.08891353387503827,0.0,0.3790026991779374,5,3.0,vision,vision_fashion_mnist,fashion_mnist|3000.0|0.1,fashion_mnist,0.1,,False
,3000.0,,,ndfa_random,0.7749666651089986,0.004866553339692143,0.0023921219454375656,0.02762936783836866,5,3.0,vision,vision_fashion_mnist,fashion_mnist|3000.0|0.1,fashion_mnist,0.1,,False
,3000.0,,,ndfa_random_kronecker,0.7731333335240682,0.004151300865296594,0.001078827229685767,0.023705872722245083,5,3.0,vision,vision_fashion_mnist,fashion_mnist|3000.0|0.1,fashion_mnist,0.1,,False
,3000.0,,,dfa_random,0.5141666670640309,0.07560533372595606,0.022698198254295757,0.30712080700274363,5,3.0,vision,vision_fashion_mnist,fashion_mnist|3000.0|0.2,fashion_mnist,0.2,,False
,3000.0,,,ndfa_random,0.7220666686693827,0.006667089716698829,0.0,0.03333710000823253,5,3.0,vision,vision_fashion_mnist,fashion_mnist|3000.0|0.2,fashion_mnist,0.2,,False
,3000.0,,,ndfa_random_kronecker,0.7201666593551634,0.005136472076978624,0.0,0.02551386574750156,5,3.0,vision,vision_fashion_mnist,fashion_mnist|3000.0|0.2,fashion_mnist,0.2,,False
,3000.0,,,dfa_random,0.3583333333333333,0.08009182378000858,0.0,0.35110233274314173,5,3.0,vision,vision_fashion_mnist,fashion_mnist|3000.0|0.4,fashion_mnist,0.4,,False
,3000.0,,,ndfa_random,0.5617666681607565,0.008123009257860568,0.0035959244917324277,0.03299458845481379,5,3.0,vision,vision_fashion_mnist,fashion_mnist|3000.0|0.4,fashion_mnist,0.4,,False
,3000.0,,,ndfa_random_kronecker,0.5557666699091593,0.0049497409416175975,0.0015393095313738392,0.02003597347530163,5,3.0,vision,vision_fashion_mnist,fashion_mnist|3000.0|0.4,fashion_mnist,0.4,,False
,10000.0,,,dfa_random,0.6777333398660024,0.0959059473870115,0.03750237304891246,0.44622488087617246,5,3.0,vision,vision_fashion_mnist,fashion_mnist|10000.0|0.0,fashion_mnist,0.0,,False
,10000.0,,,ndfa_random,0.8519000053405762,0.00412511914788769,0.0003944296256530749,0.03270376159162866,5,3.0,vision,vision_fashion_mnist,fashion_mnist|10000.0|0.0,fashion_mnist,0.0,,False
,10000.0,,,ndfa_random_kronecker,0.8546666661898297,0.004979948786341114,0.0,0.039984679088527535,5,3.0,vision,vision_fashion_mnist,fashion_mnist|10000.0|0.0,fashion_mnist,0.0,,False
,10000.0,,,dfa_random,0.5074333349863689,0.11341480441261517,0.0,0.47760192046505057,5,3.0,vision,vision_fashion_mnist,fashion_mnist|10000.0|0.1,fashion_mnist,0.1,,False
,10000.0,,,ndfa_random,0.7906000057856242,0.010139855307917849,0.001343719679238011,0.05962103956225774,5,3.0,vision,vision_fashion_mnist,fashion_mnist|10000.0|0.1,fashion_mnist,0.1,,False
,10000.0,,,ndfa_random_kronecker,0.7878333369890849,0.008072596888640326,0.0,0.047797990047823584,5,3.0,vision,vision_fashion_mnist,fashion_mnist|10000.0|0.1,fashion_mnist,0.1,,False
,10000.0,,,dfa_random,0.41943333546320594,0.09840122554591449,0.0,0.43049698522938357,5,3.0,vision,vision_fashion_mnist,fashion_mnist|10000.0|0.2,fashion_mnist,0.2,,False
,10000.0,,,ndfa_random,0.7332666635513305,0.012867272398012093,0.0071559893798025164,0.06355033171101562,5,3.0,vision,vision_fashion_mnist,fashion_mnist|10000.0|0.2,fashion_mnist,0.2,,False
,10000.0,,,ndfa_random_kronecker,0.6891666650772096,0.07846878595365432,0.0,0.3397643637799768,5,3.0,vision,vision_fashion_mnist,fashion_mnist|10000.0|0.2,fashion_mnist,0.2,,False
,10000.0,,,dfa_random,0.3207333336273829,0.10994006286546733,0.07354392169456946,0.5106909238783816,5,3.0,vision,vision_fashion_mnist,fashion_mnist|10000.0|0.4,fashion_mnist,0.4,,False
,10000.0,,,ndfa_random,0.5692999958992004,0.0069701803076864305,0.0025695837047300615,0.02840045648596721,5,3.0,vision,vision_fashion_mnist,fashion_mnist|10000.0|0.4,fashion_mnist,0.4,,False
,10000.0,,,ndfa_random_kronecker,0.4797666668891907,0.0894774655451227,0.0,0.3806042184858972,5,3.0,vision,vision_fashion_mnist,fashion_mnist|10000.0|0.4,fashion_mnist,0.4,,False
,,,,dfa_random,0.09533333333333331,1.6996749443881478e-17,0.0,0.0,5,3.0,mixer,mixer_cifar10,cifar10|0.0|0.0,cifar10,0.0,0.0,True
,,,,ndfa_random,0.26311111111111113,0.041452695038150744,0.0,0.2278408370099395,5,3.0,mixer,mixer_cifar10,cifar10|0.0|0.0,cifar10,0.0,0.0,False
,,,,ndfa_random_kronecker,0.22788888888888886,0.05078917936667949,0.01417195979547095,0.2806358600539085,5,3.0,mixer,mixer_cifar10,cifar10|0.0|0.0,cifar10,0.0,0.0,False
,,,,dfa_random,0.14366666666666666,0.029834854089110605,0.0,0.2499856846042882,5,3.0,mixer,mixer_cifar10,cifar10|0.0|1.0,cifar10,0.0,1.0,False
,,,,ndfa_random,0.4271999999999999,0.009872145625914307,0.0,0.04037555537620648,5,3.0,mixer,mixer_cifar10,cifar10|0.0|1.0,cifar10,0.0,1.0,False
,,,,ndfa_random_kronecker,0.30471111111111104,0.029231261804216847,0.0,0.13717807012387986,5,3.0,mixer,mixer_cifar10,cifar10|0.0|1.0,cifar10,0.0,1.0,False
,,,,dfa_random,0.09533333333333331,1.6996749443881478e-17,0.0,0.0,5,3.0,mixer,mixer_cifar10,cifar10|0.4|0.0,cifar10,0.4,0.0,True
,,,,ndfa_random,0.16639999999999996,0.03034383212694382,0.015355700272673932,0.22421487333730172,5,3.0,mixer,mixer_cifar10,cifar10|0.4|0.0,cifar10,0.4,0.0,False
,,,,ndfa_random_kronecker,0.15764444444444442,0.032872931564276855,0.019095180698959813,0.2623226125681103,5,3.0,mixer,mixer_cifar10,cifar10|0.4|0.0,cifar10,0.4,0.0,False
,,,,dfa_random,0.11671111111111107,0.015808577137462795,0.0,0.14863722298992496,5,3.0,mixer,mixer_cifar10,cifar10|0.4|1.0,cifar10,0.4,1.0,False
,,,,ndfa_random,0.3665333333333333,0.014452988925785873,0.0,0.062132384329960946,5,3.0,mixer,mixer_cifar10,cifar10|0.4|1.0,cifar10,0.4,1.0,False
,,,,ndfa_random_kronecker,0.25326666666666664,0.03401535600937384,0.0,0.1821292568080107,5,3.0,mixer,mixer_cifar10,cifar10|0.4|1.0,cifar10,0.4,1.0,False
