S,N,delta_measured,delta_exact_formula,delta_leading_order
0.001,0.009375000000000001,9.084900675904715e-05,9.090909090909093e-05,9.638554216867467e-05
0.0017782794100389228,0.009375000000000001,0.0002684327190126863,0.0002684838379256897,0.00028352895537809745
0.0031622776601683794,0.009375000000000001,0.0007597272792334406,0.0007597469266479575,0.0007976213234688539
0.005623413251903491,0.009375000000000001,0.0020240119487955283,0.0020240632499323417,0.002108408140952541
0.01,0.009375000000000001,0.004963211068634588,0.004963235294117648,0.0045362903225806455
0.01778279410038923,0.009375000000000001,0.003578103563448903,0.00357812937130407,0.003236294695920843
0.03162277660168379,0.009375000000000001,0.0023904088692167404,0.002390417495301709,0.00214379003656482
0.056234132519034905,0.009375000000000001,0.0015029193888381111,0.001502925523579354,0.0013396096187447788
0.1,0.009375000000000001,0.0009052027531052959,0.0009052089215132696,0.0008035714285714288
0.1778279410038923,0.009375000000000001,0.000530210689390978,0.0005302131995837851,0.00046949382594460744
0.31622776601683794,0.009375000000000001,0.0003053008030688333,0.0003053014721966663,0.00026993205885559007
0.5623413251903491,0.009375000000000001,0.00017402697560967885,0.00017402704573711916,0.00015373117948090328
1.0,0.009375000000000001,9.861879349966178e-05,9.861951997823179e-05,8.707430340557279e-05
