sigma,task_mode,lambda_task,lambda_A,R_dagger_DFA,R_dagger_nDFA,delta_rel
0.1,0,1.0,0.01,0.0007651593631066815,0.002473128480378108,-2.2321743673589407
0.1,0,1.0,0.1,0.0007651593631066815,0.0015738260925631322,-1.0568605292538298
0.1,0,1.0,1.0,0.0007651593631066815,0.0009189532663123248,-0.20099591094489516
0.1,1,0.8814435740349431,0.01,0.0008169626157689333,0.0024654687274231705,-2.0178476711601387
0.1,1,0.8814435740349431,0.1,0.0008169626157689333,0.0015652365600559068,-0.9159218914597342
0.1,1,0.8814435740349431,1.0,0.0008169626157689333,0.0009440153502607371,-0.15551841912891015
0.1,2,0.7769427742074942,0.01,0.0009206998559037968,0.002356259984746311,-1.5592053367199774
0.1,2,0.7769427742074942,0.1,0.0009206998559037968,0.0015382777766099344,-0.6707700851108505
0.1,2,0.7769427742074942,1.0,0.0009206998559037968,0.0010148367454102165,-0.1022449269463728
0.1,3,0.6848312157180775,0.01,0.0010566635105863282,0.0025594189438381534,-1.422170272935768
0.1,3,0.6848312157180775,0.1,0.0010566635105863282,0.0017037241499817432,-0.6123620555765854
0.1,3,0.6848312157180775,1.0,0.0010566635105863282,0.0011552147604720383,-0.09326644565498941
0.1,4,0.6036400743932373,0.01,0.0010118826774673504,0.002380940232095111,-1.352980523448021
0.1,4,0.6036400743932373,0.1,0.0010118826774673504,0.0015670719796578435,-0.5486696378478195
0.1,4,0.6036400743932373,1.0,0.0010118826774673504,0.0010912779129245349,-0.07846288628628713
0.1,5,0.5320746646038941,0.01,0.001084769321602268,0.002377159193724952,-1.1913960382044622
0.1,5,0.5320746646038941,0.1,0.001084769321602268,0.001580410807311815,-0.45690957131554516
0.1,5,0.5320746646038941,1.0,0.001084769321602268,0.0011466194996999394,-0.057016894620798314
0.1,6,0.46899379402189995,0.01,0.001235923253520861,0.0025309209305160144,-1.047797808889834
0.1,6,0.46899379402189995,0.1,0.001235923253520861,0.0017432632971550288,-0.41049477966279263
0.1,6,0.46899379402189995,1.0,0.001235923253520861,0.001304221190795028,-0.055260662083670434
0.1,7,0.4133915660028714,0.01,0.0013200546517760404,0.0024516645117394274,-0.8572447045589254
0.1,7,0.4133915660028714,0.1,0.0013200546517760404,0.0017369328123612727,-0.31580371314502176
0.1,7,0.4133915660028714,1.0,0.0013200546517760404,0.0013782074541111283,-0.044053329350301755
0.1,8,0.36438133941347306,0.01,0.0015072415378263929,0.0025641278888490927,-0.7012056956357807
0.1,8,0.36438133941347306,0.1,0.0015072415378263929,0.001875431240524634,-0.24428049085564008
0.1,8,0.36438133941347306,1.0,0.0015072415378263929,0.001558015676744518,-0.0336867964714845
0.1,9,0.3211815901242514,0.01,0.001478282776454249,0.0024858350742545006,-0.6815693951443627
0.1,9,0.3211815901242514,0.1,0.001478282776454249,0.0018210155391638308,-0.23184519779879134
0.1,9,0.3211815901242514,1.0,0.001478282776454249,0.0015218478470099147,-0.02947005217781075
0.1,10,0.28310344871334636,0.01,0.0016914297773596824,0.002517150704400637,-0.48817925408047547
0.1,10,0.28310344871334636,0.1,0.0016914297773596824,0.0019488519579888923,-0.1521920590939609
0.1,10,0.28310344871334636,1.0,0.0016914297773596824,0.0017277366603878623,-0.021465202702564974
0.1,11,0.24953971565551017,0.01,0.0016246398769546948,0.0025694164372264223,-0.5815298354258442
0.1,11,0.24953971565551017,0.1,0.0016246398769546948,0.0019482256377021956,-0.19917383866881677
0.1,11,0.24953971565551017,1.0,0.0016246398769546948,0.001670188791476832,-0.028036314489286243
0.1,12,0.21995517883105634,0.01,0.0018521530409641759,0.0025661576770863895,-0.38549980500019804
0.1,12,0.21995517883105634,0.1,0.0018521530409641759,0.0020675795044683416,-0.11631137316386182
0.1,12,0.21995517883105634,1.0,0.0018521530409641759,0.0018831782180605953,-0.016750871234846025
0.1,13,0.19387807895634138,0.01,0.001907684753845206,0.002571442999146482,-0.3479391676027069
0.1,13,0.19387807895634138,0.1,0.001907684753845206,0.002100862407857322,-0.10126288089409909
0.1,13,0.19387807895634138,1.0,0.001907684753845206,0.0019385031010249083,-0.016154842731527605
0.1,14,0.17089258684230638,0.01,0.0018888994911655716,0.0025043396226206984,-0.3258194172498617
0.1,14,0.17089258684230638,0.1,0.0018888994911655716,0.0020783121358170626,-0.1002767196123343
0.1,14,0.17089258684230638,1.0,0.0018888994911655716,0.0019192777690230506,-0.016082527418509504
0.1,15,0.15063217252235944,0.01,0.002151421201274969,0.002646061973940883,-0.22991349735364766
0.1,15,0.15063217252235944,0.1,0.002151421201274969,0.002294255609004245,-0.06639072239533089
0.1,15,0.15063217252235944,1.0,0.002151421201274969,0.002173890227549029,-0.010443806289881518
0.1,16,0.13277376051275666,0.01,0.0022728646463065676,0.0026299428141412463,-0.15710489773992262
0.1,16,0.13277376051275666,0.1,0.0022728646463065676,0.0023768200898118563,-0.04573763055983889
0.1,16,0.13277376051275666,1.0,0.0022728646463065676,0.0022897776582825073,-0.007441275486168316
0.1,17,0.11703257800442383,0.01,0.002237219622561296,0.002490548479771087,-0.1132337901273036
0.1,17,0.11703257800442383,0.1,0.002237219622561296,0.00230803548503488,-0.03165351392390792
0.1,17,0.11703257800442383,1.0,0.002237219622561296,0.0022503128824338356,-0.005852469619209696
0.1,18,0.10315761383474262,0.01,0.0024497637251091023,0.002661550541480042,-0.08645193583373342
0.1,18,0.10315761383474262,0.1,0.0024497637251091023,0.0024966721409618335,-0.019148138806995386
0.1,18,0.10315761383474262,1.0,0.0024497637251091023,0.002456529391509457,-0.002761762830843389
0.1,19,0.09092761582741202,0.01,0.0023988724072252442,0.0025108710043552107,-0.04668801758385903
0.1,19,0.09092761582741202,0.1,0.0023988724072252442,0.002436431042373436,-0.01565678734519926
0.1,19,0.09092761582741202,1.0,0.0023988724072252442,0.002405540663188279,-0.0027797459935552707
0.1,20,0.08014756267339032,0.01,0.002571261889125184,0.0026823870623442327,-0.04321814657971558
0.1,20,0.08014756267339032,0.1,0.002571261889125184,0.0026200457316488185,-0.01897272414372073
0.1,20,0.08014756267339032,1.0,0.002571261889125184,0.0025782489506572725,-0.0027173667379582303
0.1,21,0.07064555409302276,0.01,0.002762516663585687,0.0026701650106782113,0.03343026093736032
0.1,21,0.07064555409302276,0.1,0.002762516663585687,0.0027452302098517995,0.006257502067498794
0.1,21,0.07064555409302276,1.0,0.002762516663585687,0.0027606521256680764,0.0006749417812344911
0.1,22,0.06227006968943287,0.01,0.00261452354501283,0.0026101159000511045,0.0016858310456347406
0.1,22,0.06227006968943287,0.1,0.00261452354501283,0.0026282534759237515,-0.005251408401775924
0.1,22,0.06227006968943287,1.0,0.00261452354501283,0.0026168676388495,-0.0008965663518850859
0.1,23,0.0548875527824587,0.01,0.0028671422333231946,0.0028177436532737157,0.01722920456311751
0.1,23,0.0548875527824587,0.1,0.0028671422333231946,0.002885374029848814,-0.006358874112948216
0.1,23,0.0548875527824587,1.0,0.0028671422333231946,0.002869930345597795,-0.0009724359824900313
0.1,24,0.04838028069460197,0.01,0.0029553461826954007,0.0028645662178432884,0.030717201721971243
0.1,24,0.04838028069460197,0.1,0.0029553461826954007,0.002962742387323535,-0.0025026525391312667
0.1,24,0.04838028069460197,1.0,0.0029553461826954007,0.0029568961313549773,-0.000524455872091117
0.1,25,0.04264448752826371,0.01,0.0030408822906096864,0.002968684859808804,0.023742264218457144
0.1,25,0.04264448752826371,0.1,0.0030408822906096864,0.003053929199111541,-0.0042905009977346675
0.1,25,0.04264448752826371,1.0,0.0030408822906096864,0.0030427079211824285,-0.0006003621312076491
0.1,26,0.03758870949980134,0.01,0.0030420063502757232,0.0029104533476403205,0.04324547272016015
0.1,26,0.03758870949980134,0.1,0.0030420063502757232,0.003040281337439656,0.0005670641798335134
0.1,26,0.03758870949980134,1.0,0.0030420063502757232,0.003042057861300743,-1.6933240463151807e-05
0.1,27,0.0331323264448661,0.01,0.0030910451748754272,0.0029432966023721033,0.047798904300801213
0.1,27,0.0331323264448661,0.1,0.0030910451748754272,0.0030970789984139145,-0.0019520334375994622
0.1,27,0.0331323264448661,1.0,0.0030910451748754272,0.003091950735872827,-0.000292962718487715
0.1,28,0.02920427623765523,0.01,0.0031479119228186156,0.002912077254283666,0.07491781038263134
0.1,28,0.02920427623765523,0.1,0.0031479119228186156,0.0031298243480929354,0.005745896063535582
0.1,28,0.02920427623765523,1.0,0.0031479119228186156,0.003146154385296479,0.0005583185188239718
0.1,29,0.025741921624022595,0.01,0.003157378511554396,0.003059111241487754,0.031123056582235437
0.1,29,0.025741921624022595,0.1,0.003157378511554396,0.0031551411647422123,0.0007086089944541046
0.1,29,0.025741921624022595,1.0,0.003157378511554396,0.0031571785992939383,6.331589947987182e-05
0.1,30,0.02269005139880586,0.01,0.0032391437782333583,0.0032198545393897194,0.005955042494025791
0.1,30,0.02269005139880586,0.1,0.0032391437782333583,0.003239146540769626,-8.528600324715648e-07
0.1,30,0.02269005139880586,1.0,0.0032391437782333583,0.0032391441808431558,-1.2429513015221752e-07
0.1,31,0.020000000000000004,0.01,0.003178107041760998,0.0030843584655481414,0.029498243759879913
0.1,31,0.020000000000000004,0.1,0.003178107041760998,0.0031742743942750813,0.0012059529259257587
0.1,31,0.020000000000000004,1.0,0.003178107041760998,0.0031777381404232766,0.00011607580640745835
0.2,0,1.0,0.01,0.0022890024721747967,0.006877696339362939,-2.0046696860175923
0.2,0,1.0,0.1,0.0022890024721747967,0.004559354406168903,-0.9918521109490238
0.2,0,1.0,1.0,0.0022890024721747967,0.002789706344592543,-0.21874326415297593
0.2,1,0.8814435740349431,0.01,0.0023555260379201958,0.0068164242375704535,-1.8938012689466994
0.2,1,0.8814435740349431,0.1,0.0023555260379201958,0.004437587407161231,-0.8839050537855164
0.2,1,0.8814435740349431,1.0,0.0023555260379201958,0.002758795040894896,-0.17120125037155834
0.2,2,0.7769427742074942,0.01,0.002711152924610216,0.006461412586961976,-1.3832711642007198
0.2,2,0.7769427742074942,0.1,0.002711152924610216,0.00437886510430856,-0.6151302512520985
0.2,2,0.7769427742074942,1.0,0.002711152924610216,0.0029921077744268477,-0.10362928895168262
0.2,3,0.6848312157180775,0.01,0.003113508054007184,0.007169634564880571,-1.3027512505236731
0.2,3,0.6848312157180775,0.1,0.003113508054007184,0.004889406244061601,-0.5703849674545658
0.2,3,0.6848312157180775,1.0,0.003113508054007184,0.003405553770774538,-0.09379957003531163
0.2,4,0.6036400743932373,0.01,0.0031662144011208237,0.006535116959741054,-1.0640159293785207
0.2,4,0.6036400743932373,0.1,0.0031662144011208237,0.004481894577360074,-0.415537297718533
0.2,4,0.6036400743932373,1.0,0.0031662144011208237,0.0033339779677815187,-0.052985535850417306
0.2,5,0.5320746646038941,0.01,0.0033452304985511225,0.006512969372880206,-0.9469418850811885
0.2,5,0.5320746646038941,0.1,0.0033452304985511225,0.004507947410135823,-0.3475745279998772
0.2,5,0.5320746646038941,1.0,0.0033452304985511225,0.003474865681593257,-0.03875224236365224
0.2,6,0.46899379402189995,0.01,0.003914471778745346,0.007098457573934604,-0.8133883637832174
0.2,6,0.46899379402189995,0.1,0.003914471778745346,0.005100376064392921,-0.30295384733305625
0.2,6,0.46899379402189995,1.0,0.003914471778745346,0.004051804756934266,-0.035083399741085264
0.2,7,0.4133915660028714,0.01,0.00413069340888232,0.006763775093220352,-0.637443020747088
0.2,7,0.4133915660028714,0.1,0.00413069340888232,0.004943198896946298,-0.19669953870622053
0.2,7,0.4133915660028714,1.0,0.00413069340888232,0.004192807810871611,-0.015037282083372523
0.2,8,0.36438133941347306,0.01,0.004707839379288348,0.007175990700213862,-0.52426413096927
0.2,8,0.36438133941347306,0.1,0.004707839379288348,0.005406292778698311,-0.14835964932931567
0.2,8,0.36438133941347306,1.0,0.004707839379288348,0.004771386635122798,-0.013498178403031183
0.2,9,0.3211815901242514,0.01,0.0046574046151505715,0.0068946872199520896,-0.4803711057277741
0.2,9,0.3211815901242514,0.1,0.0046574046151505715,0.005234498550940562,-0.12390891139513618
0.2,9,0.3211815901242514,1.0,0.0046574046151505715,0.004690851516756285,-0.0071814463997631126
0.2,10,0.28310344871334636,0.01,0.0054878995263357416,0.007020277954719989,-0.2792285866442262
0.2,10,0.28310344871334636,0.1,0.0054878995263357416,0.005689793070528743,-0.03678885577699437
0.2,10,0.28310344871334636,1.0,0.0054878995263357416,0.005507433909277842,-0.0035595372780346268
0.2,11,0.24953971565551017,0.01,0.005280969218701362,0.007212528972045665,-0.3657585707002646
0.2,11,0.24953971565551017,0.1,0.005280969218701362,0.005733542953215214,-0.08569899118350552
0.2,11,0.24953971565551017,1.0,0.005280969218701362,0.005358852135394591,-0.014747845228376796
0.2,12,0.21995517883105634,0.01,0.005966897968734899,0.00720084347930469,-0.2067984934609853
0.2,12,0.21995517883105634,0.1,0.005966897968734899,0.006062701925756029,-0.016055906691067892
0.2,12,0.21995517883105634,1.0,0.005966897968734899,0.005993975305477133,-0.004537925214091492
0.2,13,0.19387807895634138,0.01,0.0061866990618553944,0.0071681441283200946,-0.15863791929300083
0.2,13,0.19387807895634138,0.1,0.0061866990618553944,0.00607986643624015,0.01726811415055408
0.2,13,0.19387807895634138,1.0,0.0061866990618553944,0.006182888048595147,0.0006160010729703099
0.2,14,0.17089258684230638,0.01,0.006151138628440685,0.006948015453478522,-0.12954948232728178
0.2,14,0.17089258684230638,0.1,0.006151138628440685,0.006069290347950886,0.013306199946683393
0.2,14,0.17089258684230638,1.0,0.006151138628440685,0.006177860321077062,-0.004344186377596003
0.2,15,0.15063217252235944,0.01,0.0069873694320957466,0.0074196394267000785,-0.061864482593226744
0.2,15,0.15063217252235944,0.1,0.0069873694320957466,0.00670843686211018,0.03991953949140274
0.2,15,0.15063217252235944,1.0,0.0069873694320957466,0.0070041906459465415,-0.0024073743365462304
0.2,16,0.13277376051275666,0.01,0.007446807056345249,0.007370394991988558,0.010261050646072882
0.2,16,0.13277376051275666,0.1,0.007446807056345249,0.007053186116074211,0.05285767944472831
0.2,16,0.13277376051275666,1.0,0.007446807056345249,0.007458531727427467,-0.0015744561385174522
0.2,17,0.11703257800442383,0.01,0.0073967905382331485,0.006853298235577022,0.073476773452875
0.2,17,0.11703257800442383,0.1,0.0073967905382331485,0.0068221781196906445,0.07768401924759115
0.2,17,0.11703257800442383,1.0,0.0073967905382331485,0.007386812960183631,0.0013489063936506776
0.2,18,0.10315761383474262,0.01,0.007817111682325012,0.0074378552025746916,0.04851619052697479
0.2,18,0.10315761383474262,0.1,0.007817111682325012,0.0073827303457201345,0.0555680095484681
0.2,18,0.10315761383474262,1.0,0.007817111682325012,0.007806455505464769,0.0013631859557971101
0.2,19,0.09092761582741202,0.01,0.008075646069406629,0.006945302675099687,0.139969407350463
0.2,19,0.09092761582741202,0.1,0.008075646069406629,0.0074328392966519375,0.07959818536251458
0.2,19,0.09092761582741202,1.0,0.008075646069406629,0.008060151207020888,0.0019187148932195627
0.2,20,0.08014756267339032,0.01,0.008690110032967185,0.007541397591352794,0.13218617914578584
0.2,20,0.08014756267339032,0.1,0.008690110032967185,0.008194345500309246,0.057049281398875884
0.2,20,0.08014756267339032,1.0,0.008690110032967185,0.008685917747748512,0.00048242026887684717
0.2,21,0.07064555409302276,0.01,0.009127542936025025,0.007439426906080281,0.18494747620216684
0.2,21,0.07064555409302276,0.1,0.009127542936025025,0.008464667838103072,0.07262360775162026
0.2,21,0.07064555409302276,1.0,0.009127542936025025,0.009097389744897743,0.003303538678330629
0.2,22,0.06227006968943287,0.01,0.009241012581950259,0.007406244859362971,0.19854617730647775
0.2,22,0.06227006968943287,0.1,0.009241012581950259,0.00869315045164939,0.059285941388172614
0.2,22,0.06227006968943287,1.0,0.009241012581950259,0.009211270373589157,0.0032185010135355793
0.2,23,0.0548875527824587,0.01,0.010057696708016076,0.008039191992307734,0.20069254167304287
0.2,23,0.0548875527824587,0.1,0.010057696708016076,0.009567047640252926,0.04878344237325216
0.2,23,0.0548875527824587,1.0,0.010057696708016076,0.01003732736304969,0.002025249473883195
0.2,24,0.04838028069460197,0.01,0.010583751916675365,0.008277409398957148,0.21791350892157907
0.2,24,0.04838028069460197,0.1,0.010583751916675365,0.01005533216658154,0.04992745051603731
0.2,24,0.04838028069460197,1.0,0.010583751916675365,0.010550364141456584,0.003154625645200196
0.2,25,0.04264448752826371,0.01,0.011192643754303993,0.008733756980561783,0.21968775453937547
0.2,25,0.04264448752826371,0.1,0.011192643754303993,0.010894866526712775,0.02660472665153047
0.2,25,0.04264448752826371,1.0,0.011192643754303993,0.011175556348721832,0.0015266639372480536
0.2,26,0.03758870949980134,0.01,0.011133773881226555,0.008502679130341955,0.2363165247428884
0.2,26,0.03758870949980134,0.1,0.011133773881226555,0.010804813238163022,0.029546194001498136
0.2,26,0.03758870949980134,1.0,0.011133773881226555,0.01111224536545365,0.0019336225077469795
0.2,27,0.0331323264448661,0.01,0.011789142053864433,0.008569344842769047,0.27311548171904076
0.2,27,0.0331323264448661,0.1,0.011789142053864433,0.011594254071032945,0.016531142125614143
0.2,27,0.0331323264448661,1.0,0.011789142053864433,0.011777438088239158,0.0009927750104120371
0.2,28,0.02920427623765523,0.01,0.011683123273742203,0.00844536869284044,0.27713090969249726
0.2,28,0.02920427623765523,0.1,0.011683123273742203,0.011381099579968315,0.025851280235370384
0.2,28,0.02920427623765523,1.0,0.011683123273742203,0.01165833768615082,0.0021214864390833306
0.2,29,0.025741921624022595,0.01,0.012126508428451855,0.009328958754082765,0.23069704613451067
0.2,29,0.025741921624022595,0.1,0.012126508428451855,0.012012368398229889,0.00941243977154748
0.2,29,0.025741921624022595,1.0,0.012126508428451855,0.012117511632761972,0.0007419114696505697
0.2,30,0.02269005139880586,0.01,0.012894665685772891,0.01013025589491821,0.2143839831306945
0.2,30,0.02269005139880586,0.1,0.012894665685772891,0.012852737328968572,0.0032516047973682456
0.2,30,0.02269005139880586,1.0,0.012894665685772891,0.012891083137072063,0.0002778318405556501
0.2,31,0.020000000000000004,0.01,0.012440207347406473,0.009684453563660635,0.22151992380740795
0.2,31,0.020000000000000004,0.1,0.012440207347406473,0.012352937830642981,0.007015117539956936
0.2,31,0.020000000000000004,1.0,0.012440207347406473,0.012433186136079551,0.0005643966479695508
0.4,0,1.0,0.01,0.006061723145400788,0.013288189831930194,-1.1921472678956548
0.4,0,1.0,0.1,0.006061723145400788,0.010246374618818898,-0.6903402502955172
0.4,0,1.0,1.0,0.006061723145400788,0.0071804103121957275,-0.18454936656810542
0.4,1,0.8814435740349431,0.01,0.0059887047251039795,0.013118958669193723,-1.1906170484913903
0.4,1,0.8814435740349431,0.1,0.0059887047251039795,0.00977589257270126,-0.6323884748770151
0.4,1,0.8814435740349431,1.0,0.0059887047251039795,0.006833836913609334,-0.1411210315584028
0.4,2,0.7769427742074942,0.01,0.006719688337748182,0.012487727389726654,-0.8583789548060178
0.4,2,0.7769427742074942,0.1,0.006719688337748182,0.009657909214310848,-0.4372555286615101
0.4,2,0.7769427742074942,1.0,0.006719688337748182,0.007289875078745278,-0.0848531527562139
0.4,3,0.6848312157180775,0.01,0.007896788095282622,0.013783295767290826,-0.7454306233093276
0.4,3,0.6848312157180775,0.1,0.007896788095282622,0.010766792953424833,-0.3634395178790086
0.4,3,0.6848312157180775,1.0,0.007896788095282622,0.008373997143172985,-0.06043077794824425
0.4,4,0.6036400743932373,0.01,0.008259428214520198,0.012602926095277347,-0.525883604523763
0.4,4,0.6036400743932373,0.1,0.008259428214520198,0.009874188611594002,-0.19550510702847823
0.4,4,0.6036400743932373,1.0,0.008259428214520198,0.0082666187491298,-0.0008705850360150817
0.4,5,0.5320746646038941,0.01,0.008742620433113295,0.012538474449323739,-0.4341780642601591
0.4,5,0.5320746646038941,0.1,0.008742620433113295,0.009875197425510181,-0.12954662747420337
0.4,5,0.5320746646038941,1.0,0.008742620433113295,0.008600905550328802,0.016209657489845642
0.4,6,0.46899379402189995,0.01,0.010300680577917198,0.013682142650478828,-0.32827559761545033
0.4,6,0.46899379402189995,0.1,0.010300680577917198,0.011290562652214342,-0.09609870598446404
0.4,6,0.46899379402189995,1.0,0.010300680577917198,0.010100927581114891,0.01939221348447024
0.4,7,0.4133915660028714,0.01,0.010671609935132846,0.012984980521847277,-0.21677803075414157
0.4,7,0.4133915660028714,0.1,0.010671609935132846,0.010645495229187871,0.002447119610228703
0.4,7,0.4133915660028714,1.0,0.010671609935132846,0.010094128106372,0.05411384339111501
0.4,8,0.36438133941347306,0.01,0.012113540915489633,0.013746182459848594,-0.13477822510768062
0.4,8,0.36438133941347306,0.1,0.012113540915489633,0.011606654026875936,0.041844650721865974
0.4,8,0.36438133941347306,1.0,0.012113540915489633,0.011365578837047393,0.06174594890630353
0.4,9,0.3211815901242514,0.01,0.012196793886575887,0.013224272912062702,-0.08424173065822535
0.4,9,0.3211815901242514,0.1,0.012196793886575887,0.011242815480044906,0.0782155060913962
0.4,9,0.3211815901242514,1.0,0.012196793886575887,0.011372419263499503,0.06758945266622171
0.4,10,0.28310344871334636,0.01,0.014604186181848161,0.013452019510149207,0.0788929049077042
0.4,10,0.28310344871334636,0.1,0.014604186181848161,0.012108828762768045,0.1708659002294593
0.4,10,0.28310344871334636,1.0,0.014604186181848161,0.013297473793934053,0.08947519373166085
0.4,11,0.24953971565551017,0.01,0.014868932234978923,0.013808536476602651,0.07131620089583218
0.4,11,0.24953971565551017,0.1,0.014868932234978923,0.012351792507802531,0.16928853312377476
0.4,11,0.24953971565551017,1.0,0.014868932234978923,0.013539145626835414,0.08943390064117768
0.4,12,0.21995517883105634,0.01,0.01587636485343335,0.01376067910509648,0.13326008616382615
0.4,12,0.21995517883105634,0.1,0.01587636485343335,0.012746622290354129,0.19713218938795027
0.4,12,0.21995517883105634,1.0,0.01587636485343335,0.01443130665257226,0.09101946284313235
0.4,13,0.19387807895634138,0.01,0.01596080647320201,0.013632161499438416,0.1458977012015877
0.4,13,0.19387807895634138,0.1,0.01596080647320201,0.012564250053664489,0.21280606498426605
0.4,13,0.19387807895634138,1.0,0.01596080647320201,0.014468571636310384,0.09349369904315731
0.4,14,0.17089258684230638,0.01,0.016811117718406994,0.013240082185739094,0.21242106518342121
0.4,14,0.17089258684230638,0.1,0.016811117718406994,0.012622630563449505,0.24914983198121263
0.4,14,0.17089258684230638,1.0,0.016811117718406994,0.015142424547460957,0.09926128642350386
0.4,15,0.15063217252235944,0.01,0.017733850687646595,0.014015572322335853,0.20967123445450545
0.4,15,0.15063217252235944,0.1,0.017733850687646595,0.01348355379634004,0.23967140392511105
0.4,15,0.15063217252235944,1.0,0.017733850687646595,0.016131360937873825,0.09036332706291844
0.4,16,0.13277376051275666,0.01,0.018412129382404267,0.013901897965900975,0.24495979377667956
0.4,16,0.13277376051275666,0.1,0.018412129382404267,0.013989707541321917,0.2401906780705485
0.4,16,0.13277376051275666,1.0,0.018412129382404267,0.01703012370832584,0.07505952436979693
0.4,17,0.11703257800442383,0.01,0.01858289992078055,0.012941754534426147,0.30356647296185046
0.4,17,0.11703257800442383,0.1,0.01858289992078055,0.013517873181139829,0.2725638496269731
0.4,17,0.11703257800442383,1.0,0.01858289992078055,0.01715865536067321,0.07664275038766485
0.4,18,0.10315761383474262,0.01,0.018905881640539114,0.013925423543052174,0.26343432124358307
0.4,18,0.10315761383474262,0.1,0.018905881640539114,0.014516543842774602,0.23216784497119847
0.4,18,0.10315761383474262,1.0,0.018905881640539114,0.017731347558727212,0.062125327141231895
0.4,19,0.09092761582741202,0.01,0.01916078537328212,0.013079470120177846,0.31738340233089224
0.4,19,0.09092761582741202,0.1,0.01916078537328212,0.014419488466184429,0.24744794196739844
0.4,19,0.09092761582741202,1.0,0.01916078537328212,0.01813584720648307,0.05349144864532682
0.4,20,0.08014756267339032,0.01,0.01946708151203829,0.014059647673972794,0.277773216017079
0.4,20,0.08014756267339032,0.1,0.01946708151203829,0.015570397405355188,0.2001678630807306
0.4,20,0.08014756267339032,1.0,0.01946708151203829,0.01876142999745365,0.036248449165236764
0.4,21,0.07064555409302276,0.01,0.019513184794893147,0.013770203560059261,0.29431286051966765
0.4,21,0.07064555409302276,0.1,0.019513184794893147,0.015596031204262725,0.20074393963898668
0.4,21,0.07064555409302276,1.0,0.019513184794893147,0.018847693238039982,0.03410471247252948
0.4,22,0.06227006968943287,0.01,0.01970136383777144,0.013855625617324323,0.29671743888307217
0.4,22,0.06227006968943287,0.1,0.01970136383777144,0.016315900601733272,0.17183902921215835
0.4,22,0.06227006968943287,1.0,0.01970136383777144,0.019243007717687922,0.02326519746844917
0.4,23,0.0548875527824587,0.01,0.01977256763813242,0.01472526497752093,0.25526794258513524
0.4,23,0.0548875527824587,0.1,0.01977256763813242,0.017038819146000184,0.1382596606654191
0.4,23,0.0548875527824587,1.0,0.01977256763813242,0.019425390002992163,0.017558550892030175
0.4,24,0.04838028069460197,0.01,0.01980938569651221,0.015067064995985058,0.23939766599436355
0.4,24,0.04838028069460197,0.1,0.01980938569651221,0.017444735928553758,0.11937017150283422
0.4,24,0.04838028069460197,1.0,0.01980938569651221,0.019509733278831286,0.015126790011145301
0.4,25,0.04264448752826371,0.01,0.01990949373289034,0.015660566386856502,0.21341212403681764
0.4,25,0.04264448752826371,0.1,0.01990949373289034,0.018296570043488326,0.08101279274306585
0.4,25,0.04264448752826371,1.0,0.01990949373289034,0.01975708644761476,0.0076550055626880146
0.4,26,0.03758870949980134,0.01,0.019887929992916914,0.01528559609496403,0.231413420079013
0.4,26,0.03758870949980134,0.1,0.019887929992916914,0.018217055509135195,0.08401449946660114
0.4,26,0.03758870949980134,1.0,0.019887929992916914,0.01972521237056629,0.008181727430083347
0.4,27,0.0331323264448661,0.01,0.019915719372440653,0.01509348206073204,0.2421322183511794
0.4,27,0.0331323264448661,0.1,0.019915719372440653,0.01849034242410292,0.07157044752850698
0.4,27,0.0331323264448661,1.0,0.019915719372440653,0.019787442357446755,0.00644099329755608
0.4,28,0.02920427623765523,0.01,0.01992993785753257,0.014909215103158652,0.2519186356858772
0.4,28,0.02920427623765523,0.1,0.01992993785753257,0.018553629907989727,0.06905731264097568
0.4,28,0.02920427623765523,1.0,0.01992993785753257,0.019818546046161605,0.005589170029893746
0.4,29,0.025741921624022595,0.01,0.019958894531292393,0.01613412336271605,0.1916324154416322
0.4,29,0.025741921624022595,0.1,0.019958894531292393,0.01915320577984341,0.04036740362477436
0.4,29,0.025741921624022595,1.0,0.019958894531292393,0.01989610321727848,0.0031460316559849934
0.4,30,0.02269005139880586,0.01,0.019970900878446614,0.01670677827401045,0.1634439339668914
0.4,30,0.02269005139880586,0.1,0.019970900878446614,0.01937396687111851,0.029890189278959294
0.4,30,0.02269005139880586,1.0,0.019970900878446614,0.019924744179617235,0.0023111976325110354
0.4,31,0.020000000000000004,0.01,0.01997513158556657,0.016394524196409632,0.17925325667161954
0.4,31,0.020000000000000004,0.1,0.01997513158556657,0.019398078300351597,0.028888584925865293
0.4,31,0.020000000000000004,1.0,0.01997513158556657,0.019933481997694492,0.002085072015354001
