rule,lambda_A,t_task_over_t_nuis,predicted,mode,eigenvalue,rate,t_fit_90
DFA,0.0,49.99999999999999,49.99999999999999,,,,
DFA,0.0,,,0.0,1.0,1.0,2.302585092994046
DFA,0.0,,,1.0,0.8814435740349431,0.8814435740349431,2.612288705507954
DFA,0.0,,,2.0,0.7769427742074942,0.7769427742074942,2.963648249824775
DFA,0.0,,,3.0,0.6848312157180775,0.6848312157180775,3.36226655582526
DFA,0.0,,,4.0,0.6036400743932373,0.6036400743932373,3.8145000484080556
DFA,0.0,,,5.0,0.5320746646038941,0.5320746646038941,4.3275601079563115
DFA,0.0,,,6.0,0.46899379402189995,0.46899379402189995,4.909628064047529
DFA,0.0,,,7.0,0.4133915660028714,0.4133915660028714,5.569985656112907
DFA,0.0,,,8.0,0.36438133941347306,0.36438133941347306,6.319163041390663
DFA,0.0,,,9.0,0.3211815901242514,0.3211815901242514,7.169106710329426
DFA,0.0,,,10.0,0.28310344871334636,0.28310344871334636,8.133369987044933
DFA,0.0,,,11.0,0.24953971565551017,0.24953971565551017,9.227329152577727
DFA,0.0,,,12.0,0.21995517883105634,0.21995517883105634,10.46842863728442
DFA,0.0,,,13.0,0.19387807895634138,0.19387807895634138,11.876459192235734
DFA,0.0,,,14.0,0.17089258684230638,0.17089258684230638,13.473873475382463
DFA,0.0,,,15.0,0.15063217252235944,0.15063217252235944,15.28614408487175
DFA,0.0,,,16.0,0.13277376051275666,0.13277376051275666,17.34216974876461
DFA,0.0,,,17.0,0.11703257800442383,0.11703257800442383,19.67473614831426
DFA,0.0,,,18.0,0.10315761383474262,0.10315761383474262,22.32103872315971
DFA,0.0,,,19.0,0.09092761582741202,0.09092761582741202,25.323275795161493
DFA,0.0,,,20.0,0.08014756267339032,0.08014756267339032,28.72932146891753
DFA,0.0,,,21.0,0.07064555409302276,0.07064555409302276,32.59348903912778
DFA,0.0,,,22.0,0.06227006968943287,0.06227006968943287,36.97739707821125
DFA,0.0,,,23.0,0.0548875527824587,0.0548875527824587,41.95095201493334
DFA,0.0,,,24.0,0.04838028069460197,0.04838028069460197,47.5934628723838
DFA,0.0,,,25.0,0.04264448752826371,0.04264448752826371,53.99490594107736
DFA,0.0,,,26.0,0.03758870949980134,0.03758870949980134,61.25735955383665
DFA,0.0,,,27.0,0.0331323264448661,0.0331323264448661,69.49663184158427
DFA,0.0,,,28.0,0.02920427623765523,0.02920427623765523,78.84410742647178
DFA,0.0,,,29.0,0.025741921624022595,0.025741921624022595,89.44884249998076
DFA,0.0,,,30.0,0.02269005139880586,0.02269005139880586,101.4799416944127
DFA,0.0,,,31.0,0.020000000000000004,0.020000000000000004,115.12925464970228
nDFA,0.01,1.4851485148514851,1.4851485148514851,,,,
nDFA,0.01,,,0.0,1.0,0.9900990099009901,2.3256109439239863
nDFA,0.01,,,1.0,0.8814435740349431,0.9887822400752333,2.3287079800491255
nDFA,0.01,,,2.0,0.7769427742074942,0.9872925956908738,2.332221575492294
nDFA,0.01,,,3.0,0.6848312157180775,0.9856080156248227,2.3362077585522987
nDFA,0.01,,,4.0,0.6036400743932373,0.9837038022494082,2.3407300934781268
nDFA,0.01,,,5.0,0.5320746646038941,0.9815523568006868,2.3458606940736093
nDFA,0.01,,,6.0,0.46899379402189995,0.9791229027916324,2.3516813736345212
nDFA,0.01,,,7.0,0.4133915660028714,0.9763812016984481,2.358284949555175
nDFA,0.01,,,8.0,0.36438133941347306,0.9732892669926696,2.3657767234079525
nDFA,0.01,,,9.0,0.3211815901242514,0.9698050848893858,2.3742761600973403
nDFA,0.01,,,10.0,0.28310344871334636,0.9658823529921002,2.3839187928644954
nDFA,0.01,,,11.0,0.24953971565551017,0.9614702513842888,2.394858384519823
nDFA,0.01,,,12.0,0.21995517883105634,0.9565132646682125,2.4072693793668902
nDFA,0.01,,,13.0,0.19387807895634138,0.9509510779619352,2.4213496849164033
nDFA,0.01,,,14.0,0.17089258684230638,0.9447185748484125,2.4373238277478704
nDFA,0.01,,,15.0,0.15063217252235944,0.9377459705426816,2.4554465338427636
nDFA,0.01,,,16.0,0.13277376051275666,0.9299591187898527,2.476006790481692
nDFA,0.01,,,17.0,0.11703257800442383,0.9212800357428647,2.4993324544771887
nDFA,0.01,,,18.0,0.10315761383474262,0.9116276876021425,2.525795480225643
nDFA,0.01,,,19.0,0.09092761582741202,0.9009190902012372,2.555817850945661
nDFA,0.01,,,20.0,0.08014756267339032,0.8890707668244947,2.589878307683221
nDFA,0.01,,,21.0,0.07064555409302276,0.8760006039704901,2.6285199833853237
nDFA,0.01,,,22.0,0.06227006968943287,0.8616301320453525,2.6723590637761583
nDFA,0.01,,,23.0,0.0548875527824587,0.8458872376721328,2.722094613143379
nDFA,0.01,,,24.0,0.04838028069460197,0.8287092853781939,2.7785197217178843
nDFA,0.01,,,25.0,0.04264448752826371,0.8100465885505825,2.8425341524048195
nDFA,0.01,,,26.0,0.03758870949980134,0.7898661236014028,2.9151586885324123
nDFA,0.01,,,27.0,0.0331323264448661,0.7681553297900009,2.997551411409889
nDFA,0.01,,,28.0,0.02920427623765523,0.7449257846419538,3.091026167258764
nDFA,0.01,,,29.0,0.025741921624022595,0.7202164980049961,3.197073517993853
nDFA,0.01,,,30.0,0.02269005139880586,0.6940965348140966,3.317384509938173
nDFA,0.01,,,31.0,0.020000000000000004,0.6666666666666666,3.453877639491069
nDFA,0.1,5.454545454545454,5.454545454545453,,,,
nDFA,0.1,,,0.0,1.0,0.9090909090909091,2.5328436022934504
nDFA,0.1,,,1.0,0.8814435740349431,0.8981092722540567,2.5638139635448414
nDFA,0.1,,,2.0,0.7769427742074942,0.8859674736582768,2.5989499179765234
nDFA,0.1,,,3.0,0.6848312157180775,0.8725840690364164,2.638811748576572
nDFA,0.1,,,4.0,0.6036400743932373,0.8578818864371363,2.6840350978348515
nDFA,0.1,,,5.0,0.5320746646038941,0.8417908427595852,2.735341103789677
nDFA,0.1,,,6.0,0.46899379402189995,0.8242511587109663,2.7935478993987988
nDFA,0.1,,,7.0,0.4133915660028714,0.8052169014411883,2.8595836586053367
nDFA,0.1,,,8.0,0.36438133941347306,0.7846597364866064,2.934501397133112
nDFA,0.1,,,9.0,0.3211815901242514,0.762572718407518,3.0194957640269884
nDFA,0.1,,,10.0,0.28310344871334636,0.7389738976878173,3.1159220916985393
nDFA,0.1,,,11.0,0.24953971565551017,0.713909477174962,3.225318008251819
nDFA,0.1,,,12.0,0.21995517883105634,0.6874562231955549,3.349427956722488
nDFA,0.1,,,13.0,0.19387807895634138,0.6597228335126826,3.490231012217619
nDFA,0.1,,,14.0,0.17089258684230638,0.6308499942148191,3.6499724405322924
nDFA,0.1,,,15.0,0.15063217252235944,0.6010089247776887,3.8311995014812212
nDFA,0.1,,,16.0,0.13277376051275666,0.5703983138833223,4.036802067870507
nDFA,0.1,,,17.0,0.11703257800442383,0.5392396804227166,4.270058707825472
nDFA,0.1,,,18.0,0.10315761383474262,0.5077713401312912,4.534688965310018
nDFA,0.1,,,19.0,0.09092761582741202,0.47624129926602937,4.834912672510195
nDFA,0.1,,,20.0,0.08014756267339032,0.44489951173360476,5.175517239885799
nDFA,0.1,,,21.0,0.07064555409302276,0.4139900067628616,5.561933996906824
nDFA,0.1,,,22.0,0.06227006968943287,0.383743408803675,6.000324800815171
nDFA,0.1,,,23.0,0.0548875527824587,0.3543703273532179,6.497680294487379
nDFA,0.1,,,24.0,0.04838028069460197,0.3260559992751249,7.061931380232426
nDFA,0.1,,,25.0,0.04264448752826371,0.29895643545155637,7.702075687101783
nDFA,0.1,,,26.0,0.03758870949980134,0.2731961774803594,8.428321048377711
nDFA,0.1,,,27.0,0.0331323264448661,0.24886762914480534,9.252248277152473
nDFA,0.1,,,28.0,0.02920427623765523,0.22603180860622282,10.186995835641223
nDFA,0.1,,,29.0,0.025741921624022595,0.20472028176086568,11.24746934299212
nDFA,0.1,,,30.0,0.02269005139880586,0.18493798918586726,12.450579262435317
nDFA,0.1,,,31.0,0.020000000000000004,0.16666666666666669,13.815510557964274
nDFA,1.0,25.499999999999996,25.499999999999996,,,,
nDFA,1.0,,,0.0,1.0,0.5,4.605170185988092
nDFA,1.0,,,1.0,0.8814435740349431,0.46849322839089963,4.914873798502
nDFA,1.0,,,2.0,0.7769427742074942,0.4372356755011461,5.266233342818821
nDFA,1.0,,,3.0,0.6848312157180775,0.4064687366480217,5.6648516488193055
nDFA,1.0,,,4.0,0.6036400743932373,0.37641867650484734,6.117085141402101
nDFA,1.0,,,5.0,0.5320746646038941,0.34729029654795435,6.630145200950357
nDFA,1.0,,,6.0,0.46899379402189995,0.3192619301255592,7.212213157041575
nDFA,1.0,,,7.0,0.4133915660028714,0.29248198160114924,7.872570749106954
nDFA,1.0,,,8.0,0.36438133941347306,0.26706707933290486,8.62174813438471
nDFA,1.0,,,9.0,0.3211815901242514,0.24310177535401903,9.471691803323472
nDFA,1.0,,,10.0,0.28310344871334636,0.22063961327298523,10.435955080038978
nDFA,1.0,,,11.0,0.24953971565551017,0.19970530950638998,11.529914245571772
nDFA,1.0,,,12.0,0.21995517883105634,0.1802977540878299,12.771013730278465
nDFA,1.0,,,13.0,0.19387807895634138,0.16239353278504348,14.17904428522978
nDFA,1.0,,,14.0,0.17089258684230638,0.1459506950190657,15.776458568376508
nDFA,1.0,,,15.0,0.15063217252235944,0.13091253323132013,17.588729177865794
nDFA,1.0,,,16.0,0.13277376051275666,0.1172111900373256,19.644754841758655
nDFA,1.0,,,17.0,0.11703257800442383,0.10477096219834721,21.977321241308307
nDFA,1.0,,,18.0,0.10315761383474262,0.09351121955832872,24.623623816153753
nDFA,1.0,,,19.0,0.09092761582741202,0.08334889914620792,27.625860888155536
nDFA,1.0,,,20.0,0.08014756267339032,0.07420056799926784,31.031906561911576
nDFA,1.0,,,21.0,0.07064555409302276,0.06598407271477329,34.89607413212183
nDFA,1.0,,,22.0,0.06227006968943287,0.05861981003346753,39.2799821712053
nDFA,1.0,,,23.0,0.0548875527824587,0.05203166217828882,44.25353710792738
nDFA,1.0,,,24.0,0.04838028069460197,0.04614764469105402,49.896047965377846
nDFA,1.0,,,25.0,0.04264448752826371,0.04090031457353072,56.297491034071406
nDFA,1.0,,,26.0,0.03758870949980134,0.03622698392499088,63.5599446468307
nDFA,1.0,,,27.0,0.0331323264448661,0.03206978002409281,71.79921693457831
nDFA,1.0,,,28.0,0.02920427623765523,0.028375587735035436,81.14669251946582
nDFA,1.0,,,29.0,0.025741921624022595,0.025095904809336714,91.7514275929748
nDFA,1.0,,,30.0,0.02269005139880586,0.022186635498967714,103.78252678740674
nDFA,1.0,,,31.0,0.020000000000000004,0.019607843137254905,117.43183974269633
