regime,rule,t,risk_mean,risk_sem
nuisance_dominant,DFA,0.0,0.02,0.0
nuisance_dominant,DFA,0.05,0.019989615173352838,7.341789373750123e-06
nuisance_dominant,DFA,0.1,0.019975929324971265,1.1597472895586282e-05
nuisance_dominant,DFA,0.15000000000000002,0.01997581365679959,2.4119499993150775e-05
nuisance_dominant,DFA,0.2,0.019992933356231417,2.111058875535353e-05
nuisance_dominant,DFA,0.25,0.020022086020905557,2.2539574557665522e-05
nuisance_dominant,DFA,0.30000000000000004,0.020030356080142406,1.740036787128286e-05
nuisance_dominant,DFA,0.35000000000000003,0.020039555558264897,4.134073875129737e-05
nuisance_dominant,DFA,0.45,0.020110961265955563,4.533960310413656e-05
nuisance_dominant,DFA,0.55,0.020103105274951943,4.151088416792086e-05
nuisance_dominant,DFA,0.65,0.02020007902053831,3.1794024581951655e-05
nuisance_dominant,DFA,0.8,0.020271150056655897,6.295429181074402e-05
nuisance_dominant,DFA,0.9500000000000001,0.020338571090452003,0.00013218957754052748
nuisance_dominant,DFA,1.1500000000000001,0.020442415411674186,8.878832863844203e-05
nuisance_dominant,DFA,1.4000000000000001,0.020508680230482985,6.743055758009072e-05
nuisance_dominant,DFA,1.7000000000000002,0.02068087891855305,0.00012688480763522878
nuisance_dominant,DFA,2.0500000000000003,0.020889168749279208,0.00021624862597374332
nuisance_dominant,DFA,2.5,0.021153411396467883,0.00019530014595415637
nuisance_dominant,DFA,3.0,0.021485238622623488,9.504840799034581e-05
nuisance_dominant,DFA,3.6,0.021683910356716584,0.00024020537384665487
nuisance_dominant,DFA,4.3500000000000005,0.022068822854776446,0.0002792633687213299
nuisance_dominant,DFA,5.25,0.022131946367978366,0.000321214998878759
nuisance_dominant,DFA,6.3500000000000005,0.022112863175722947,0.0003652297555778879
nuisance_dominant,DFA,7.65,0.021962881779527543,0.0004619367742943482
nuisance_dominant,DFA,9.25,0.021856962770764658,0.00040455623786708576
nuisance_dominant,DFA,11.15,0.022335909314410138,0.0005678469182095252
nuisance_dominant,DFA,13.4,0.021677629566678177,0.0006126681972971094
nuisance_dominant,DFA,16.2,0.020585104396893084,0.0006214641163202867
nuisance_dominant,DFA,19.5,0.02069286630226348,0.0006620134886624265
nuisance_dominant,DFA,23.5,0.019642272012091424,0.0007900603277125448
nuisance_dominant,DFA,28.3,0.01909271783735253,0.0009823545885969563
nuisance_dominant,DFA,34.15,0.017976724471343044,0.000957266756876902
nuisance_dominant,DFA,41.150000000000006,0.017033274448287384,0.0009231099345799911
nuisance_dominant,DFA,49.550000000000004,0.016118378729403447,0.0010281816243447267
nuisance_dominant,DFA,59.75,0.015057360780907806,0.000961089759308771
nuisance_dominant,DFA,72.0,0.014620388238891184,0.0008075328709990336
nuisance_dominant,DFA,86.75,0.014115620845083388,0.0008244822765321055
nuisance_dominant,DFA,104.55000000000001,0.012522054098032436,0.0009277078253012176
nuisance_dominant,DFA,125.95,0.012218179477688773,0.0008554558242311071
nuisance_dominant,DFA,151.8,0.012401213022476062,0.0010321962297907372
nuisance_dominant,DFA,182.95000000000002,0.012390501208883862,0.0008508117133068822
nuisance_dominant,DFA,220.45000000000002,0.012415400447639028,0.0009220767778319535
nuisance_dominant,DFA,265.6,0.012341373700853454,0.000898799178636357
nuisance_dominant,DFA,320.1,0.012723055276162857,0.0009355912036725914
nuisance_dominant,DFA,385.70000000000005,0.012295916255909268,0.0008050908110269895
nuisance_dominant,DFA,464.75,0.0127286771681177,0.0008094096127309701
nuisance_dominant,DFA,560.0500000000001,0.01256482633696339,0.0010960873148369457
nuisance_dominant,DFA,674.85,0.012456333477190707,0.0011115173807854633
nuisance_dominant,DFA,813.2,0.012122663034081512,0.000886024801389545
nuisance_dominant,DFA,979.95,0.012701171528237928,0.0011237954873548576
nuisance_dominant,DFA,1180.8,0.01259729268110319,0.0010059250123672554
nuisance_dominant,DFA,1422.9,0.012616040356462088,0.0012397541999618056
nuisance_dominant,DFA,1714.6000000000001,0.012212846323115548,0.0010879420197436032
nuisance_dominant,DFA,2066.05,0.012575780595396647,0.001112254703128942
nuisance_dominant,DFA,2489.6000000000004,0.012279179555770788,0.001047553626392914
nuisance_dominant,DFA,3000.0,0.012379224561821814,0.0009834166303601944
nuisance_dominant,nDFA_0.1,0.0,0.02,0.0
nuisance_dominant,nDFA_0.1,0.05,0.019723804288846472,5.6360446277574915e-05
nuisance_dominant,nDFA_0.1,0.1,0.019481078137915442,0.00010913927965206274
nuisance_dominant,nDFA_0.1,0.15000000000000002,0.01931412932158499,0.00016012286626033656
nuisance_dominant,nDFA_0.1,0.2,0.019174887143943282,0.0001535379778358349
nuisance_dominant,nDFA_0.1,0.25,0.019017067745208872,0.0001954278387994727
nuisance_dominant,nDFA_0.1,0.30000000000000004,0.01891615811247291,0.00020089017932636003
nuisance_dominant,nDFA_0.1,0.35000000000000003,0.01877661093206623,0.00023457739842066517
nuisance_dominant,nDFA_0.1,0.45,0.01874712394811321,0.00028644161611436034
nuisance_dominant,nDFA_0.1,0.55,0.018544938708232626,0.00033861648640954467
nuisance_dominant,nDFA_0.1,0.65,0.018631762158420224,0.00037704052283413773
nuisance_dominant,nDFA_0.1,0.8,0.018528923316329382,0.0004441404143312341
nuisance_dominant,nDFA_0.1,0.9500000000000001,0.01851065550219183,0.0006455772936596543
nuisance_dominant,nDFA_0.1,1.1500000000000001,0.018178020740090277,0.0006337320062561794
nuisance_dominant,nDFA_0.1,1.4000000000000001,0.017829955872751116,0.0006741200502965588
nuisance_dominant,nDFA_0.1,1.7000000000000002,0.017628163204916607,0.0006761350871622366
nuisance_dominant,nDFA_0.1,2.0500000000000003,0.01759274627942779,0.0009366386047636189
nuisance_dominant,nDFA_0.1,2.5,0.017743503462732887,0.0008011063805062934
nuisance_dominant,nDFA_0.1,3.0,0.017572885911707824,0.0009497443240185178
nuisance_dominant,nDFA_0.1,3.6,0.017342658541095866,0.0011120227576969105
nuisance_dominant,nDFA_0.1,4.3500000000000005,0.01706470332218881,0.0009322567455185231
nuisance_dominant,nDFA_0.1,5.25,0.016912572641283766,0.0014114996116445266
nuisance_dominant,nDFA_0.1,6.3500000000000005,0.015540670085701333,0.001240572523803061
nuisance_dominant,nDFA_0.1,7.65,0.014790047842179547,0.0012458385651698304
nuisance_dominant,nDFA_0.1,9.25,0.014755146756125282,0.001364011730238276
nuisance_dominant,nDFA_0.1,11.15,0.014258612998122283,0.0013202740010948625
nuisance_dominant,nDFA_0.1,13.4,0.013903468635513552,0.0014743227637172486
nuisance_dominant,nDFA_0.1,16.2,0.013259237382773735,0.0010205665347220434
nuisance_dominant,nDFA_0.1,19.5,0.01318469905886645,0.0010086287886764958
nuisance_dominant,nDFA_0.1,23.5,0.012765370292273016,0.0010085714561987704
nuisance_dominant,nDFA_0.1,28.3,0.013200077997214989,0.0008641630431001439
nuisance_dominant,nDFA_0.1,34.15,0.013018232769001242,0.001173142692721586
nuisance_dominant,nDFA_0.1,41.150000000000006,0.013361896433596265,0.001162154869240551
nuisance_dominant,nDFA_0.1,49.550000000000004,0.013812565580740193,0.0012441470067521125
nuisance_dominant,nDFA_0.1,59.75,0.013329570402604882,0.0008899646747047126
nuisance_dominant,nDFA_0.1,72.0,0.013962764058719157,0.0009759632941877462
nuisance_dominant,nDFA_0.1,86.75,0.013723413928415126,0.0010812703662531154
nuisance_dominant,nDFA_0.1,104.55000000000001,0.012040067911207788,0.00115754898295426
nuisance_dominant,nDFA_0.1,125.95,0.012444561046404626,0.0010583203559210563
nuisance_dominant,nDFA_0.1,151.8,0.012801836651844221,0.0012771342233246043
nuisance_dominant,nDFA_0.1,182.95000000000002,0.01335004203272835,0.0008947644264822322
nuisance_dominant,nDFA_0.1,220.45000000000002,0.013060051795559672,0.0010978485597001539
nuisance_dominant,nDFA_0.1,265.6,0.013000122404973717,0.0009028464069782838
nuisance_dominant,nDFA_0.1,320.1,0.013639216205331655,0.0010384563296657696
nuisance_dominant,nDFA_0.1,385.70000000000005,0.012807086472825295,0.000922035477999596
nuisance_dominant,nDFA_0.1,464.75,0.013649149990015671,0.001058044562703301
nuisance_dominant,nDFA_0.1,560.0500000000001,0.01337115895289627,0.001061935971315355
nuisance_dominant,nDFA_0.1,674.85,0.01293787588277569,0.001157621077329895
nuisance_dominant,nDFA_0.1,813.2,0.012163075302249068,0.0009272973805366106
nuisance_dominant,nDFA_0.1,979.95,0.013359734409935528,0.0011820538684584523
nuisance_dominant,nDFA_0.1,1180.8,0.013002333871112229,0.001084736373451117
nuisance_dominant,nDFA_0.1,1422.9,0.012919899586724081,0.0011978527938982864
nuisance_dominant,nDFA_0.1,1714.6000000000001,0.013197937352749677,0.0010867183653146158
nuisance_dominant,nDFA_0.1,2066.05,0.012841506304578235,0.001131998360212224
nuisance_dominant,nDFA_0.1,2489.6000000000004,0.013129812560944107,0.001275544041955738
nuisance_dominant,nDFA_0.1,3000.0,0.01260855397326156,0.0009671320166967398
nuisance_dominant,nDFA_0.01,0.0,0.02,0.0
nuisance_dominant,nDFA_0.01,0.05,0.018696632353625856,0.00021847524160055774
nuisance_dominant,nDFA_0.01,0.1,0.017544496525512477,0.00045456965942099116
nuisance_dominant,nDFA_0.01,0.15000000000000002,0.01666687818593682,0.0006010892244354488
nuisance_dominant,nDFA_0.01,0.2,0.01590265174144872,0.0005441696901305815
nuisance_dominant,nDFA_0.01,0.25,0.01526427520428415,0.0007039747682355872
nuisance_dominant,nDFA_0.01,0.30000000000000004,0.014743829505038546,0.00063113244050007
nuisance_dominant,nDFA_0.01,0.35000000000000003,0.014182384535562106,0.0006757947807524736
nuisance_dominant,nDFA_0.01,0.45,0.013740393669497718,0.0009131456156162396
nuisance_dominant,nDFA_0.01,0.55,0.013102379585842223,0.001056267119736081
nuisance_dominant,nDFA_0.01,0.65,0.013170159650134131,0.0011477564224422782
nuisance_dominant,nDFA_0.01,0.8,0.012572262254307853,0.001256404092267872
nuisance_dominant,nDFA_0.01,0.9500000000000001,0.012432690236652708,0.0013673250391867714
nuisance_dominant,nDFA_0.01,1.1500000000000001,0.011513956202897073,0.0012680539560803354
nuisance_dominant,nDFA_0.01,1.4000000000000001,0.011339018654207025,0.0012351665612231031
nuisance_dominant,nDFA_0.01,1.7000000000000002,0.011265050526481558,0.0011028244819456636
nuisance_dominant,nDFA_0.01,2.0500000000000003,0.012023333122839286,0.0011126057140763688
nuisance_dominant,nDFA_0.01,2.5,0.012990180324553166,0.001103949690060668
nuisance_dominant,nDFA_0.01,3.0,0.013323045748420937,0.0014983191330893541
nuisance_dominant,nDFA_0.01,3.6,0.013896507087647014,0.0014353663631679135
nuisance_dominant,nDFA_0.01,4.3500000000000005,0.014103310785974923,0.001346392964554621
nuisance_dominant,nDFA_0.01,5.25,0.015433992030024934,0.0014294478708429547
nuisance_dominant,nDFA_0.01,6.3500000000000005,0.013848952809343501,0.0012336079407119693
nuisance_dominant,nDFA_0.01,7.65,0.013393802003846555,0.001198304902129705
nuisance_dominant,nDFA_0.01,9.25,0.014806842237248234,0.0014601747176743933
nuisance_dominant,nDFA_0.01,11.15,0.014361884334534059,0.001674641403184296
nuisance_dominant,nDFA_0.01,13.4,0.01470035020137025,0.0016123211734657024
nuisance_dominant,nDFA_0.01,16.2,0.014043364580153426,0.0009521376570029598
nuisance_dominant,nDFA_0.01,19.5,0.014194032034570222,0.0013065348912557986
nuisance_dominant,nDFA_0.01,23.5,0.013271759515161831,0.0011899728795557194
nuisance_dominant,nDFA_0.01,28.3,0.013922176684965964,0.0009948725122970624
nuisance_dominant,nDFA_0.01,34.15,0.014336591187892425,0.0014146969298285243
nuisance_dominant,nDFA_0.01,41.150000000000006,0.014400320130610808,0.0012128007521812454
nuisance_dominant,nDFA_0.01,49.550000000000004,0.015056258193286244,0.0012059863194010564
nuisance_dominant,nDFA_0.01,59.75,0.01427322159174038,0.001230865311540615
nuisance_dominant,nDFA_0.01,72.0,0.015220498305855118,0.0011959610398236072
nuisance_dominant,nDFA_0.01,86.75,0.014179467019285361,0.0010476707879608909
nuisance_dominant,nDFA_0.01,104.55000000000001,0.013085493859106753,0.0012075589013886
nuisance_dominant,nDFA_0.01,125.95,0.013834409528781936,0.001237605535740734
nuisance_dominant,nDFA_0.01,151.8,0.01323769575640313,0.0012657483291365513
nuisance_dominant,nDFA_0.01,182.95000000000002,0.014657605849911496,0.0011220002925046773
nuisance_dominant,nDFA_0.01,220.45000000000002,0.013533285316052466,0.0012530566215479273
nuisance_dominant,nDFA_0.01,265.6,0.013987131605455672,0.0012009266774033122
nuisance_dominant,nDFA_0.01,320.1,0.015294429869538008,0.0010965078872089975
nuisance_dominant,nDFA_0.01,385.70000000000005,0.01352279623151055,0.0009461835743192403
nuisance_dominant,nDFA_0.01,464.75,0.015111402243686277,0.0013290274395226054
nuisance_dominant,nDFA_0.01,560.0500000000001,0.014731685046958277,0.0012583881380022306
nuisance_dominant,nDFA_0.01,674.85,0.013401599080716291,0.0012009368879589899
nuisance_dominant,nDFA_0.01,813.2,0.012750978239796557,0.001175769037026286
nuisance_dominant,nDFA_0.01,979.95,0.014583700342403924,0.001326891008658428
nuisance_dominant,nDFA_0.01,1180.8,0.013594465744841402,0.0010772145949479337
nuisance_dominant,nDFA_0.01,1422.9,0.013577061695785698,0.001106158558545779
nuisance_dominant,nDFA_0.01,1714.6000000000001,0.014637618280329246,0.0011574137860612726
nuisance_dominant,nDFA_0.01,2066.05,0.013852399095672867,0.0014620045950255167
nuisance_dominant,nDFA_0.01,2489.6000000000004,0.013957870620252024,0.0014269551365497315
nuisance_dominant,nDFA_0.01,3000.0,0.012925999390195685,0.0009497090995127675
