source_file,cell,condition,method,seed,feedback_seed,feedback_rank,damping,adaptive_lr,epoch,n_train,n_test,input_noise,train_label_noise,loss,train_eval_acc,test_acc,raw_param_cosine,method_param_cosine,method_hidden_projected_step,method_hidden_norm_ratio,factorization_log_corr_mean,factorization_rel_error_mean,gradsq_factor_log_corr_mean,adam_factor_log_corr_mean,adam_exact_log_corr_mean,adam_diagk_update_cosine_mean,adam_m_diagk_update_cosine_mean
results/infodfa_adam_diagk_approx_v1/shards/shard_18/infodfa_adam_diagk_results.csv,clean_aligned,task_aligned,dfa_adam_hidden,0.0,1.0,0.0,,0.003,100.0,4096.0,4096.0,0.05,0.0,0.0003335583605803,1.0,0.974365234375,0.4942575991153717,-0.1573754251003265,-153.93201005066757,248.2621525447861,1.0000000596046448,0.1907642055302858,2.475106361998769e-05,-3.228414442446592e-07,-3.228414442446592e-07,0.8253528475761414,-0.2473189458250999
results/infodfa_adam_diagk_approx_v1/shards/shard_30/infodfa_adam_diagk_results.csv,clean_aligned,task_aligned,dfa_adam_hidden,3.0,1.0,0.0,,0.003,100.0,4096.0,4096.0,0.05,0.0,0.0006540335016325,1.0,0.9658203125,0.5266575813293457,-0.0617878511548042,-37.79903274613768,139.01523040239329,1.0000000596046448,0.2871094364672899,6.253913966247637e-06,1.4201381581813166e-07,1.4201381581813166e-07,0.8368202745914459,-0.1023528128862381
results/infodfa_adam_diagk_approx_v1/shards/shard_24/infodfa_adam_diagk_results.csv,clean_aligned,task_aligned,dfa_adam_hidden,2.0,0.0,0.0,,0.003,100.0,4096.0,4096.0,0.05,0.0,0.0006980461184866,1.0,0.97119140625,0.5065826773643494,-0.0950159430503845,-33.42664853595095,90.18717369405134,1.0000000596046448,0.4199854023754596,2.8579903244008165e-06,1.4609926957120933e-07,1.4609926957120933e-07,0.8399525582790375,-0.1844337508082389
results/infodfa_adam_diagk_approx_v1/shards/shard_20/infodfa_adam_diagk_results.csv,clean_aligned,task_aligned,dfa_adam_hidden,1.0,0.0,0.0,,0.003,100.0,4096.0,4096.0,0.05,0.0,0.0003814681840594,1.0,0.963623046875,0.5403262972831726,0.1402585655450821,92.91160460870594,172.20981775387943,1.0000000596046448,0.1145334066823124,7.024826982160448e-05,-1.6925798007605408e-07,-1.6925798007605408e-07,0.8526231646537781,0.2386864200234413
results/infodfa_adam_diagk_approx_v1/shards/shard_28/infodfa_adam_diagk_results.csv,clean_aligned,task_aligned,dfa_adam_hidden,3.0,0.0,0.0,,0.003,100.0,4096.0,4096.0,0.05,0.0,0.0006648423150181,1.0,0.968017578125,0.5259872078895569,-0.0780780017375946,-29.368099636918203,90.40739668644947,1.0000000596046448,0.2973055429756641,5.842791438226413e-06,2.9109877175415025e-08,2.9109877175415025e-08,0.8588282465934753,-0.1403579786419868
results/infodfa_adam_diagk_approx_v1/shards/shard_34/infodfa_adam_diagk_results.csv,clean_aligned,task_aligned,dfa_adam_hidden,4.0,1.0,0.0,,0.003,100.0,4096.0,4096.0,0.05,0.0,0.0004751579253934,1.0,0.971435546875,0.5212940573692322,-0.108625441789627,-52.14984910708209,123.83871963615556,1.0000000596046448,0.2095013726502657,4.70642419259093e-06,-1.0405835482174552e-07,-1.0405835482174552e-07,0.8617078959941864,-0.1720796674489975
results/infodfa_adam_diagk_approx_v1/shards/shard_32/infodfa_adam_diagk_results.csv,clean_aligned,task_aligned,dfa_adam_hidden,4.0,0.0,0.0,,0.003,100.0,4096.0,4096.0,0.05,0.0,0.000401354918722,1.0,0.9736328125,0.5378565788269043,0.0331478230655193,21.02956728106316,160.53249920462125,1.0000000596046448,0.1890750415623188,1.990943729879291e-05,-1.964682105892735e-07,-1.964682105892735e-07,0.8502532243728638,0.0945689100772142
results/infodfa_adam_diagk_approx_v1/shards/shard_22/infodfa_adam_diagk_results.csv,clean_aligned,task_aligned,dfa_adam_hidden,1.0,1.0,0.0,,0.003,100.0,4096.0,4096.0,0.05,0.0,0.0004366639768704,1.0,0.966552734375,0.4644314646720886,-0.1236805990338325,-122.251128374027,274.103713309266,1.0000000596046448,0.157807283103466,1.9782755998676294e-05,-3.452073205068018e-08,-3.452073205068018e-08,0.8496291637420654,-0.189556173980236
results/infodfa_adam_diagk_approx_v1/shards/shard_16/infodfa_adam_diagk_results.csv,clean_aligned,task_aligned,dfa_adam_hidden,0.0,0.0,0.0,,0.003,100.0,4096.0,4096.0,0.05,0.0,0.0004268667835276,1.0,0.9765625,0.5565646886825562,-0.4296034574508667,-229.8585455161928,122.9265395042399,1.0000000596046448,0.2897348273545503,4.516308322877194e-06,-3.049128096677123e-07,-3.049128096677123e-07,0.8612072467803955,-0.5920625627040863
results/infodfa_adam_diagk_approx_v1/shards/shard_26/infodfa_adam_diagk_results.csv,clean_aligned,task_aligned,dfa_adam_hidden,2.0,1.0,0.0,,0.003,100.0,4096.0,4096.0,0.05,0.0,0.0007025939994491,1.0,0.973388671875,0.4894683957099914,0.0499107763171196,14.562002967072411,80.79309528802139,1.0000000596046448,0.392609030008316,3.058069580674782e-06,-3.0978164478057124e-07,-3.0978164478057124e-07,0.8508245050907135,0.0940824225544929
results/infodfa_adam_diagk_approx_v1/shards/shard_2/infodfa_adam_diagk_results.csv,clean_aligned,task_aligned,dfa_diag_activity_sqrt,3.0,1.0,0.0,1.0,,100.0,4096.0,4096.0,0.05,0.0,0.010780687443912,0.998046875,0.968505859375,0.4984097778797149,0.5084925293922424,1.6225810638101132,0.7823537033234012,0.5499162971973419,0.6939558386802673,0.2308794111013412,,,,
results/infodfa_adam_diagk_approx_v1/shards/shard_58/infodfa_adam_diagk_results.csv,clean_aligned,task_aligned,dfa_diag_activity_sqrt,2.0,1.0,0.0,1.0,,100.0,4096.0,4096.0,0.05,0.0,0.0148894600570201,0.99609375,0.97412109375,0.4857280254364013,0.4951465129852295,1.2067100235521335,0.7806203408993222,0.5377137362957001,0.7790296077728271,0.3447869122028351,,,,
results/infodfa_adam_diagk_approx_v1/shards/shard_46/infodfa_adam_diagk_results.csv,clean_aligned,task_aligned,dfa_diag_activity_sqrt,1.0,0.0,0.0,1.0,,100.0,4096.0,4096.0,0.05,0.0,0.0049806055612862,1.0,0.96484375,0.5585010051727295,0.5721136927604675,1.8460698136776543,0.8010795715408722,0.0928093830880243,0.6671581268310547,0.038360630427578,,,,
results/infodfa_adam_diagk_approx_v1/shards/shard_38/infodfa_adam_diagk_results.csv,clean_aligned,task_aligned,dfa_diag_activity_sqrt,0.0,0.0,0.0,1.0,,100.0,4096.0,4096.0,0.05,0.0,0.0089764781296253,0.998046875,0.975341796875,0.5465520024299622,0.5592180490493774,1.7470848332164473,0.779234356059429,0.3891532123088836,0.7093061804771423,0.1912348717451095,,,,
results/infodfa_adam_diagk_approx_v1/shards/shard_54/infodfa_adam_diagk_results.csv,clean_aligned,task_aligned,dfa_diag_activity_sqrt,2.0,0.0,0.0,1.0,,100.0,4096.0,4096.0,0.05,0.0,0.0069339834153652,1.0,0.974609375,0.5215992331504822,0.532802402973175,1.6716070911019598,0.8026877101279986,0.4806731790304184,0.693063497543335,0.0917380871251225,,,,
results/infodfa_adam_diagk_approx_v1/shards/shard_62/infodfa_adam_diagk_results.csv,clean_aligned,task_aligned,dfa_diag_activity_sqrt,3.0,0.0,0.0,1.0,,100.0,4096.0,4096.0,0.05,0.0,0.0342104882001876,0.990234375,0.96533203125,0.546934962272644,0.5559958219528198,1.6392098601093334,0.7792033656453089,0.6449472308158875,0.7219290137290955,0.420269712805748,,,,
results/infodfa_adam_diagk_approx_v1/shards/shard_6/infodfa_adam_diagk_results.csv,clean_aligned,task_aligned,dfa_diag_activity_sqrt,4.0,0.0,0.0,1.0,,100.0,4096.0,4096.0,0.05,0.0,0.0079227071255445,0.998046875,0.972900390625,0.5237616300582886,0.5368817448616028,1.6521878176011122,0.7962010006827608,0.2954667434096336,0.8180464804172516,0.1765011213719844,,,,
results/infodfa_adam_diagk_approx_v1/shards/shard_42/infodfa_adam_diagk_results.csv,clean_aligned,task_aligned,dfa_diag_activity_sqrt,0.0,1.0,0.0,1.0,,100.0,4096.0,4096.0,0.05,0.0,0.0038056545890867,1.0,0.974853515625,0.5215482115745544,0.5326294898986816,1.4924738600898102,0.773731246696913,0.1859383653209079,0.7238394021987915,0.0413209670334708,,,,
results/infodfa_adam_diagk_approx_v1/shards/shard_10/infodfa_adam_diagk_results.csv,clean_aligned,task_aligned,dfa_diag_activity_sqrt,4.0,1.0,0.0,1.0,,100.0,4096.0,4096.0,0.05,0.0,0.0091136982664465,0.998046875,0.971923828125,0.519257664680481,0.5297864079475403,1.379322789502801,0.7848969509271922,0.4661889225244522,0.793254941701889,0.2413768842816352,,,,
results/infodfa_adam_diagk_approx_v1/shards/shard_50/infodfa_adam_diagk_results.csv,clean_aligned,task_aligned,dfa_diag_activity_sqrt,1.0,1.0,0.0,1.0,,100.0,4096.0,4096.0,0.05,0.0,0.0064206956885755,1.0,0.9677734375,0.529695451259613,0.5381196141242981,1.5280317976179123,0.8107761204138674,0.2133868232776876,0.6982458829879761,0.0874347258756973,,,,
results/infodfa_adam_diagk_approx_v1/shards/shard_11/infodfa_adam_diagk_results.csv,clean_aligned,task_aligned,dfa_sgd,3.0,0.0,0.0,,,100.0,4096.0,4096.0,0.05,0.0,0.0743714198470115,0.982421875,0.965576171875,0.4863064587116241,0.4863064587116241,1.661135465891263,1.0,0.6661274135112762,0.7146477699279785,0.4735260456800461,,,,
results/infodfa_adam_diagk_approx_v1/shards/shard_7/infodfa_adam_diagk_results.csv,clean_aligned,task_aligned,dfa_sgd,1.0,0.0,0.0,,,100.0,4096.0,4096.0,0.05,0.0,0.0043725650757551,1.0,0.96630859375,0.5001330971717834,0.5001330971717834,1.92950334446797,1.0,0.1509246729910955,0.700160026550293,0.0470848306957663,,,,
results/infodfa_adam_diagk_approx_v1/shards/shard_14/infodfa_adam_diagk_results.csv,clean_aligned,task_aligned,dfa_sgd,4.0,1.0,0.0,,,100.0,4096.0,4096.0,0.05,0.0,0.0132659021764993,0.998046875,0.969482421875,0.4029670357704162,0.4029670357704162,1.120807103119282,1.0,0.4448538869619369,0.836703360080719,0.2715728431940079,,,,
results/infodfa_adam_diagk_approx_v1/shards/shard_12/infodfa_adam_diagk_results.csv,clean_aligned,task_aligned,dfa_sgd,3.0,1.0,0.0,,,100.0,4096.0,4096.0,0.05,0.0,0.0078567769378423,0.998046875,0.96875,0.4190220534801483,0.4190220534801483,1.505029237417501,1.0,0.5278322845697403,0.7164641320705414,0.1974432542920112,,,,
results/infodfa_adam_diagk_approx_v1/shards/shard_6/infodfa_adam_diagk_results.csv,clean_aligned,task_aligned,dfa_sgd,0.0,1.0,0.0,,,100.0,4096.0,4096.0,0.05,0.0,0.0033564295154064,0.998046875,0.976318359375,0.4388893842697143,0.4388893842697143,1.3968153446556364,1.0,0.2069580864044837,0.7839548885822296,0.1163310371339321,,,,
results/infodfa_adam_diagk_approx_v1/shards/shard_9/infodfa_adam_diagk_results.csv,clean_aligned,task_aligned,dfa_sgd,2.0,0.0,0.0,,,100.0,4096.0,4096.0,0.05,0.0,0.0058801611885428,1.0,0.974365234375,0.4326874315738678,0.4326874315738678,1.5379987424067112,1.0,0.3885025382041931,0.7113016247749329,0.1206226013600826,,,,
results/infodfa_adam_diagk_approx_v1/shards/shard_8/infodfa_adam_diagk_results.csv,clean_aligned,task_aligned,dfa_sgd,1.0,1.0,0.0,,,100.0,4096.0,4096.0,0.05,0.0,0.0049064750783145,1.0,0.968017578125,0.4988010227680206,0.4988010227680206,1.66732078452335,1.0,0.1784837545637856,0.7068966925144196,0.0647015541788951,,,,
results/infodfa_adam_diagk_approx_v1/shards/shard_13/infodfa_adam_diagk_results.csv,clean_aligned,task_aligned,dfa_sgd,4.0,0.0,0.0,,,100.0,4096.0,4096.0,0.05,0.0,0.0333883240818977,0.990234375,0.971923828125,0.4494195282459259,0.4494195282459259,1.3382613803987915,1.0,0.5571946501731873,0.7782257199287415,0.3963555544614792,,,,
results/infodfa_adam_diagk_approx_v1/shards/shard_10/infodfa_adam_diagk_results.csv,clean_aligned,task_aligned,dfa_sgd,2.0,1.0,0.0,,,100.0,4096.0,4096.0,0.05,0.0,0.0216156002134084,0.994140625,0.97314453125,0.4119158089160919,0.4119158089160919,1.0980910836708235,1.0,0.5798129737377167,0.7700055539608002,0.3813814967870712,,,,
results/infodfa_adam_diagk_approx_v1/shards/shard_5/infodfa_adam_diagk_results.csv,clean_aligned,task_aligned,dfa_sgd,0.0,0.0,0.0,,,100.0,4096.0,4096.0,0.05,0.0,0.0083508929237723,0.998046875,0.975341796875,0.5190849304199219,0.5190849304199219,1.9990219271897776,1.0,0.4299414157867431,0.7229861915111542,0.1971050426363945,,,,
results/infodfa_adam_diagk_approx_v1/shards/shard_30/infodfa_adam_diagk_results.csv,clean_aligned,task_aligned,ndfa_activity,0.0,0.0,0.0,1.0,,100.0,4096.0,4096.0,0.05,0.0,0.0084996223449707,1.0,0.97412109375,0.7367395758628845,0.3580183982849121,0.3227150957621775,0.2483028908576924,0.2627365326188737,0.6609532833099365,0.1314177187159657,,,,
results/infodfa_adam_diagk_approx_v1/shards/shard_54/infodfa_adam_diagk_results.csv,clean_aligned,task_aligned,ndfa_activity,3.0,0.0,0.0,1.0,,100.0,4096.0,4096.0,0.05,0.0,0.0135153476148843,1.0,0.9658203125,0.7109531760215759,0.3668376803398132,0.2963404535462646,0.220568028145146,0.3661936968564987,0.5846709907054901,0.1463024709373712,,,,
results/infodfa_adam_diagk_approx_v1/shards/shard_42/infodfa_adam_diagk_results.csv,clean_aligned,task_aligned,ndfa_activity,1.0,1.0,0.0,1.0,,100.0,4096.0,4096.0,0.05,0.0,0.0103360097855329,1.0,0.968505859375,0.6321969628334045,0.4121729433536529,0.4625343571681037,0.3569253141499553,0.3161319717764854,0.6370119750499725,0.0867924059275537,,,,
results/infodfa_adam_diagk_approx_v1/shards/shard_34/infodfa_adam_diagk_results.csv,clean_aligned,task_aligned,ndfa_activity,0.0,1.0,0.0,1.0,,100.0,4096.0,4096.0,0.05,0.0,0.0076255500316619,1.0,0.97119140625,0.6585891246795654,0.3896685540676117,0.4562581946404742,0.3266026071206865,0.2362933439071639,0.6501567959785461,0.0757423108443617,,,,
results/infodfa_adam_diagk_approx_v1/shards/shard_50/infodfa_adam_diagk_results.csv,clean_aligned,task_aligned,ndfa_activity,2.0,1.0,0.0,1.0,,100.0,4096.0,4096.0,0.05,0.0,0.0124221248552203,1.0,0.97119140625,0.6708644032478333,0.3792651891708374,0.4308519152280822,0.3287189454750494,0.4646117389202118,0.5896655321121216,0.1329936161637306,,,,
results/infodfa_adam_diagk_approx_v1/shards/shard_62/infodfa_adam_diagk_results.csv,clean_aligned,task_aligned,ndfa_activity,4.0,0.0,0.0,1.0,,100.0,4096.0,4096.0,0.05,0.0,0.0102726882323622,1.0,0.972900390625,0.7255489230155945,0.3902047574520111,0.3618845947945343,0.2673199950695656,0.2525974288582802,0.6752931475639343,0.1332315485924482,,,,
results/infodfa_adam_diagk_approx_v1/shards/shard_58/infodfa_adam_diagk_results.csv,clean_aligned,task_aligned,ndfa_activity,3.0,1.0,0.0,1.0,,100.0,4096.0,4096.0,0.05,0.0,0.0127334240823984,1.0,0.965576171875,0.6818696856498718,0.3685916066169739,0.3103234944059125,0.2221482705795131,0.5323687791824341,0.5862834453582764,0.1911428421735763,,,,
results/infodfa_adam_diagk_approx_v1/shards/shard_38/infodfa_adam_diagk_results.csv,clean_aligned,task_aligned,ndfa_activity,1.0,0.0,0.0,1.0,,100.0,4096.0,4096.0,0.05,0.0,0.0087650883942842,1.0,0.966064453125,0.7058875560760498,0.4418148994445801,0.5411391883537987,0.331395199199258,0.4879281669855118,0.6118193566799164,0.1053658621385693,,,,
results/infodfa_adam_diagk_approx_v1/shards/shard_2/infodfa_adam_diagk_results.csv,clean_aligned,task_aligned,ndfa_activity,4.0,1.0,0.0,1.0,,100.0,4096.0,4096.0,0.05,0.0,0.0108832716941833,1.0,0.97119140625,0.6418615579605103,0.3901466131210327,0.3757646131480578,0.2762812643768392,0.4280921071767807,0.6251080334186554,0.1433544103056192,,,,
results/infodfa_adam_diagk_approx_v1/shards/shard_46/infodfa_adam_diagk_results.csv,clean_aligned,task_aligned,ndfa_activity,2.0,0.0,0.0,1.0,,100.0,4096.0,4096.0,0.05,0.0,0.0113570243120193,1.0,0.971435546875,0.6687926650047302,0.4187463819980621,0.5614055971109426,0.3751161339412182,0.5341137051582336,0.6707078814506531,0.1738427504897117,,,,
results/infodfa_adam_diagk_approx_v1/shards/shard_13/infodfa_adam_diagk_results.csv,low_sample_noisy,low_sample_noisy,dfa_adam_hidden,1.0,0.0,0.0,,0.003,100.0,512.0,4096.0,0.15,0.4,0.0136154927313327,1.0,0.293701171875,0.4743627309799194,0.3588079214096069,28.835864541274308,17.657661329975884,0.4206610078836093,0.2836859151721,0.0496506723575294,0.076277389191091,0.0593177941782983,0.8724924921989441,0.8235130310058594
results/infodfa_adam_diagk_approx_v1/shards/shard_25/infodfa_adam_diagk_results.csv,low_sample_noisy,low_sample_noisy,dfa_adam_hidden,4.0,0.0,0.0,,0.003,100.0,512.0,4096.0,0.15,0.4,0.0162183605134487,1.0,0.328125,0.4637048542499542,0.314450740814209,18.631027124864413,12.889674856203762,0.5234056413173676,0.3404771685600281,0.0848259525373578,0.1843091584742069,0.1450271476060152,0.8118952214717865,0.7640846371650696
results/infodfa_adam_diagk_approx_v1/shards/shard_19/infodfa_adam_diagk_results.csv,low_sample_noisy,low_sample_noisy,dfa_adam_hidden,2.0,1.0,0.0,,0.003,100.0,512.0,4096.0,0.15,0.4,0.0168420188128948,1.0,0.326171875,0.4611828625202179,0.337961196899414,22.972361540182867,14.185982070572855,0.6535530090332031,0.3590561747550964,0.0895990720018744,0.1587188504636287,0.1237343326210975,0.84232097864151,0.8004686236381531
results/infodfa_adam_diagk_approx_v1/shards/shard_15/infodfa_adam_diagk_results.csv,low_sample_noisy,low_sample_noisy,dfa_adam_hidden,1.0,1.0,0.0,,0.003,100.0,512.0,4096.0,0.15,0.4,0.0152439232915639,1.0,0.301025390625,0.4833252131938934,0.3339909315109253,22.262150391434783,14.785141269185932,0.3292770981788635,0.3269977271556854,0.0397742167115211,0.0686265309341251,0.0529494347350549,0.8658837080001831,0.7899980247020721
results/infodfa_adam_diagk_approx_v1/shards/shard_23/infodfa_adam_diagk_results.csv,low_sample_noisy,low_sample_noisy,dfa_adam_hidden,3.0,1.0,0.0,,0.003,100.0,512.0,4096.0,0.15,0.4,0.015913913026452,1.0,0.32177734375,0.4936753809452057,0.342350959777832,22.88900218782544,14.233755861709128,0.7531899213790894,0.3454892784357071,0.0741282906383276,0.149041760712862,0.1149597112089395,0.8387930989265442,0.7951638400554657
results/infodfa_adam_diagk_approx_v1/shards/shard_9/infodfa_adam_diagk_results.csv,low_sample_noisy,low_sample_noisy,dfa_adam_hidden,0.0,0.0,0.0,,0.003,100.0,512.0,4096.0,0.15,0.4,0.014170522801578,1.0,0.354248046875,0.4807610809803009,0.3455153107643127,23.236880620586945,14.81653937868437,0.271955820848234,0.3318740129470825,0.0560210407711565,0.0984301567077636,0.0561095156640334,0.8629432022571564,0.8006236255168915
results/infodfa_adam_diagk_approx_v1/shards/shard_27/infodfa_adam_diagk_results.csv,low_sample_noisy,low_sample_noisy,dfa_adam_hidden,4.0,1.0,0.0,,0.003,100.0,512.0,4096.0,0.15,0.4,0.0156550928950309,1.0,0.326171875,0.4680663049221039,0.3025979101657867,16.526775614115692,11.902579182568555,0.4662225395441055,0.3357221186161041,0.0732047380879521,0.154185838997364,0.129155546426773,0.8558803796768188,0.7368852496147156
results/infodfa_adam_diagk_approx_v1/shards/shard_17/infodfa_adam_diagk_results.csv,low_sample_noisy,low_sample_noisy,dfa_adam_hidden,2.0,0.0,0.0,,0.003,100.0,512.0,4096.0,0.15,0.4,0.0160060115158557,1.0,0.305908203125,0.4705871045589447,0.3361266255378723,21.431553400011005,13.754951989296272,0.7206326127052307,0.3874681293964386,0.1072633303701877,0.1958408392965793,0.1474088262766599,0.8525639474391937,0.7913687229156494
results/infodfa_adam_diagk_approx_v1/shards/shard_11/infodfa_adam_diagk_results.csv,low_sample_noisy,low_sample_noisy,dfa_adam_hidden,0.0,1.0,0.0,,0.003,100.0,512.0,4096.0,0.15,0.4,0.0143868951126933,1.0,0.353759765625,0.4728915393352508,0.327406495809555,23.134607589565608,16.13512254158909,0.5309968292713165,0.3231490403413772,0.0432547647505998,0.067856702953577,0.0546537982299923,0.8039902746677399,0.7882645130157471
results/infodfa_adam_diagk_approx_v1/shards/shard_21/infodfa_adam_diagk_results.csv,low_sample_noisy,low_sample_noisy,dfa_adam_hidden,3.0,0.0,0.0,,0.003,100.0,512.0,4096.0,0.15,0.4,0.0168003570288419,1.0,0.322021484375,0.4679354131221771,0.3086658120155334,18.453192652237707,12.53698299867344,0.79902184009552,0.3095061630010605,0.1131968684494495,0.1658394895493984,0.1371429730206728,0.8449470698833466,0.7628524303436279
results/infodfa_adam_diagk_approx_v1/shards/shard_29/infodfa_adam_diagk_results.csv,low_sample_noisy,low_sample_noisy,dfa_diag_activity_sqrt,0.0,0.0,0.0,0.1,,100.0,512.0,4096.0,0.15,0.4,4.47710590378847e-05,1.0,0.35009765625,0.4630166292190552,0.4183200895786285,0.1881605028621519,0.4326286949006162,1.0000000596046448,0.0789817487820983,0.0001648924153414,,,,
results/infodfa_adam_diagk_approx_v1/shards/shard_53/infodfa_adam_diagk_results.csv,low_sample_noisy,low_sample_noisy,dfa_diag_activity_sqrt,3.0,0.0,0.0,0.1,,100.0,512.0,4096.0,0.15,0.4,1.4408601600734984e-05,1.0,0.36328125,0.4771044850349426,0.4538498222827911,0.2257853478656366,0.3813332745297457,1.0000000596046448,0.0270539070479571,0.5000346314300259,,,,
results/infodfa_adam_diagk_approx_v1/shards/shard_41/infodfa_adam_diagk_results.csv,low_sample_noisy,low_sample_noisy,dfa_diag_activity_sqrt,1.0,1.0,0.0,0.1,,100.0,512.0,4096.0,0.15,0.4,5.539417907129973e-05,1.0,0.30810546875,0.5260339379310608,0.5269784331321716,0.4040301107935458,0.4191354542436412,1.0000000596046448,0.0273781060241162,0.5000374625305994,,,,
results/infodfa_adam_diagk_approx_v1/shards/shard_33/infodfa_adam_diagk_results.csv,low_sample_noisy,low_sample_noisy,dfa_diag_activity_sqrt,0.0,1.0,0.0,0.1,,100.0,512.0,4096.0,0.15,0.4,0.0001088199060177,1.0,0.3359375,0.5021871328353882,0.4832490980625152,0.4238438022500186,0.458304023811287,1.0000000596046448,0.0692361341789364,3.7149004128878005e-05,,,,
results/infodfa_adam_diagk_approx_v1/shards/shard_49/infodfa_adam_diagk_results.csv,low_sample_noisy,low_sample_noisy,dfa_diag_activity_sqrt,2.0,1.0,0.0,0.1,,100.0,512.0,4096.0,0.15,0.4,0.0004567354917526,1.0,0.313232421875,0.5246548652648926,0.449313759803772,0.4749525189905541,0.4838869824546409,1.0000000596046448,0.4312691763043403,6.075917440284684e-06,,,,
results/infodfa_adam_diagk_approx_v1/shards/shard_61/infodfa_adam_diagk_results.csv,low_sample_noisy,low_sample_noisy,dfa_diag_activity_sqrt,4.0,0.0,0.0,0.1,,100.0,512.0,4096.0,0.15,0.4,1.2643891750485636e-05,1.0,0.346435546875,0.5906938314437866,0.5959144830703735,0.2066527148601421,0.392688864388547,1.0000000596046448,0.0044603755231946,1.0000000596046448,,,,
results/infodfa_adam_diagk_approx_v1/shards/shard_57/infodfa_adam_diagk_results.csv,low_sample_noisy,low_sample_noisy,dfa_diag_activity_sqrt,3.0,1.0,0.0,0.1,,100.0,512.0,4096.0,0.15,0.4,1.0194039532507304e-05,1.0,0.358642578125,0.663702130317688,0.5991502404212952,0.2898457071130063,0.4825960896689159,1.0000000596046448,0.0083274646895006,1.0000000596046448,,,,
results/infodfa_adam_diagk_approx_v1/shards/shard_37/infodfa_adam_diagk_results.csv,low_sample_noisy,low_sample_noisy,dfa_diag_activity_sqrt,1.0,0.0,0.0,0.1,,100.0,512.0,4096.0,0.15,0.4,1.7134836980403634e-06,1.0,0.330810546875,0.6085901856422424,0.6180728077888489,0.1688498790581463,0.3549235625725473,1.0000000596046448,0.0003167130744259,1.0000000596046448,,,,
results/infodfa_adam_diagk_approx_v1/shards/shard_1/infodfa_adam_diagk_results.csv,low_sample_noisy,low_sample_noisy,dfa_diag_activity_sqrt,4.0,1.0,0.0,0.1,,100.0,512.0,4096.0,0.15,0.4,4.103623268747469e-06,1.0,0.34765625,0.5597612857818604,0.5855116844177246,0.1463016455684272,0.3641288422086495,1.0000000596046448,0.0010565128759481,1.0000000596046448,,,,
results/infodfa_adam_diagk_approx_v1/shards/shard_45/infodfa_adam_diagk_results.csv,low_sample_noisy,low_sample_noisy,dfa_diag_activity_sqrt,2.0,0.0,0.0,0.1,,100.0,512.0,4096.0,0.15,0.4,0.0009984755888581,1.0,0.303955078125,0.4702018499374389,0.4066247045993805,0.5747833415255386,0.4739300692373003,1.0000000596046448,0.6620683073997498,8.943639997482933e-07,,,,
results/infodfa_adam_diagk_approx_v1/shards/shard_1/infodfa_adam_diagk_results.csv,low_sample_noisy,low_sample_noisy,dfa_sgd,1.0,1.0,0.0,,,100.0,512.0,4096.0,0.15,0.4,0.0,1.0,0.301025390625,6.777186078287855e-21,6.777186078287855e-21,6.777186314023185e-21,5.022461060931967e-11,1.0000000596046448,0.0,1.0000000596046448,,,,
results/infodfa_adam_diagk_approx_v1/shards/shard_62/infodfa_adam_diagk_results.csv,low_sample_noisy,low_sample_noisy,dfa_sgd,0.0,0.0,0.0,,,100.0,512.0,4096.0,0.15,0.4,0.0,1.0,0.352294921875,5.164362420508311e-15,5.164362420508311e-15,5.164362271760918e-15,3.401213991900518e-08,1.0000000596046448,0.0,1.0000000596046448,,,,
results/infodfa_adam_diagk_approx_v1/shards/shard_4/infodfa_adam_diagk_results.csv,low_sample_noisy,low_sample_noisy,dfa_sgd,3.0,0.0,0.0,,,100.0,512.0,4096.0,0.15,0.4,6.984918754504577e-10,1.0,0.31689453125,0.0143449110910296,0.0143449110910296,0.0143449112316321,0.1117619830868235,1.0000000596046448,7.097161747182668e-11,1.0000000596046448,,,,
results/infodfa_adam_diagk_approx_v1/shards/shard_2/infodfa_adam_diagk_results.csv,low_sample_noisy,low_sample_noisy,dfa_sgd,2.0,0.0,0.0,,,100.0,512.0,4096.0,0.15,0.4,3.340692043304444,0.98828125,0.31982421875,0.4986128509044647,0.4986128509044647,0.0869605748854585,1.0,0.7899565100669861,0.7192451059818268,0.7550828456878662,,,,
results/infodfa_adam_diagk_approx_v1/shards/shard_6/infodfa_adam_diagk_results.csv,low_sample_noisy,low_sample_noisy,dfa_sgd,4.0,0.0,0.0,,,100.0,512.0,4096.0,0.15,0.4,544.6070556640625,0.76953125,0.322021484375,0.6222949028015137,0.6222949028015137,0.0611988424941243,1.0,0.9617859721183776,0.3699458315968513,0.6537956297397614,,,,
results/infodfa_adam_diagk_approx_v1/shards/shard_7/infodfa_adam_diagk_results.csv,low_sample_noisy,low_sample_noisy,dfa_sgd,4.0,1.0,0.0,,,100.0,512.0,4096.0,0.15,0.4,0.0,1.0,0.3427734375,1.5311147872703384e-28,1.5311147872703384e-28,1.531114754059868e-28,6.430794684885687e-15,1.0000000596046448,0.0,1.0000000596046448,,,,
results/infodfa_adam_diagk_approx_v1/shards/shard_63/infodfa_adam_diagk_results.csv,low_sample_noisy,low_sample_noisy,dfa_sgd,0.0,1.0,0.0,,,100.0,512.0,4096.0,0.15,0.4,5.0756753466885136e-08,1.0,0.380126953125,0.6168261170387268,0.6168261170387268,0.0995591326172773,1.0,1.0000000596046448,2.5323692298684364e-07,1.0000000596046448,,,,
results/infodfa_adam_diagk_approx_v1/shards/shard_3/infodfa_adam_diagk_results.csv,low_sample_noisy,low_sample_noisy,dfa_sgd,2.0,1.0,0.0,,,100.0,512.0,4096.0,0.15,0.4,0.3360905349254608,0.99609375,0.3212890625,0.3490741848945617,0.3490741848945617,0.070088028338605,1.0,0.7133603394031525,0.808226466178894,0.680771142244339,,,,
results/infodfa_adam_diagk_approx_v1/shards/shard_0/infodfa_adam_diagk_results.csv,low_sample_noisy,low_sample_noisy,dfa_sgd,1.0,0.0,0.0,,,100.0,512.0,4096.0,0.15,0.4,2005.76904296875,0.783203125,0.321044921875,0.4930348992347717,0.4930348992347717,0.0126803889566748,1.0,0.9598063826560974,0.3073398023843765,0.6583492904901505,,,,
results/infodfa_adam_diagk_approx_v1/shards/shard_5/infodfa_adam_diagk_results.csv,low_sample_noisy,low_sample_noisy,dfa_sgd,3.0,1.0,0.0,,,100.0,512.0,4096.0,0.15,0.4,0.8317480087280273,0.99609375,0.357421875,0.4290438294410705,0.4290438294410705,0.0348338067472405,1.0,0.6908011436462402,0.892429381608963,0.7024683952331543,,,,
results/infodfa_adam_diagk_approx_v1/shards/shard_25/infodfa_adam_diagk_results.csv,low_sample_noisy,low_sample_noisy,ndfa_activity,0.0,1.0,0.0,0.1,,100.0,512.0,4096.0,0.15,0.4,0.0098688257858157,1.0,0.435302734375,0.569258987903595,0.1678005307912826,0.7978892442145461,0.9514411332800474,1.0000000596046448,0.2429132163524627,4.554649066790262e-07,,,,
results/infodfa_adam_diagk_approx_v1/shards/shard_49/infodfa_adam_diagk_results.csv,low_sample_noisy,low_sample_noisy,ndfa_activity,3.0,1.0,0.0,0.1,,100.0,512.0,4096.0,0.15,0.4,0.0092808119952678,1.0,0.39892578125,0.5964578986167908,0.1720204502344131,0.8911880458034592,0.98058340857604,1.0000000596046448,0.2517526969313621,5.211425602169584e-07,,,,
results/infodfa_adam_diagk_approx_v1/shards/shard_37/infodfa_adam_diagk_results.csv,low_sample_noisy,low_sample_noisy,ndfa_activity,2.0,0.0,0.0,0.1,,100.0,512.0,4096.0,0.15,0.4,0.0092560220509767,1.0,0.40771484375,0.5431299805641174,0.1765457987785339,0.9323045649623088,1.0132436445995912,0.5,0.2490819469094276,0.0054808052673962,,,,
results/infodfa_adam_diagk_approx_v1/shards/shard_29/infodfa_adam_diagk_results.csv,low_sample_noisy,low_sample_noisy,ndfa_activity,1.0,0.0,0.0,0.1,,100.0,512.0,4096.0,0.15,0.4,0.0096183409914374,1.0,0.405029296875,0.5532551407814026,0.1753472983837127,0.8790115292248334,0.980245934282228,0.500254612416029,0.2444997653365135,6.243300845198974e-07,,,,
results/infodfa_adam_diagk_approx_v1/shards/shard_45/infodfa_adam_diagk_results.csv,low_sample_noisy,low_sample_noisy,ndfa_activity,3.0,0.0,0.0,0.1,,100.0,512.0,4096.0,0.15,0.4,0.0090130819007754,1.0,0.398681640625,0.5671837329864502,0.1786810308694839,0.970813646003628,0.9881720043583102,1.0000000596046448,0.2377742752432823,-7.517907434362314e-07,,,,
results/infodfa_adam_diagk_approx_v1/shards/shard_57/infodfa_adam_diagk_results.csv,low_sample_noisy,low_sample_noisy,ndfa_activity,4.0,1.0,0.0,0.1,,100.0,512.0,4096.0,0.15,0.4,0.009260332211852,1.0,0.39501953125,0.5466222763061523,0.1744755953550338,0.8952281498536144,0.9906083142529346,1.0000000596046448,0.236925795674324,3.823674177283465e-07,,,,
results/infodfa_adam_diagk_approx_v1/shards/shard_53/infodfa_adam_diagk_results.csv,low_sample_noisy,low_sample_noisy,ndfa_activity,4.0,0.0,0.0,0.1,,100.0,512.0,4096.0,0.15,0.4,0.0091483052819967,1.0,0.383056640625,0.5873926877975464,0.1719194799661636,0.8815422991522165,0.9432194304873012,1.0000000596046448,0.2407021075487136,-7.979698750659736e-07,,,,
results/infodfa_adam_diagk_approx_v1/shards/shard_33/infodfa_adam_diagk_results.csv,low_sample_noisy,low_sample_noisy,ndfa_activity,1.0,1.0,0.0,0.1,,100.0,512.0,4096.0,0.15,0.4,0.009740175679326,1.0,0.40478515625,0.5429667830467224,0.1728900074958801,0.8138380250681927,0.9334589707434208,1.0000000596046448,0.2560493126511574,1.5014427390269702e-07,,,,
results/infodfa_adam_diagk_approx_v1/shards/shard_21/infodfa_adam_diagk_results.csv,low_sample_noisy,low_sample_noisy,ndfa_activity,0.0,0.0,0.0,0.1,,100.0,512.0,4096.0,0.15,0.4,0.0095965042710304,1.0,0.43701171875,0.5602501034736633,0.1777935177087783,0.8843555143081042,0.9837035028644068,1.0000000596046448,0.234176754951477,8.77692514222872e-07,,,,
results/infodfa_adam_diagk_approx_v1/shards/shard_41/infodfa_adam_diagk_results.csv,low_sample_noisy,low_sample_noisy,ndfa_activity,2.0,1.0,0.0,0.1,,100.0,512.0,4096.0,0.15,0.4,0.0093948300927877,1.0,0.400634765625,0.5728827714920044,0.1744041889905929,0.8985878878005793,0.990105598509166,1.0000000596046448,0.2463282123208046,4.8909809891029e-07,,,,
results/infodfa_adam_diagk_approx_v1/shards/shard_2/infodfa_adam_diagk_results.csv,mixed_hard,mixed_context,dfa_adam_hidden,3.0,0.0,0.0,,0.003,100.0,1024.0,4096.0,0.15,0.2,0.0151862166821956,1.0,0.384765625,0.6320968270301819,0.1412179470062255,4.709835222340831,7.49012451704924,0.9140808284282684,0.3285468965768814,0.05043030833707,0.0815779532160405,0.0694142321910504,0.8516493737697601,0.2502572387456894
results/infodfa_adam_diagk_approx_v1/shards/shard_60/infodfa_adam_diagk_results.csv,mixed_hard,mixed_context,dfa_adam_hidden,1.0,1.0,0.0,,0.003,100.0,1024.0,4096.0,0.15,0.2,0.015367841348052,1.0,0.319580078125,0.6406873464584351,0.1520914882421493,5.092679643186747,8.141186225182862,0.7838751971721649,0.3290815949440002,0.0415968972016003,0.0642287747972503,0.0476424748116031,0.8936758041381836,0.2489112541079521
results/infodfa_adam_diagk_approx_v1/shards/shard_56/infodfa_adam_diagk_results.csv,mixed_hard,mixed_context,dfa_adam_hidden,0.0,1.0,0.0,,0.003,100.0,1024.0,4096.0,0.15,0.2,0.0136603135615587,1.0,0.394287109375,0.6294865608215332,0.0934633091092109,2.442824302563799,6.50478639968016,0.7013473957777023,0.3277163207530975,0.0271622718718802,0.0408264566744875,0.0310172867561888,0.8897943496704102,0.2062380611896515
results/infodfa_adam_diagk_approx_v1/shards/shard_4/infodfa_adam_diagk_results.csv,mixed_hard,mixed_context,dfa_adam_hidden,3.0,1.0,0.0,,0.003,100.0,1024.0,4096.0,0.15,0.2,0.0157900489866733,1.0,0.37841796875,0.6282582879066467,0.1378283649682998,4.464030823278868,7.6359600888126815,0.7484763562679291,0.3291286528110504,0.0555341895669698,0.0907386150211095,0.0788525473326444,0.8577578961849213,0.235714703798294
results/infodfa_adam_diagk_approx_v1/shards/shard_6/infodfa_adam_diagk_results.csv,mixed_hard,mixed_context,dfa_adam_hidden,4.0,0.0,0.0,,0.003,100.0,1024.0,4096.0,0.15,0.2,0.0158312171697616,1.0,0.381103515625,0.5977480411529541,0.2051191180944442,6.734009049369829,7.819599320245099,0.3508748854510486,0.2768241688609123,0.067499010823667,0.0910398568958044,0.0673532882948393,0.8857274651527405,0.3155612349510193
results/infodfa_adam_diagk_approx_v1/shards/shard_8/infodfa_adam_diagk_results.csv,mixed_hard,mixed_context,dfa_adam_hidden,4.0,1.0,0.0,,0.003,100.0,1024.0,4096.0,0.15,0.2,0.0163680892437696,1.0,0.380859375,0.5769789218902588,-0.0423212200403213,-16.764790099832783,87.59437405665665,0.3970617353916168,0.7249479293823242,0.1516889072954654,0.178579106926918,0.1173815131187439,0.526808176189661,0.3049274459481239
results/infodfa_adam_diagk_approx_v1/shards/shard_62/infodfa_adam_diagk_results.csv,mixed_hard,mixed_context,dfa_adam_hidden,2.0,0.0,0.0,,0.003,100.0,1024.0,4096.0,0.15,0.2,0.0147240050137043,1.0,0.3681640625,0.6250623464584351,0.1170367076992988,3.273159332115293,6.454035317111619,0.9185047149658204,0.3265665769577026,0.0575864962247578,0.0941211178309586,0.0820084407336381,0.868723064661026,0.2163876146078109
results/infodfa_adam_diagk_approx_v1/shards/shard_54/infodfa_adam_diagk_results.csv,mixed_hard,mixed_context,dfa_adam_hidden,0.0,0.0,0.0,,0.003,100.0,1024.0,4096.0,0.15,0.2,0.0133347250521183,1.0,0.39453125,0.5948644876480103,0.1365961283445358,3.391015586181489,6.138280463580552,0.7851819396018982,0.3192647099494934,0.0315247697843403,0.0542052316350378,0.0405074695927538,0.8823963403701782,0.2350836023688316
results/infodfa_adam_diagk_approx_v1/shards/shard_0/infodfa_adam_diagk_results.csv,mixed_hard,mixed_context,dfa_adam_hidden,2.0,1.0,0.0,,0.003,100.0,1024.0,4096.0,0.15,0.2,0.0139010716229677,1.0,0.36962890625,0.5966302752494812,0.1162283793091774,3.1483114057272075,6.566708890719313,0.797325074672699,0.3469018638134002,0.0431313331380991,0.0694680772134432,0.0555949247786173,0.8603479564189911,0.2267229929566383
results/infodfa_adam_diagk_approx_v1/shards/shard_58/infodfa_adam_diagk_results.csv,mixed_hard,mixed_context,dfa_adam_hidden,1.0,0.0,0.0,,0.003,100.0,1024.0,4096.0,0.15,0.2,0.0137591063976287,1.0,0.320556640625,0.6519692540168762,0.1510919630527496,5.895993304797342,9.095814979881355,0.8946137428283691,0.3277393281459808,0.0372152445753926,0.0506081960762259,0.0413105904722925,0.8799335956573486,0.2190551534295082
results/infodfa_adam_diagk_approx_v1/shards/shard_17/infodfa_adam_diagk_results.csv,mixed_hard,mixed_context,dfa_diag_activity_sqrt,1.0,0.0,0.0,0.03,,100.0,1024.0,4096.0,0.15,0.2,0.0765260756015777,0.994140625,0.33349609375,0.6197530627250671,0.6354550719261169,0.0872727961024285,0.3837995390249669,0.675477534532547,0.8684670329093933,0.6545398831367493,,,,
results/infodfa_adam_diagk_approx_v1/shards/shard_41/infodfa_adam_diagk_results.csv,mixed_hard,mixed_context,dfa_diag_activity_sqrt,4.0,0.0,0.0,0.03,,100.0,1024.0,4096.0,0.15,0.2,3.771734213842137e-07,1.0,0.41796875,0.6375069618225098,0.6678912043571472,0.1730994702929434,0.4413000424327288,1.0000000596046448,1.5315910559365875e-05,1.0000000596046448,,,,
results/infodfa_adam_diagk_approx_v1/shards/shard_29/infodfa_adam_diagk_results.csv,mixed_hard,mixed_context,dfa_diag_activity_sqrt,2.0,1.0,0.0,0.03,,100.0,1024.0,4096.0,0.15,0.2,5.791076546302065e-06,1.0,0.394775390625,0.4150002002716064,0.4193750023841858,0.1596038840269973,0.4898220143897389,1.0000000596046448,0.0027847009769175,1.0000000596046448,,,,
results/infodfa_adam_diagk_approx_v1/shards/shard_21/infodfa_adam_diagk_results.csv,mixed_hard,mixed_context,dfa_diag_activity_sqrt,1.0,1.0,0.0,0.03,,100.0,1024.0,4096.0,0.15,0.2,5.27414376847446e-05,1.0,0.31689453125,0.5648074746131897,0.530407190322876,0.2990136099082105,0.4528308273474841,1.0000000596046448,0.0501229020301252,0.5000142723165482,,,,
results/infodfa_adam_diagk_approx_v1/shards/shard_37/infodfa_adam_diagk_results.csv,mixed_hard,mixed_context,dfa_diag_activity_sqrt,3.0,1.0,0.0,0.03,,100.0,1024.0,4096.0,0.15,0.2,9.854650124907494e-05,1.0,0.4091796875,0.4904982447624206,0.4405715763568878,0.2758340695245684,0.5006074650808068,1.0000000596046448,0.0989348972216248,5.4761418141424656e-05,,,,
results/infodfa_adam_diagk_approx_v1/shards/shard_9/infodfa_adam_diagk_results.csv,mixed_hard,mixed_context,dfa_diag_activity_sqrt,0.0,0.0,0.0,0.03,,100.0,1024.0,4096.0,0.15,0.2,1.880032505141571e-05,1.0,0.39453125,0.5805188417434692,0.6014847755432129,0.233280787323256,0.4603268451026301,1.0000000596046448,0.005785153072793,0.50017154586385,,,,
results/infodfa_adam_diagk_approx_v1/shards/shard_45/infodfa_adam_diagk_results.csv,mixed_hard,mixed_context,dfa_diag_activity_sqrt,4.0,1.0,0.0,0.03,,100.0,1024.0,4096.0,0.15,0.2,1.5915094991214573e-05,1.0,0.410400390625,0.5698527097702026,0.583329439163208,0.2367996562018733,0.4414129689158761,1.0000000596046448,0.0164533401839435,0.5000422158627771,,,,
results/infodfa_adam_diagk_approx_v1/shards/shard_25/infodfa_adam_diagk_results.csv,mixed_hard,mixed_context,dfa_diag_activity_sqrt,2.0,0.0,0.0,0.03,,100.0,1024.0,4096.0,0.15,0.2,0.0003447200579103,1.0,0.37451171875,0.4708663821220398,0.3537983894348144,0.2524942072042722,0.5303809225163698,1.0000000596046448,0.5148237347602844,8.22080278339854e-06,,,,
results/infodfa_adam_diagk_approx_v1/shards/shard_13/infodfa_adam_diagk_results.csv,mixed_hard,mixed_context,dfa_diag_activity_sqrt,0.0,1.0,0.0,0.03,,100.0,1024.0,4096.0,0.15,0.2,1.611676998436451e-05,1.0,0.43310546875,0.5411247611045837,0.5452162623405457,0.2530586816620025,0.4787615838424359,1.0000000596046448,0.0033905972377397,1.0000000596046448,,,,
results/infodfa_adam_diagk_approx_v1/shards/shard_33/infodfa_adam_diagk_results.csv,mixed_hard,mixed_context,dfa_diag_activity_sqrt,3.0,0.0,0.0,0.03,,100.0,1024.0,4096.0,0.15,0.2,2.434551606711466e-05,1.0,0.39306640625,0.557864785194397,0.484783262014389,0.336085781263884,0.5277012371524873,1.0000000596046448,0.0194011288695037,0.500066682776378,,,,
results/infodfa_adam_diagk_approx_v1/shards/shard_44/infodfa_adam_diagk_results.csv,mixed_hard,mixed_context,dfa_sgd,0.0,1.0,0.0,,,100.0,1024.0,4096.0,0.15,0.2,0.0,1.0,0.41357421875,4.0623962527241986e-10,4.0623962527241986e-10,4.0623964987456646e-10,1.072991384284594e-05,1.0000000596046448,0.0,1.0000000596046448,,,,
results/infodfa_adam_diagk_approx_v1/shards/shard_50/infodfa_adam_diagk_results.csv,mixed_hard,mixed_context,dfa_sgd,3.0,1.0,0.0,,,100.0,1024.0,4096.0,0.15,0.2,8.518095016479492,0.95703125,0.388671875,0.4985764026641845,0.4985764026641845,0.0573750845179047,1.0,0.8559653162956238,0.6088844984769821,0.6561552137136459,,,,
results/infodfa_adam_diagk_approx_v1/shards/shard_47/infodfa_adam_diagk_results.csv,mixed_hard,mixed_context,dfa_sgd,2.0,0.0,0.0,,,100.0,1024.0,4096.0,0.15,0.2,0.6861952543258667,0.986328125,0.390869140625,0.4912644028663635,0.4912644028663635,0.1092632505641285,1.0,0.7076185345649719,0.8539615273475647,0.6218733340501785,,,,
results/infodfa_adam_diagk_approx_v1/shards/shard_45/infodfa_adam_diagk_results.csv,mixed_hard,mixed_context,dfa_sgd,1.0,0.0,0.0,,,100.0,1024.0,4096.0,0.15,0.2,81.47463989257812,0.853515625,0.2958984375,0.7222020030021667,0.7222020030021667,0.0824462775858588,1.0,0.9396105110645294,0.4092112481594085,0.667309895157814,,,,
results/infodfa_adam_diagk_approx_v1/shards/shard_49/infodfa_adam_diagk_results.csv,mixed_hard,mixed_context,dfa_sgd,3.0,0.0,0.0,,,100.0,1024.0,4096.0,0.15,0.2,0.0001173547498183,1.0,0.382080078125,0.0328904800117015,0.0328904800117015,0.0359619477325601,1.0,1.0000000596046448,0.6711893826723099,8.95219886842824e-06,,,,
results/infodfa_adam_diagk_approx_v1/shards/shard_52/infodfa_adam_diagk_results.csv,mixed_hard,mixed_context,dfa_sgd,4.0,1.0,0.0,,,100.0,1024.0,4096.0,0.15,0.2,1.463798999786377,0.990234375,0.405029296875,0.5280670523643494,0.5280670523643494,0.069794525120742,1.0,0.6803953647613525,0.8365541398525238,0.633146196603775,,,,
results/infodfa_adam_diagk_approx_v1/shards/shard_51/infodfa_adam_diagk_results.csv,mixed_hard,mixed_context,dfa_sgd,4.0,0.0,0.0,,,100.0,1024.0,4096.0,0.15,0.2,5.913808820423584e-08,1.0,0.411376953125,0.4988986849784851,0.4988986849784851,0.1153258363281026,1.0,1.0000000596046448,1.0220941533134464e-06,1.0000000596046448,,,,
results/infodfa_adam_diagk_approx_v1/shards/shard_46/infodfa_adam_diagk_results.csv,mixed_hard,mixed_context,dfa_sgd,1.0,1.0,0.0,,,100.0,1024.0,4096.0,0.15,0.2,0.8943297863006592,0.986328125,0.31103515625,0.5304108262062073,0.5304108262062073,0.1704374714049969,1.0,0.7719857096672058,0.6362734138965607,0.6572776734828949,,,,
results/infodfa_adam_diagk_approx_v1/shards/shard_43/infodfa_adam_diagk_results.csv,mixed_hard,mixed_context,dfa_sgd,0.0,0.0,0.0,,,100.0,1024.0,4096.0,0.15,0.2,1.6996574814243104e-08,1.0,0.3974609375,0.6104141473770142,0.6104141473770142,0.141367779582125,1.0,1.0000000596046448,1.3032332990547957e-07,1.0000000596046448,,,,
results/infodfa_adam_diagk_approx_v1/shards/shard_48/infodfa_adam_diagk_results.csv,mixed_hard,mixed_context,dfa_sgd,2.0,1.0,0.0,,,100.0,1024.0,4096.0,0.15,0.2,6.821818487878772e-08,1.0,0.3837890625,0.4399745762348175,0.4399745762348175,0.204090629544179,1.0,1.0000000596046448,3.336639025519617e-06,1.0000000596046448,,,,
results/infodfa_adam_diagk_approx_v1/shards/shard_15/infodfa_adam_diagk_results.csv,mixed_hard,mixed_context,ndfa_activity,1.0,1.0,0.0,0.3,,100.0,1024.0,4096.0,0.15,0.2,0.0129768215119838,1.0,0.342529296875,0.6102996468544006,0.3060038983821869,0.6698620275750496,0.6308839105299203,0.5012858283007517,0.2604211196303367,2.225143056477919e-07,,,,
results/infodfa_adam_diagk_approx_v1/shards/shard_35/infodfa_adam_diagk_results.csv,mixed_hard,mixed_context,ndfa_activity,4.0,0.0,0.0,0.3,,100.0,1024.0,4096.0,0.15,0.2,0.0109843462705612,1.0,0.38916015625,0.6111379861831665,0.3135683238506317,0.8132860919565655,0.6682649882563761,1.0000000596046448,0.247990183532238,-1.7975722244045755e-08,,,,
results/infodfa_adam_diagk_approx_v1/shards/shard_27/infodfa_adam_diagk_results.csv,mixed_hard,mixed_context,ndfa_activity,3.0,0.0,0.0,0.3,,100.0,1024.0,4096.0,0.15,0.2,0.011534908786416,1.0,0.38427734375,0.6359848976135254,0.3035348653793335,0.745066072546713,0.6208880852269094,1.0000000596046448,0.249377429485321,-5.5228969131349e-07,,,,
results/infodfa_adam_diagk_approx_v1/shards/shard_19/infodfa_adam_diagk_results.csv,mixed_hard,mixed_context,ndfa_activity,2.0,0.0,0.0,0.3,,100.0,1024.0,4096.0,0.15,0.2,0.0105716260150074,1.0,0.40869140625,0.6411370635032654,0.2996921837329864,0.7006575888590295,0.6384244080842071,0.4999587832571706,0.2626374661922455,0.004647966742965,,,,
results/infodfa_adam_diagk_approx_v1/shards/shard_31/infodfa_adam_diagk_results.csv,mixed_hard,mixed_context,ndfa_activity,3.0,1.0,0.0,0.3,,100.0,1024.0,4096.0,0.15,0.2,0.0112704588100314,1.0,0.39404296875,0.6356143355369568,0.3046525716781616,0.7550105639027966,0.6540072780348143,1.0000000596046448,0.2618550807237625,4.58666647773498e-07,,,,
results/infodfa_adam_diagk_approx_v1/shards/shard_7/infodfa_adam_diagk_results.csv,mixed_hard,mixed_context,ndfa_activity,0.0,1.0,0.0,0.3,,100.0,1024.0,4096.0,0.15,0.2,0.0113575253635644,1.0,0.426025390625,0.6264492273330688,0.2990255355834961,0.7007120406921216,0.6256208638559625,1.0000000596046448,0.2682839557528496,-1.2099569346446517e-07,,,,
results/infodfa_adam_diagk_approx_v1/shards/shard_39/infodfa_adam_diagk_results.csv,mixed_hard,mixed_context,ndfa_activity,4.0,1.0,0.0,0.3,,100.0,1024.0,4096.0,0.15,0.2,0.0107638388872146,1.0,0.385009765625,0.63703453540802,0.3116836845874786,0.7684004507272614,0.6611471460987447,1.0000000596046448,0.2504096031188965,3.8125579449044267e-07,,,,
results/infodfa_adam_diagk_approx_v1/shards/shard_23/infodfa_adam_diagk_results.csv,mixed_hard,mixed_context,ndfa_activity,2.0,1.0,0.0,0.3,,100.0,1024.0,4096.0,0.15,0.2,0.0106575936079025,1.0,0.415283203125,0.6075685024261475,0.3200341463088989,0.7882173939683174,0.6572005412268951,0.502762135816738,0.2706348821520805,-1.1115694178442936e-06,,,,
results/infodfa_adam_diagk_approx_v1/shards/shard_11/infodfa_adam_diagk_results.csv,mixed_hard,mixed_context,ndfa_activity,1.0,0.0,0.0,0.3,,100.0,1024.0,4096.0,0.15,0.2,0.012659597210586,1.0,0.338134765625,0.607867956161499,0.3067190647125244,0.7219295532274081,0.6471762946759674,0.7307516187429428,0.2636564448475837,0.0064750713971477,,,,
results/infodfa_adam_diagk_approx_v1/shards/shard_3/infodfa_adam_diagk_results.csv,mixed_hard,mixed_context,ndfa_activity,0.0,0.0,0.0,0.3,,100.0,1024.0,4096.0,0.15,0.2,0.0116522461175918,1.0,0.409423828125,0.6201397776603699,0.3000100553035736,0.7250816729561261,0.6689608363535241,0.502762135816738,0.2524303272366524,-2.318741536555536e-07,,,,
results/infodfa_adam_diagk_approx_v1/shards/shard_37/infodfa_adam_diagk_results.csv,nuisance_hard,nuisance_dominant,dfa_adam_hidden,0.0,1.0,0.0,,0.003,100.0,512.0,4096.0,0.15,0.2,0.0126523375511169,1.0,0.216796875,0.4260145127773285,0.3002414107322693,15.49014992993944,11.526866773387756,0.6088629364967346,0.3532007187604904,0.0678144674748182,0.1375804878771305,0.1024949923157692,0.8564642071723938,0.8169223070144653
results/infodfa_adam_diagk_approx_v1/shards/shard_49/infodfa_adam_diagk_results.csv,nuisance_hard,nuisance_dominant,dfa_adam_hidden,3.0,1.0,0.0,,0.003,100.0,512.0,4096.0,0.15,0.2,0.0123498858883976,1.0,0.240478515625,0.4284740090370178,0.3003540933132171,12.71017322331704,9.227114156589836,0.6985817551612854,0.4240872412919998,0.1002244334667921,0.1950244568288326,0.1383402124047279,0.8785728812217712,0.8296101093292236
results/infodfa_adam_diagk_approx_v1/shards/shard_43/infodfa_adam_diagk_results.csv,nuisance_hard,nuisance_dominant,dfa_adam_hidden,2.0,0.0,0.0,,0.003,100.0,512.0,4096.0,0.15,0.2,0.0107278246432542,1.0,0.203369140625,0.4031877219676971,0.2785491943359375,11.36023510344218,9.356276939676864,0.4187289718538522,0.484159842133522,0.1032435372471809,0.1587488446384668,0.1186260897666215,0.8192620873451233,0.7878983914852142
results/infodfa_adam_diagk_approx_v1/shards/shard_39/infodfa_adam_diagk_results.csv,nuisance_hard,nuisance_dominant,dfa_adam_hidden,1.0,0.0,0.0,,0.003,100.0,512.0,4096.0,0.15,0.2,0.013311930000782,1.0,0.17626953125,0.4257930815219879,0.2842640280723572,17.097754612473402,12.7815180063912,0.7359640896320343,0.3332071751356125,0.1038140133023262,0.1918442100286483,0.1588661707937717,0.81459841132164,0.767441064119339
results/infodfa_adam_diagk_approx_v1/shards/shard_47/infodfa_adam_diagk_results.csv,nuisance_hard,nuisance_dominant,dfa_adam_hidden,3.0,0.0,0.0,,0.003,100.0,512.0,4096.0,0.15,0.2,0.0131921619176864,1.0,0.227294921875,0.4406037628650665,0.3169358372688293,15.978621964817371,10.351236571185254,0.7226101756095886,0.3799986243247986,0.1141954474151134,0.1666428707540035,0.127597589045763,0.8601624965667725,0.8122453987598419
results/infodfa_adam_diagk_approx_v1/shards/shard_53/infodfa_adam_diagk_results.csv,nuisance_hard,nuisance_dominant,dfa_adam_hidden,4.0,1.0,0.0,,0.003,100.0,512.0,4096.0,0.15,0.2,0.0125271379947662,1.0,0.22021484375,0.4101999402046203,0.2819198668003082,11.285562251514085,8.84532394561176,0.7597103118896484,0.3486332297325134,0.1320370472967624,0.2083459123969078,0.1760467290878296,0.8675538897514343,0.7941447496414185
results/infodfa_adam_diagk_approx_v1/shards/shard_51/infodfa_adam_diagk_results.csv,nuisance_hard,nuisance_dominant,dfa_adam_hidden,4.0,0.0,0.0,,0.003,100.0,512.0,4096.0,0.15,0.2,0.0127754341810941,1.0,0.231201171875,0.3865507245063782,0.1966516375541687,12.964231128746611,14.365766988550645,0.654280811548233,0.3124448210000992,0.1080111283808946,0.2001148499548435,0.1673364378511905,0.6577148884534836,0.6607011258602142
results/infodfa_adam_diagk_approx_v1/shards/shard_41/infodfa_adam_diagk_results.csv,nuisance_hard,nuisance_dominant,dfa_adam_hidden,1.0,1.0,0.0,,0.003,100.0,512.0,4096.0,0.15,0.2,0.01289121247828,1.0,0.17138671875,0.4232828319072723,0.3014988303184509,14.077824141879557,10.200887708506094,0.4468610286712646,0.4190413653850555,0.0887964442372322,0.1714625805616378,0.1101422030478715,0.8613727688789368,0.7963100373744965
results/infodfa_adam_diagk_approx_v1/shards/shard_35/infodfa_adam_diagk_results.csv,nuisance_hard,nuisance_dominant,dfa_adam_hidden,0.0,0.0,0.0,,0.003,100.0,512.0,4096.0,0.15,0.2,0.0114052705466747,1.0,0.208740234375,0.4337658584117889,0.3208649754524231,16.398538945345788,11.179794744600166,0.6903286874294281,0.3467101752758026,0.0699002798646688,0.1185176856815815,0.0864398200064897,0.8373070359230042,0.8118414878845215
results/infodfa_adam_diagk_approx_v1/shards/shard_45/infodfa_adam_diagk_results.csv,nuisance_hard,nuisance_dominant,dfa_adam_hidden,2.0,1.0,0.0,,0.003,100.0,512.0,4096.0,0.15,0.2,0.0135880345478653,1.0,0.207275390625,0.4044260680675506,0.2926439940929413,12.614039903566203,9.548097468797817,0.6641753315925598,0.3981533199548721,0.1181702204048633,0.2504423707723617,0.1784339621663093,0.8607059419155121,0.8146690726280212
results/infodfa_adam_diagk_approx_v1/shards/shard_15/infodfa_adam_diagk_results.csv,nuisance_hard,nuisance_dominant,dfa_diag_activity_sqrt,3.0,0.0,0.0,0.1,,100.0,512.0,4096.0,0.15,0.2,1.6257199604297057e-05,1.0,0.25390625,0.368276298046112,0.3204095661640167,0.1160931993688407,0.3214410833695663,1.0000000596046448,0.0300396988168358,0.5000444316137873,,,,
results/infodfa_adam_diagk_approx_v1/shards/shard_59/infodfa_adam_diagk_results.csv,nuisance_hard,nuisance_dominant,dfa_diag_activity_sqrt,0.0,1.0,0.0,0.1,,100.0,512.0,4096.0,0.15,0.2,3.596167152863927e-05,1.0,0.198974609375,0.4957566857337951,0.4591147303581238,0.2504374540727331,0.3429802994757415,1.0000000596046448,0.0119044326711446,0.5001172141128336,,,,
results/infodfa_adam_diagk_approx_v1/shards/shard_27/infodfa_adam_diagk_results.csv,nuisance_hard,nuisance_dominant,dfa_diag_activity_sqrt,4.0,1.0,0.0,0.1,,100.0,512.0,4096.0,0.15,0.2,2.3484992652811343e-06,1.0,0.233642578125,0.4878979325294494,0.4915040135383606,0.0866017126319625,0.2852710896043374,1.0000000596046448,0.0011397577909519,1.0000000596046448,,,,
results/infodfa_adam_diagk_approx_v1/shards/shard_19/infodfa_adam_diagk_results.csv,nuisance_hard,nuisance_dominant,dfa_diag_activity_sqrt,3.0,1.0,0.0,0.1,,100.0,512.0,4096.0,0.15,0.2,3.053636874028598e-06,1.0,0.245361328125,0.5107227563858032,0.4123954176902771,0.1008198039913256,0.3419882235292404,1.0000000596046448,0.0027621104964055,1.0000000596046448,,,,
results/infodfa_adam_diagk_approx_v1/shards/shard_55/infodfa_adam_diagk_results.csv,nuisance_hard,nuisance_dominant,dfa_diag_activity_sqrt,0.0,0.0,0.0,0.1,,100.0,512.0,4096.0,0.15,0.2,4.417078798724106e-06,1.0,0.19921875,0.5840965509414673,0.5449862480163574,0.1077088937954342,0.2969113301494395,1.0000000596046448,0.0024737799249123,1.0000000596046448,,,,
results/infodfa_adam_diagk_approx_v1/shards/shard_7/infodfa_adam_diagk_results.csv,nuisance_hard,nuisance_dominant,dfa_diag_activity_sqrt,2.0,0.0,0.0,0.1,,100.0,512.0,4096.0,0.15,0.2,2.071344897558447e-05,1.0,0.205322265625,0.4355640411376953,0.3496898710727691,0.1443082987297195,0.3273421242180551,1.0000000596046448,0.0192977213300764,0.5000482130199089,,,,
results/infodfa_adam_diagk_approx_v1/shards/shard_63/infodfa_adam_diagk_results.csv,nuisance_hard,nuisance_dominant,dfa_diag_activity_sqrt,1.0,0.0,0.0,0.1,,100.0,512.0,4096.0,0.15,0.2,3.868802650686121e-06,1.0,0.176025390625,0.6727181077003479,0.6181842684745789,0.1990150255681827,0.2922118932330874,1.0000000596046448,0.002462198404828,1.0000000596046448,,,,
results/infodfa_adam_diagk_approx_v1/shards/shard_23/infodfa_adam_diagk_results.csv,nuisance_hard,nuisance_dominant,dfa_diag_activity_sqrt,4.0,0.0,0.0,0.1,,100.0,512.0,4096.0,0.15,0.2,4.520555194176268e-06,1.0,0.226806640625,0.5577951669692993,0.5327638387680054,0.0981008778312611,0.2777518224432658,1.0000000596046448,0.0062489348929375,0.5003215500328224,,,,
results/infodfa_adam_diagk_approx_v1/shards/shard_11/infodfa_adam_diagk_results.csv,nuisance_hard,nuisance_dominant,dfa_diag_activity_sqrt,2.0,1.0,0.0,0.1,,100.0,512.0,4096.0,0.15,0.2,0.000186926787137,1.0,0.201416015625,0.4130429029464721,0.258482962846756,0.1715034858963458,0.3856203439717096,1.0000000596046448,0.4125441908836365,9.32586817725678e-06,,,,
results/infodfa_adam_diagk_approx_v1/shards/shard_3/infodfa_adam_diagk_results.csv,nuisance_hard,nuisance_dominant,dfa_diag_activity_sqrt,1.0,1.0,0.0,0.1,,100.0,512.0,4096.0,0.15,0.2,7.436219311784953e-05,1.0,0.185791015625,0.3465840518474579,0.2524986863136291,0.1413670085888769,0.3492499900343088,1.0000000596046448,0.1156214065849781,2.151235730707413e-05,,,,
results/infodfa_adam_diagk_approx_v1/shards/shard_25/infodfa_adam_diagk_results.csv,nuisance_hard,nuisance_dominant,dfa_sgd,0.0,1.0,0.0,,,100.0,512.0,4096.0,0.15,0.2,0.3764243125915527,0.998046875,0.20703125,0.4016336500644684,0.4016336500644684,0.0144008864014794,1.0,0.6644842326641083,0.920565903186798,0.7188243567943573,,,,
results/infodfa_adam_diagk_approx_v1/shards/shard_31/infodfa_adam_diagk_results.csv,nuisance_hard,nuisance_dominant,dfa_sgd,3.0,1.0,0.0,,,100.0,512.0,4096.0,0.15,0.2,107.01185607910156,0.91015625,0.23681640625,0.3297729790210724,0.3297729790210724,0.0152944319367117,1.0,0.9085050523281096,0.5337701439857483,0.6725212931632996,,,,
results/infodfa_adam_diagk_approx_v1/shards/shard_28/infodfa_adam_diagk_results.csv,nuisance_hard,nuisance_dominant,dfa_sgd,2.0,0.0,0.0,,,100.0,512.0,4096.0,0.15,0.2,34.81603240966797,0.296875,0.133544921875,0.646902322769165,0.646902322769165,0.1975971957200522,1.0,0.9575320780277252,0.4971127361059189,0.6312211006879807,,,,
results/infodfa_adam_diagk_approx_v1/shards/shard_26/infodfa_adam_diagk_results.csv,nuisance_hard,nuisance_dominant,dfa_sgd,1.0,0.0,0.0,,,100.0,512.0,4096.0,0.15,0.2,62.93706130981445,0.5234375,0.149169921875,0.4154737293720245,0.4154737293720245,0.0883406259215088,1.0,0.9656892716884612,0.7644985094666481,0.6405593752861023,,,,
results/infodfa_adam_diagk_approx_v1/shards/shard_30/infodfa_adam_diagk_results.csv,nuisance_hard,nuisance_dominant,dfa_sgd,3.0,0.0,0.0,,,100.0,512.0,4096.0,0.15,0.2,20.57147979736328,0.314453125,0.1494140625,0.5210921168327332,0.5210921168327332,0.1554517465938367,1.0,0.9358384609222412,0.5134228318929672,0.609039694070816,,,,
results/infodfa_adam_diagk_approx_v1/shards/shard_33/infodfa_adam_diagk_results.csv,nuisance_hard,nuisance_dominant,dfa_sgd,4.0,1.0,0.0,,,100.0,512.0,4096.0,0.15,0.2,3.135941982269287,0.994140625,0.2158203125,0.3122711479663849,0.3122711479663849,0.0112517421224526,1.0,0.7232857048511505,0.8024111390113831,0.709653228521347,,,,
results/infodfa_adam_diagk_approx_v1/shards/shard_32/infodfa_adam_diagk_results.csv,nuisance_hard,nuisance_dominant,dfa_sgd,4.0,0.0,0.0,,,100.0,512.0,4096.0,0.15,0.2,7798.9462890625,0.431640625,0.167724609375,0.2751218676567077,0.2751218676567077,0.0108493592825893,1.0,0.9778704643249512,0.3829139620065689,0.6468956768512726,,,,
results/infodfa_adam_diagk_approx_v1/shards/shard_27/infodfa_adam_diagk_results.csv,nuisance_hard,nuisance_dominant,dfa_sgd,1.0,1.0,0.0,,,100.0,512.0,4096.0,0.15,0.2,5942.892578125,0.3984375,0.14404296875,0.3323465585708618,0.3323465585708618,0.0246072652325326,1.0,0.9833752512931824,0.3676894232630729,0.646866574883461,,,,
results/infodfa_adam_diagk_approx_v1/shards/shard_24/infodfa_adam_diagk_results.csv,nuisance_hard,nuisance_dominant,dfa_sgd,0.0,0.0,0.0,,,100.0,512.0,4096.0,0.15,0.2,225.0113220214844,0.615234375,0.1767578125,0.4241325259208679,0.4241325259208679,0.0337503797360373,1.0,0.9635599553585052,0.4259845688939094,0.6388462483882904,,,,
results/infodfa_adam_diagk_approx_v1/shards/shard_29/infodfa_adam_diagk_results.csv,nuisance_hard,nuisance_dominant,dfa_sgd,2.0,1.0,0.0,,,100.0,512.0,4096.0,0.15,0.2,96.6067352294922,0.423828125,0.14794921875,0.546150803565979,0.546150803565979,0.0654932707797209,1.0,0.9649017751216888,1.0042277052998545,0.6432296335697174,,,,
results/infodfa_adam_diagk_approx_v1/shards/shard_14/infodfa_adam_diagk_results.csv,nuisance_hard,nuisance_dominant,ndfa_activity,4.0,0.0,0.0,0.03,,100.0,512.0,4096.0,0.15,0.2,0.0063068261370062,1.0,0.471435546875,0.6091687083244324,0.1102681010961532,0.7406190405559451,1.078955644308446,1.0000000596046448,0.2690752521157264,7.619508437528566e-07,,,,
results/infodfa_adam_diagk_approx_v1/shards/shard_58/infodfa_adam_diagk_results.csv,nuisance_hard,nuisance_dominant,ndfa_activity,1.0,1.0,0.0,0.03,,100.0,512.0,4096.0,0.15,0.2,0.0069156531244516,1.0,0.420166015625,0.5629077553749084,0.1142753064632415,0.7401087735676022,1.0756805106158591,1.0000000596046448,0.2711594179272651,5.359730934628715e-07,,,,
results/infodfa_adam_diagk_approx_v1/shards/shard_46/infodfa_adam_diagk_results.csv,nuisance_hard,nuisance_dominant,ndfa_activity,0.0,0.0,0.0,0.03,,100.0,512.0,4096.0,0.15,0.2,0.0069032423198223,1.0,0.4501953125,0.5797210335731506,0.115615464746952,0.7797887292131901,1.1696934885299055,1.0000000596046448,0.2586420625448227,9.392318247591902e-07,,,,
results/infodfa_adam_diagk_approx_v1/shards/shard_18/infodfa_adam_diagk_results.csv,nuisance_hard,nuisance_dominant,ndfa_activity,4.0,1.0,0.0,0.03,,100.0,512.0,4096.0,0.15,0.2,0.0064900242723524,1.0,0.439453125,0.5624005198478699,0.1149109452962875,0.8017671660789716,1.1688785206539514,0.5011747907847166,0.2634428590536117,2.1172780861888896e-08,,,,
results/infodfa_adam_diagk_approx_v1/shards/shard_54/infodfa_adam_diagk_results.csv,nuisance_hard,nuisance_dominant,ndfa_activity,1.0,0.0,0.0,0.03,,100.0,512.0,4096.0,0.15,0.2,0.0067379642277956,1.0,0.425048828125,0.6114595532417297,0.1147119253873825,0.7626529251474632,1.1295883290829345,0.502762135816738,0.2590415999293327,9.401822183008336e-07,,,,
results/infodfa_adam_diagk_approx_v1/shards/shard_62/infodfa_adam_diagk_results.csv,nuisance_hard,nuisance_dominant,ndfa_activity,2.0,0.0,0.0,0.03,,100.0,512.0,4096.0,0.15,0.2,0.0061183990910649,1.0,0.47412109375,0.5710648894309998,0.1164983287453651,0.8132632836639193,1.134821936646139,0.8949351012706757,0.255811408162117,0.0037619428864843,,,,
results/infodfa_adam_diagk_approx_v1/shards/shard_6/infodfa_adam_diagk_results.csv,nuisance_hard,nuisance_dominant,ndfa_activity,3.0,0.0,0.0,0.03,,100.0,512.0,4096.0,0.15,0.2,0.0065406314097344,1.0,0.471923828125,0.577987790107727,0.118223488330841,0.8702076310794444,1.1468684979405623,1.0000000596046448,0.2703489512205124,-3.850513705105919e-08,,,,
results/infodfa_adam_diagk_approx_v1/shards/shard_2/infodfa_adam_diagk_results.csv,nuisance_hard,nuisance_dominant,ndfa_activity,2.0,1.0,0.0,0.03,,100.0,512.0,4096.0,0.15,0.2,0.0063674300909042,1.0,0.4716796875,0.6048680543899536,0.1155753806233406,0.7871251399168154,1.1232082974355009,1.0000000596046448,0.2547657936811447,2.359711004373821e-07,,,,
results/infodfa_adam_diagk_approx_v1/shards/shard_10/infodfa_adam_diagk_results.csv,nuisance_hard,nuisance_dominant,ndfa_activity,3.0,1.0,0.0,0.03,,100.0,512.0,4096.0,0.15,0.2,0.0066736484877765,1.0,0.47509765625,0.5991984605789185,0.1123159453272819,0.7574782389848361,1.1133678534361249,1.0000000596046448,0.2763750851154327,3.14182102556515e-09,,,,
results/infodfa_adam_diagk_approx_v1/shards/shard_50/infodfa_adam_diagk_results.csv,nuisance_hard,nuisance_dominant,ndfa_activity,0.0,1.0,0.0,0.03,,100.0,512.0,4096.0,0.15,0.2,0.0071499003097414,1.0,0.4541015625,0.599070131778717,0.1084756702184677,0.7024780281573172,1.1224454255503975,1.0000000596046448,0.2615792006254196,2.950796158529556e-07,,,,
