dataset,n_train,n_test,label_noise,test_label_noise,method,feedback_rank,natural_damping,nc_update_interval,nc_manifold_rank,test_mean,test_sem,train_mean,activity_angle,projected_step,alpha,dim_fraction,margin,feedback_norm,n,pre_activity_condition_mean,pre_activity_effective_rank_mean,pre_activity_top1_fraction_mean,local_error_condition_mean,local_error_effective_rank_mean,local_error_top1_fraction_mean,bp_error_condition_mean,bp_error_effective_rank_mean,bp_error_top1_fraction_mean
cifar10,1000.0,3000.0,0.0,0.0,bp,0.0,0.3,10.0,64.0,0.3411999940872192,0.0041507713688088,0.997265625,,,,,,,5,1641.301968383789,53.32206726074219,0.2267718419432639,1.0000000953674315,65.74589385986329,0.1208222694694995,1.0000000953674315,65.74589385986329,0.1208222694694995
cifar10,1000.0,3000.0,0.1,0.0,bp,0.0,0.3,10.0,64.0,0.3283333301544189,0.0024152277713262,0.997265625,,,,,,,5,1645.0150909423828,53.1547233581543,0.2279553771018981,1.0000000953674315,69.93955078125,0.1083664953708648,1.0000000953674315,69.93955078125,0.1083664953708648
cifar10,1000.0,3000.0,0.2,0.0,bp,0.0,0.3,10.0,64.0,0.3041999936103821,0.0037157306522452,0.994921875,,,,,,,5,1640.456021118164,53.5958366394043,0.2267098262906074,1.0000001311302185,70.22607116699218,0.1096441790461539,1.0000001311302185,70.22607116699218,0.1096441790461539
cifar10,1000.0,3000.0,0.4,0.0,bp,0.0,0.3,10.0,64.0,0.2489999949932098,0.0027182501239586,0.996875,,,,,,,5,1643.865231323242,53.65425186157226,0.2280851483345031,1.0000001311302185,73.81864738464355,0.1063850216567516,1.0000001311302185,73.81864738464355,0.1063850216567516
cifar10,3000.0,3000.0,0.0,0.0,bp,0.0,0.3,10.0,64.0,0.3964000046253204,0.002124980829442,0.972265625,,,,,,,5,1663.1626098632812,53.95002708435059,0.2201340705156325,1.000000298023224,51.31161575317383,0.1724534273147582,1.000000298023224,51.31161575317383,0.1724534273147582
cifar10,3000.0,3000.0,0.1,0.0,bp,0.0,0.3,10.0,64.0,0.3620000004768371,0.0060717959306086,0.96875,,,,,,,5,1660.9021575927734,54.634887313842775,0.2200250118970871,1.000000286102295,61.55354270935059,0.1418269768357276,1.000000286102295,61.55354270935059,0.1418269768357276
cifar10,3000.0,3000.0,0.2,0.0,bp,0.0,0.3,10.0,64.0,0.338999992609024,0.0040879236257152,0.977734375,,,,,,,5,1656.3355499267575,54.892204666137694,0.2184421598911285,1.000000202655792,69.79897804260254,0.1179900363087653,1.000000202655792,69.79897804260254,0.1179900363087653
cifar10,3000.0,3000.0,0.4,0.0,bp,0.0,0.3,10.0,64.0,0.277999997138977,0.006797059027275,0.973046875,,,,,,,5,1655.452798461914,55.29530982971191,0.218339355289936,1.000000202655792,78.61615982055665,0.0904018722474574,1.000000202655792,78.61615982055665,0.0904018722474574
cifar10,10000.0,3000.0,0.0,0.0,bp,0.0,0.3,10.0,64.0,0.3771333277225493,0.0186397395976924,0.7625,,,,,,,5,1633.0152740478516,55.99935188293457,0.2034590989351272,1.000001895427704,64.76216049194336,0.165679907053709,1.000001895427704,64.76216049194336,0.165679907053709
cifar10,10000.0,3000.0,0.1,0.0,bp,0.0,0.3,10.0,64.0,0.3335333347320556,0.0270457642146548,0.72578125,,,,,,,5,1641.648388671875,55.94092140197754,0.2054700896143912,1.0000017285346985,78.87214965820313,0.1379019573330879,1.0000017285346985,78.87214965820313,0.1379019573330879
cifar10,10000.0,3000.0,0.2,0.0,bp,0.0,0.3,10.0,64.0,0.3170666635036469,0.021531219779309,0.729296875,,,,,,,5,1642.8646514892578,56.22242393493652,0.2058072105050087,1.0000013709068298,88.61260833740235,0.1201022870838641,1.0000013709068298,88.61260833740235,0.1201022870838641
cifar10,10000.0,3000.0,0.4,0.0,bp,0.0,0.3,10.0,64.0,0.2416666686534881,0.0248868557769231,0.637890625,,,,,,,5,1654.0943145751953,56.07617301940918,0.2083109989762306,1.000001883506775,103.38835906982422,0.1132241435348987,1.000001883506775,103.38835906982422,0.1132241435348987
cifar10,1000.0,3000.0,0.0,0.0,dfa_random,0.0,0.3,10.0,64.0,0.1792000005642572,0.0079284364456605,0.196875,87.74898476740299,-2.580421188062869e-05,0.9495647768179576,0.09375,0.8558147768179576,,15,1833717.4524169925,21.824114322662357,0.3269027481476466,1.0007436792055766,26.45959474245707,0.2413385098179181,1308780.698555374,9.364424379666646,0.4171517252922058
cifar10,1000.0,3000.0,0.1,0.0,dfa_random,0.0,0.3,10.0,64.0,0.166844443976879,0.0062545529080562,0.1740885416666666,89.63228352721204,-4.395942054124864e-05,0.947593237956365,0.09375,0.853843237956365,,15,1567659.9357503254,22.100290139516197,0.3124405970176061,1.0007575194040934,26.923380692799885,0.2430805740257104,998789.2053078492,9.56520291964213,0.3941960434118907
cifar10,1000.0,3000.0,0.2,0.0,dfa_random,0.0,0.3,10.0,64.0,0.1586888879537582,0.006972467875831,0.1494791666666666,89.04619406051162,-1.3171841343032548e-05,0.9551897943019868,0.09375,0.8614397943019867,,15,1781705.3607503255,21.754218498865765,0.3155325978994369,1.0008445302645366,25.556548325220746,0.2460479818284511,7848220.202540906,7.499706776936849,0.4712749987840652
cifar10,1000.0,3000.0,0.4,0.0,dfa_random,0.0,0.3,10.0,64.0,0.1393555551767349,0.0081114240581139,0.1225260416666666,98.51317566985816,-0.0001233398837683,0.9561859945456188,0.09375,0.8624359945456187,,15,1887523.9357503252,21.40469439824422,0.3339974949757258,1.0008583227793375,25.71964148680369,0.2754374851783116,1857350.6092158,6.159885803858439,0.5275009910265605
cifar10,3000.0,3000.0,0.0,0.0,dfa_random,0.0,0.3,10.0,64.0,0.2261333326498667,0.006411613278643,0.2373697916666666,74.78368783719931,9.297725437892412e-05,0.9295678039391836,0.09375,0.8358178039391836,,15,5217455.398193359,22.616923054059345,0.3330096373955408,1.0006781458854674,28.70745511054993,0.2102667741477489,38951710.18407046,12.89377309481303,0.3447553878029187
cifar10,3000.0,3000.0,0.1,0.0,dfa_random,0.0,0.3,10.0,64.0,0.1871999998887379,0.0083375098341426,0.1774739583333333,79.44766942823561,4.123072236055234e-05,0.9390615145365396,0.09375,0.8453115145365397,,15,4639251.814860026,22.512932872772215,0.3244182308514913,1.0007294058799745,28.413849941889445,0.219604226698478,79378508.6281835,8.794810473918915,0.4782163629929225
cifar10,3000.0,3000.0,0.2,0.0,dfa_random,0.0,0.3,10.0,64.0,0.1759333332379658,0.0073127562667132,0.1713541666666666,82.36206777704783,3.083009840830601e-05,0.9432291567325592,0.09375,0.8494791567325592,,15,5139073.831526693,22.39879422187805,0.3286282271146774,1.000726087888082,28.67252084414164,0.2310018703341483,240332402.57164085,8.428751830259959,0.4834495703379313
cifar10,3000.0,3000.0,0.4,0.0,dfa_random,0.0,0.3,10.0,64.0,0.1483333349227905,0.0070222622107017,0.1329427083333333,87.87327324114055,7.178879262899803e-08,0.9506613691647848,0.09375,0.8569113691647847,,15,6214743.79819336,21.717138274510702,0.3469968775908152,1.0008670687675476,27.29836294651032,0.2699350481232007,506659349.2185791,6.85081406434377,0.533840736746788
cifar10,10000.0,3000.0,0.0,0.0,dfa_random,0.0,0.3,10.0,64.0,0.1922222226858138,0.008281212852006,0.2033854166666666,74.67535518624392,2.668914252152464e-05,0.9042018989721934,0.09375,0.8104518989721934,,15,18907005.64857585,22.68651927312215,0.32618248462677,1.0007131497065227,29.97569014231364,0.2151541841526826,6170045636.189047,12.320848393440247,0.4257309943437576
cifar10,10000.0,3000.0,0.1,0.0,dfa_random,0.0,0.3,10.0,64.0,0.1932000006238619,0.0119298563831721,0.193359375,80.05459372232392,1.3631355783161323e-05,0.9152487019697824,0.09375,0.8214987019697825,,15,40567622.61524251,22.258250641822816,0.3442388534545898,1.0007693648338318,28.704138422012328,0.2244127737979093,3450216181.209749,11.190457312266032,0.4206388801336288
cifar10,10000.0,3000.0,0.2,0.0,dfa_random,0.0,0.3,10.0,64.0,0.161111111442248,0.0107077910593155,0.152734375,81.55967508625739,1.1674691984449778e-05,0.9240348319212596,0.09375,0.8302848319212596,,15,33566049.38190918,21.75363670984904,0.3522843410571416,1.0007694721221925,28.82051656246185,0.2395751064022381,28834036776.1368,11.076801212628682,0.4294309586286545
cifar10,10000.0,3000.0,0.4,0.0,dfa_random,0.0,0.3,10.0,64.0,0.1407111123204231,0.0064088125541572,0.1204427083333333,85.5917265953177,1.5411851240321184e-06,0.9374461770057678,0.09375,0.8436961770057678,,15,34128119.51524251,21.551113510131835,0.3463772118091582,1.000820481777191,27.84635996023814,0.2732749717930953,81727299076.28209,8.032353667418162,0.5001200666030248
cifar10,1000.0,3000.0,0.0,0.0,drtp_random,0.0,0.3,10.0,64.0,0.1258666669329007,0.0053733419253751,0.1209635416666666,100.17484892429997,-1.6886709026297266e-07,0.982549027601878,0.09375,0.8887990276018779,,15,77748537.98575033,18.64266254901886,0.4750874668359756,1.0004539211591086,28.19553076426188,0.1122317664325236,2.4416210653334125e+17,3.107750105857849,0.6484333237012228
cifar10,1000.0,3000.0,0.1,0.0,drtp_random,0.0,0.3,10.0,64.0,0.1070444444815317,0.0047060543700452,0.1053385416666666,99.89814976582882,-1.914796123326547e-07,0.9814515233039856,0.09375,0.8877015233039856,,15,72966937.98575033,18.62086808681488,0.476996585726738,1.0004565636316936,28.99681714375814,0.1139215029776095,1.713826450198152e+17,3.0457634846369426,0.6874573349952697
cifar10,1000.0,3000.0,0.2,0.0,drtp_random,0.0,0.3,10.0,64.0,0.1091111118594805,0.0045788411125882,0.1109375,99.9909214559012,-2.3017586445927298e-07,0.9821812907854716,0.09375,0.8884312907854716,,15,70889772.65241699,18.57747400601705,0.4800015836954117,1.0004452824592591,29.268372027079263,0.1135810869435468,1.2605553384520712e+17,2.877320075035095,0.6835375587145488
cifar10,1000.0,3000.0,0.4,0.0,drtp_random,0.0,0.3,10.0,64.0,0.1019333347678184,0.0033260556482189,0.0994791666666666,101.5205697696117,-3.0159850924003224e-07,0.9847583552201588,0.09375,0.8910083552201589,,15,64998572.65241699,18.439307475090025,0.4907019466161728,1.0004219571749369,30.725199349721272,0.1120885921021302,1.2536754894144995e+17,2.521318074067433,0.7302272518475851
cifar10,3000.0,3000.0,0.0,0.0,drtp_random,0.0,0.3,10.0,64.0,0.1165333335598309,0.0066267694470351,0.1140625,96.88224208993616,-1.8066715215593406e-09,0.981827739874522,0.09375,0.8880777398745219,,15,711177411.2981933,18.445962039629617,0.491481801867485,1.0004783829053243,28.117471186319985,0.1165881916880607,8.766300310392665e+21,3.599749970436096,0.5929689119259517
cifar10,3000.0,3000.0,0.1,0.0,drtp_random,0.0,0.3,10.0,64.0,0.1211111103494961,0.0057651264207751,0.11796875,98.44593419263134,-4.971938085472329e-09,0.983013810714086,0.09375,0.8892638107140859,,15,659020308.36486,18.38415501912435,0.4974255373080571,1.0004525224367775,29.42929197947184,0.113766295214494,8.757435286494601e+21,3.16789040962855,0.6476526995499928
cifar10,3000.0,3000.0,0.2,0.0,drtp_random,0.0,0.3,10.0,64.0,0.1156222214301426,0.0047503678051241,0.1127604166666666,98.9544890435836,-5.733017028773536e-09,0.9836310227711996,0.09375,0.8898810227711995,,15,614733596.8981934,18.35375933647156,0.4979997207721074,1.000427250067393,29.95116427739461,0.1097945315142472,8.165135524416896e+21,3.038680032889048,0.6624406933784485
cifar10,3000.0,3000.0,0.4,0.0,drtp_random,0.0,0.3,10.0,64.0,0.1076444452007611,0.0041273980065718,0.1029947916666666,100.59687584838125,-9.986116097912204e-09,0.9863077640533447,0.09375,0.8925577640533447,,15,528136717.96486,18.258002916971844,0.5043404489755631,1.000407910346985,31.13830165863037,0.1096784050265947,5.427216200545247e+21,2.503659971555074,0.7370488663514455
cifar10,10000.0,3000.0,0.0,0.0,drtp_random,0.0,0.3,10.0,64.0,0.1192888885736465,0.0068625093222281,0.1229166666666666,93.95752403450206,6.367812945832477e-11,0.9823565344015758,0.09375,0.8886065344015758,,15,7159289935.381909,18.33736162185669,0.4795620659987131,1.000498060385386,27.90343844095866,0.1218314332266648,1.5545476358872758e+27,3.756164781252543,0.584847941994667
cifar10,10000.0,3000.0,0.1,0.0,drtp_random,0.0,0.3,10.0,64.0,0.1250222211082776,0.0069139433255841,0.126953125,94.38809161074622,4.0607561475339846e-11,0.9820171614487966,0.09375,0.8882671614487966,,15,6621260845.248576,18.30688939094544,0.4819297293821971,1.0004765351613365,28.48725150426229,0.118654729425907,1.2648430266908255e+27,3.615595515569051,0.5777535766363144
cifar10,10000.0,3000.0,0.2,0.0,drtp_random,0.0,0.3,10.0,64.0,0.1156000008185704,0.0052282506926029,0.119921875,96.30806286924016,-1.2955471807987351e-11,0.9833183526992798,0.09375,0.8895683526992798,,15,6110130733.248576,18.262873729070023,0.4851385414600372,1.0004602551460269,29.139839839935306,0.1176465193430582,9.89048881811818e+26,3.315105120340983,0.6374271372954051
cifar10,10000.0,3000.0,0.4,0.0,drtp_random,0.0,0.3,10.0,64.0,0.1076666673024495,0.003718251790672,0.1040364583333333,99.800373277602,-2.091664543397917e-10,0.9857895374298096,0.09375,0.8920395374298096,,15,5212696314.048575,18.140911332766212,0.4943043887615204,1.0004182577133178,31.074156284332275,0.1145065652827421,8.336362881423874e+26,2.648088761170705,0.7008643279472987
cifar10,1000.0,3000.0,0.0,0.0,fa_random,0.0,0.3,10.0,64.0,0.1666444445649782,0.00755610173463,0.16796875,90.70970997527296,-1.7919710430784143e-06,0.9440655072530112,0.09375,0.8503155072530111,,15,62928019.31908366,20.60717329978943,0.3645712157090504,1.0146109580993652,24.92596648534139,0.245216043293476,512992811089.241,8.430487314860025,0.4245363225539525
cifar10,1000.0,3000.0,0.1,0.0,fa_random,0.0,0.3,10.0,64.0,0.156288889547189,0.0048422597646478,0.1591145833333333,92.36732362462998,-2.185173289914744e-06,0.947592846552531,0.09375,0.853842846552531,,15,64021026.51908366,20.432515637079877,0.3709833532571792,1.0140075524648031,23.665325101216634,0.2630613659818966,1507314034729.8325,7.298108084996541,0.4947776193420092
cifar10,1000.0,3000.0,0.2,0.0,fa_random,0.0,0.3,10.0,64.0,0.1337999984622001,0.0052041696918582,0.127734375,97.28977352694751,-2.907332001470901e-06,0.951724354426066,0.09375,0.8579743544260661,,15,56214192.65241699,20.16053150494893,0.3727641691764196,1.0144769946734111,19.624245675404868,0.3006755739450454,276432277531.15814,6.688234706719716,0.4864478339751562
cifar10,1000.0,3000.0,0.4,0.0,fa_random,0.0,0.3,10.0,64.0,0.1170000006755192,0.006626146951133,0.103515625,97.232546412804,-2.548199393833291e-06,0.9542323410511016,0.09375,0.8604823410511017,,15,61962201.985750325,19.75157384872437,0.3987463106711705,1.013881492614746,20.163581681251525,0.3283486798405647,595147059011.9615,6.447648930549621,0.4959759990374247
cifar10,3000.0,3000.0,0.0,0.0,fa_random,0.0,0.3,10.0,64.0,0.1961999992529551,0.0104924160946932,0.2006510416666666,83.20887623345548,5.365328824188017e-07,0.938089116414388,0.09375,0.844339116414388,,15,104144983.8315267,21.875157515207928,0.3373361468315125,1.0163270235061646,27.546197001139323,0.2389571617046991,8632679404338.998,11.36367907524109,0.3654610345760981
cifar10,3000.0,3000.0,0.1,0.0,fa_random,0.0,0.3,10.0,64.0,0.174088888367017,0.0063094342387979,0.175,83.04642743024145,5.852551653925722e-07,0.942614217599233,0.09375,0.848864217599233,,15,108156652.6315267,21.279717842737835,0.3547360777854919,1.013284166653951,26.014173984527588,0.245512543618679,30815940963603.48,10.08930656115214,0.3948857322335243
cifar10,3000.0,3000.0,0.2,0.0,fa_random,0.0,0.3,10.0,64.0,0.151666668554147,0.007298909275629,0.141796875,92.40198508618944,-4.828642968906828e-07,0.9463444312413534,0.09375,0.8525944312413534,,15,119918668.36486004,21.119202613830566,0.3571745743354161,1.0161216020584107,23.976477336883544,0.272720252474149,147244135310181.12,9.73648362159729,0.4024926960468292
cifar10,3000.0,3000.0,0.4,0.0,fa_random,0.0,0.3,10.0,64.0,0.1373555546005566,0.0061464887277593,0.1178385416666666,91.83337249750537,-2.7096133981020324e-07,0.95288046002388,0.09375,0.85913046002388,,15,117838984.6315267,20.561196343104044,0.3701485832532247,1.0133756160736085,22.100323232014976,0.2804743816455205,50114598357740.97,7.715834744771322,0.4580959399541219
cifar10,10000.0,3000.0,0.0,0.0,fa_random,0.0,0.3,10.0,64.0,0.2052888900041579,0.0089730855410319,0.2196614583333333,73.26093804367338,1.0929116122104787e-06,0.9185547848542532,0.09375,0.8248047848542531,,15,164093911.64857584,22.870160802205405,0.3222837020953496,1.012053167819977,28.82450644175212,0.2398914113640785,294615518723561.44,12.715853373209637,0.3840139855941136
cifar10,10000.0,3000.0,0.1,0.0,fa_random,0.0,0.3,10.0,64.0,0.1843555599451064,0.0102045986206651,0.180078125,77.25642444300165,6.726041421230752e-07,0.9258660455544788,0.09375,0.8321160455544789,,15,168817931.64857584,22.31762170791626,0.326948090394338,1.0092584411303205,28.558700243632,0.2248878116408983,398857702135045.94,10.137229092915852,0.4372521509726842
cifar10,10000.0,3000.0,0.2,0.0,fa_random,0.0,0.3,10.0,64.0,0.1618888884782791,0.0120722106738882,0.1609375,78.85781270836638,3.817775333148088e-07,0.9357300917307536,0.09375,0.8419800917307536,,15,213263527.91524252,22.01249100367228,0.3291292548179626,1.012703549861908,25.31129584312439,0.271435801188151,1051337156280519.6,10.981527860959371,0.4063765287399292
cifar10,10000.0,3000.0,0.4,0.0,fa_random,0.0,0.3,10.0,64.0,0.1322000006834665,0.005395059590016,0.1165364583333333,90.10387426228384,4.468021309299761e-08,0.9503450691699982,0.09375,0.8565950691699982,,15,209497779.64857584,21.251661268870038,0.3412908097108205,1.0099053263664246,22.078626918792725,0.2990374296903609,8032322396065866.0,7.454446212450663,0.513501787185669
cifar10,1000.0,3000.0,0.0,0.0,ndfa_random,0.0,0.3,10.0,64.0,0.3184444407622019,0.0010372262113246,1.0,67.44309877898623,6.051325209935507,0.2137289921442667,0.09375,0.1199789921442667,,15,1676.549408976237,55.55597839355469,0.2357546667257944,1.0000053564707438,54.61709683736165,0.1088481284677982,1.0,67.35972862243652,0.1002537968258062
cifar10,1000.0,3000.0,0.1,0.0,ndfa_random,0.0,0.3,10.0,64.0,0.2959777772426605,0.0014023662066618,1.0,67.05716198984258,6.145871686935425,0.210839586953322,0.09375,0.117089586953322,,15,1676.1347391764325,55.77399266560872,0.2357125461101531,1.0000053604443868,55.65316912333171,0.1045157303412755,1.0,68.92243957519531,0.0964089217285314
cifar10,1000.0,3000.0,0.2,0.0,ndfa_random,0.0,0.3,10.0,64.0,0.2735777775446574,0.001547986450881,1.0,66.33207646701064,6.273006677627564,0.2141701449950535,0.09375,0.1204201449950535,,15,1675.7154622395833,55.94021402994792,0.2359466806054115,1.0000054200490316,56.571617380778,0.0976350466410318,1.0,69.09784037272135,0.0927492586274941
cifar10,1000.0,3000.0,0.4,0.0,ndfa_random,0.0,0.3,10.0,64.0,0.2255333344141642,0.0014219738572457,1.0,65.60864402701023,6.4317946434021,0.2120376507441202,0.09375,0.1182876507441202,,15,1675.1104766845704,56.28295974731445,0.2357730309168497,1.0000047047932945,60.74913342793783,0.0916078627109527,1.0,74.74367065429688,0.0872579963256915
cifar10,3000.0,3000.0,0.0,0.0,ndfa_random,0.0,0.3,10.0,64.0,0.3785111129283905,0.0014156607182326,1.0,56.99129141935981,6.990610456466674,0.2750110909342765,0.09375,0.1812610909342765,,15,1705.17902730306,55.807929865519206,0.2374645834167798,1.0000015338261925,52.98121795654297,0.1002759327491124,1.0,59.21337496439616,0.0960114570955435
cifar10,3000.0,3000.0,0.1,0.0,ndfa_random,0.0,0.3,10.0,64.0,0.3338666657606761,0.0019227963707376,1.0,55.858254476891936,7.086606947580973,0.2733782038092613,0.09375,0.1796282038092612,,15,1703.7432444254555,56.21894925435384,0.2374633982777595,1.0000017563501993,53.818837865193686,0.098517328997453,1.0,59.85483309427897,0.0949722389380136
cifar10,3000.0,3000.0,0.2,0.0,ndfa_random,0.0,0.3,10.0,64.0,0.3120444456736246,0.0014167803192096,1.0,55.214307535431416,7.131482982635498,0.2714144344131152,0.09375,0.1776644344131151,,15,1701.6442403157553,56.56657651265462,0.2370443239808082,1.000001871585846,54.594079208374026,0.0998197242617606,1.0,60.431945164998375,0.0968061417341231
cifar10,3000.0,3000.0,0.4,0.0,ndfa_random,0.0,0.3,10.0,64.0,0.2567333320776621,0.0014989234159237,1.0,54.18254129459422,7.211458381017049,0.2656705478827158,0.09375,0.1719205478827158,,15,1698.925166829427,56.92605628967285,0.2370505109429359,1.000001871585846,56.18164316813151,0.0987054862082004,1.0,62.4457098642985,0.0955403039852777
cifar10,10000.0,3000.0,0.0,0.0,ndfa_random,0.0,0.3,10.0,64.0,0.4314000010490417,0.0016472522296718,1.0,48.61146267318687,6.4093962987264,0.2967427087326844,0.09375,0.2029927087326844,,15,1673.1803833007812,57.88385861714681,0.2268008112907409,1.000000830491384,45.906498463948566,0.1208625880380471,1.0,48.53848107655843,0.117276112238566
cifar10,10000.0,3000.0,0.1,0.0,ndfa_random,0.0,0.3,10.0,64.0,0.3918666621049245,0.001284748652761,1.0,47.11478515982589,6.457119703292847,0.2893053342898686,0.09375,0.1955553342898686,,15,1666.0347239176433,59.181988906860354,0.225898870329062,1.0000008702278138,48.84627393086751,0.1207349861661592,1.0,51.70453974405925,0.1126528943578401
cifar10,10000.0,3000.0,0.2,0.0,ndfa_random,0.0,0.3,10.0,64.0,0.3575999995072683,0.0014646446267586,1.0,45.980788507736506,6.470271650950114,0.2839261968930562,0.09375,0.1901761968930562,,15,1663.3622395833331,59.66819140116374,0.225798837840557,1.0000009497006734,47.63309911092122,0.1247523722549279,1.0,50.14066111246745,0.1195652790367602
cifar10,10000.0,3000.0,0.4,0.0,ndfa_random,0.0,0.3,10.0,64.0,0.2794222195943196,0.0013207611319401,1.0,44.584099394019496,6.453844245274862,0.2785954857865969,0.09375,0.1848454857865969,,15,1658.451939900716,60.7116263071696,0.2251733864347139,1.0000008026758829,54.08285242716472,0.1012450280288854,1.0,55.9009391784668,0.09840757821997
cifar10,1000.0,3000.0,0.0,0.0,ndfa_random_kronecker,0.0,0.3,10.0,64.0,0.3139111161231994,0.0010325232110065,1.0,68.59223714367027,5.828976885477702,0.2002241035302479,0.09375,0.1064741035302479,,15,1682.86437886556,58.99182205200195,0.224351905286312,1.0000001788139343,57.89142659505208,0.1024792892237504,1.0,72.78162434895833,0.093952140957117
cifar10,1000.0,3000.0,0.1,0.0,ndfa_random_kronecker,0.0,0.3,10.0,64.0,0.2926444470882415,0.001594457024896,1.0,68.35966300158553,5.87432009379069,0.1974417805671691,0.09375,0.1036917805671691,,15,1682.4290344238282,59.45973587036133,0.2243280222018559,1.0000001668930054,59.68178049723307,0.0931177549064159,1.0,75.2590222676595,0.085693614433209
cifar10,1000.0,3000.0,0.2,0.0,ndfa_random_kronecker,0.0,0.3,10.0,64.0,0.2680888851483663,0.0017537464447786,1.0,67.85543123138827,5.946397622426351,0.1996235465010007,0.09375,0.1058735465010006,,15,1681.3933919270833,60.08771413167317,0.2247679730256398,1.0000001430511474,60.61468035380046,0.0894026679297287,1.0,75.71309293111166,0.0837755940854549
cifar10,1000.0,3000.0,0.4,0.0,ndfa_random_kronecker,0.0,0.3,10.0,64.0,0.2200222223997116,0.0018276147249985,1.0,67.3302673468345,6.0500909646352135,0.1983609745899835,0.09375,0.1046109745899835,,15,1679.904615275065,60.86036275227865,0.224415003756682,1.0000001311302185,63.476196161905925,0.0885148187478383,1.0,79.37425791422525,0.0838839830209811
cifar10,3000.0,3000.0,0.0,0.0,ndfa_random_kronecker,0.0,0.3,10.0,64.0,0.376377781232198,0.0012950324137826,1.0,62.124203735282734,6.324386072158814,0.2366383309165636,0.09375,0.1428883309165636,,15,1716.983583577474,60.98362007141113,0.2224711462855338,1.0000000993410747,54.87400906880696,0.1025759483377138,1.0,63.36074638366699,0.0963454738259315
cifar10,3000.0,3000.0,0.1,0.0,ndfa_random_kronecker,0.0,0.3,10.0,64.0,0.331511108080546,0.0013415887059078,1.0,61.28012216343244,6.407499535878499,0.2351265644033749,0.09375,0.1413765644033749,,15,1714.3392740885415,62.323539606730144,0.2219313114881515,1.0000001072883606,56.69972508748372,0.1003727967540422,1.0,65.08772354125976,0.0927898282806078
cifar10,3000.0,3000.0,0.2,0.0,ndfa_random_kronecker,0.0,0.3,10.0,64.0,0.3092444459597269,0.0015891394314439,1.0,60.80943132774882,6.449674336115519,0.2339449360966682,0.09375,0.1401949360966682,,15,1711.267148844401,63.21187604268392,0.221123224000136,1.0000001072883606,58.003164800008136,0.0955351866781711,1.0,66.08644383748373,0.0929888948798179
cifar10,3000.0,3000.0,0.4,0.0,ndfa_random_kronecker,0.0,0.3,10.0,64.0,0.2521999994913736,0.0013595831884221,1.0,60.16105331346616,6.506860033671061,0.2301671793063481,0.09375,0.1364171793063481,,15,1705.0101521809895,64.70086936950683,0.2202144101262092,1.0000000993410747,59.94338442484538,0.0950943308571974,1.0,67.98343416849772,0.0926132187247275
cifar10,10000.0,3000.0,0.0,0.0,ndfa_random_kronecker,0.0,0.3,10.0,64.0,0.4362666646639506,0.0015143753104315,1.0,58.56238389315754,5.816220076878865,0.2321122219165166,0.09375,0.1383622219165166,,15,1729.662949625651,69.09839515686035,0.2000200614333152,1.000000007947286,42.57122224171956,0.1367050560812155,1.0,47.38218987782796,0.1227664989729721
cifar10,10000.0,3000.0,0.1,0.0,ndfa_random_kronecker,0.0,0.3,10.0,64.0,0.3941333353519439,0.0016792531495133,1.0,57.40051158760854,6.040837812423706,0.2198800186316171,0.09375,0.1261300186316171,,15,1709.4627115885417,73.59513308207194,0.1961983020106951,1.0,46.97301762898763,0.1165701443950334,1.0,52.47894503275553,0.1061335059503713
cifar10,10000.0,3000.0,0.2,0.0,ndfa_random_kronecker,0.0,0.3,10.0,64.0,0.3585555553436279,0.0014990893725205,1.0,56.50914663767746,6.146417554219564,0.2142559754351774,0.09375,0.1205059754351774,,15,1702.0891723632812,75.96297823588053,0.1941283514102299,1.0,47.19743728637695,0.115688070654869,1.0,52.510790761311846,0.1071641519665717
cifar10,10000.0,3000.0,0.4,0.0,ndfa_random_kronecker,0.0,0.3,10.0,64.0,0.2803555528322856,0.0013676019724687,1.0,55.22700255442409,6.465850989023845,0.2035539676745732,0.09375,0.1098039676745732,,15,1686.7230041503906,79.70448239644368,0.1925653912127017,1.000000011920929,52.249054590861,0.1120921080311139,1.0,57.44656359354655,0.1035518261293569
cifar10,1000.0,3000.0,0.0,0.0,nmnc,0.0,0.3,10.0,64.0,0.3020666678746541,0.0041006129559902,0.5971354166666667,70.01921029910595,0.1449943929910659,0.1493267429371674,0.09375,0.0555767429371674,1.6788747390111287,15,1678.457149251302,50.08515535990397,0.2440481781959533,1.0000001827875773,47.10087916056315,0.139728823552529,1.0000006119410196,94.06841939290364,0.0808765062441428
cifar10,1000.0,3000.0,0.1,0.0,nmnc,0.0,0.3,10.0,64.0,0.2890444437662759,0.0033253656195247,0.57109375,70.54509452049857,0.138270691037178,0.144662918895483,0.09375,0.0509129188954829,1.59584588209788,15,1674.5997965494792,50.54750760396322,0.2438787837823231,1.0000001788139343,48.919075139363606,0.1375320136547088,1.0000006119410196,98.95971094767252,0.0785705214987197
cifar10,1000.0,3000.0,0.2,0.0,nmnc,0.0,0.3,10.0,64.0,0.2705777784188588,0.0031180426715087,0.53828125,71.07925453148692,0.1307921681553125,0.139508623878161,0.09375,0.045758623878161,1.527509578069051,15,1667.4613138834636,51.13604850769043,0.2423683563868204,1.0000001788139343,50.62095991770426,0.1345153125623861,1.0000006397565204,102.0755781809489,0.077929063886404
cifar10,1000.0,3000.0,0.4,0.0,nmnc,0.0,0.3,10.0,64.0,0.2234888901313145,0.0027560160430357,0.4592447916666666,72.19871489752765,0.1177336146434147,0.1301944042245546,0.09375,0.0364444042245546,1.4077653606732687,15,1665.4775126139325,51.7000228881836,0.2437180270751317,1.0000001788139343,53.64947980244954,0.1371956425408522,1.0000006357828777,110.23100420633952,0.0734224145611126
cifar10,3000.0,3000.0,0.0,0.0,nmnc,0.0,0.3,10.0,64.0,0.3555111130078633,0.0033348987580288,0.5592447916666666,65.51317853693372,0.2083797494570413,0.1932003239790598,0.09375,0.0994503239790598,2.2531712889671325,15,1709.8732798258463,49.50164833068848,0.2442535445094108,1.000000333786011,43.08965625762939,0.1552028343081474,1.0000007470448813,84.15201377868652,0.0892066737016041
cifar10,3000.0,3000.0,0.1,0.0,nmnc,0.0,0.3,10.0,64.0,0.3214666664600372,0.0040768800784271,0.494140625,66.62520676155386,0.1927234893043835,0.1816798605024814,0.09375,0.0879298605024814,1.9957053939501443,15,1707.185806274414,49.987645085652666,0.2465836847821871,1.000000329812368,46.50928745269776,0.1521645863850911,1.000000782807668,93.05742365519204,0.0865506531049807
cifar10,3000.0,3000.0,0.2,0.0,nmnc,0.0,0.3,10.0,64.0,0.3116444488366445,0.0057335429179455,0.462109375,67.29441150820851,0.1850966903070608,0.1756835751235484,0.09375,0.0819335751235484,1.8915238976478577,15,1690.8324106852212,51.18617769877116,0.2426119873921076,1.000000313917796,48.541632906595865,0.1523350290954112,1.000000711282094,97.69522247314453,0.0793484459320703
cifar10,3000.0,3000.0,0.4,0.0,nmnc,0.0,0.3,10.0,64.0,0.2701333343982696,0.0050803911128859,0.4069010416666667,69.08169721956791,0.1606410022825002,0.1569925727943579,0.09375,0.0632425727943579,1.6806159973144532,15,1676.7954386393228,52.43161125183106,0.2404883787035941,1.000000246365865,52.0171225865682,0.1429097761710484,1.0000006635983782,107.48623657226562,0.0750599889705578
cifar10,10000.0,3000.0,0.0,0.0,nmnc,0.0,0.3,10.0,64.0,0.3672666649023692,0.0092415092507792,0.5209635416666667,59.26365013192252,0.3142131288846333,0.2626751552025477,0.09375,0.1689251552025476,3.0698448022206626,15,1622.934799194336,53.6373228708903,0.2181564187010129,1.0000008026758829,39.40709590911865,0.1964139933387438,1.0000014026959738,77.10793469746908,0.1195721161862213
cifar10,10000.0,3000.0,0.1,0.0,nmnc,0.0,0.3,10.0,64.0,0.3405333300431569,0.0082812223573225,0.4515625,61.20920913173738,0.2835491041342417,0.2403503810365994,0.09375,0.1466003810365994,2.6122721274693808,15,1622.068549601237,53.92574195861816,0.2216559648513793,1.0000006755193074,42.88275241851807,0.1859447181224822,1.0000012119611104,87.66215375264485,0.1073328691224256
cifar10,10000.0,3000.0,0.2,0.0,nmnc,0.0,0.3,10.0,64.0,0.3049555579821268,0.011508398596875,0.3759114583333333,63.12731950427522,0.2524330263336499,0.2190793621043364,0.09375,0.1253293621043364,2.2605711698532103,15,1610.5591186523438,54.72949384053548,0.2205996851126352,1.0000005086263022,49.1219056447347,0.1613447561860084,1.000001029173533,100.21432342529296,0.0924074754118918
cifar10,10000.0,3000.0,0.4,0.0,nmnc,0.0,0.3,10.0,64.0,0.2793777793645858,0.0076184036685232,0.3122395833333333,66.25978436912982,0.2093191174169381,0.1861192914346853,0.09375,0.0923692914346853,1.842269607385,15,1615.59636332194,54.58433698018392,0.2259589627385139,1.0000003814697267,53.0139165242513,0.1467552475631236,1.0000007271766662,115.95421867370604,0.0765500894437233
cifar10,1000.0,3000.0,0.0,0.0,vnc,0.0,0.3,10.0,64.0,0.3078000028928121,0.0051145400233519,0.8477864583333333,60.48467527136713,0.7902455826600393,0.2884095023075739,0.09375,0.1946595023075739,7.782991202672322,15,1831.5080708821613,41.90486704508464,0.2512068072954813,1.0000014265378316,44.677697372436526,0.1597593511144319,1.0000003973642986,64.09502321879069,0.130623618264993
cifar10,1000.0,3000.0,0.1,0.0,vnc,0.0,0.3,10.0,64.0,0.2941111147403717,0.0047502349364219,0.8458333333333333,60.38639010154052,0.7908269564310709,0.2859631801644961,0.09375,0.192213180164496,7.768269777297974,15,1831.323309326172,42.14655939737956,0.2524969771504401,1.0000014265378316,47.31635284423828,0.1574182279407977,1.0000004092852277,67.58925933837891,0.1297306674222151
cifar10,1000.0,3000.0,0.2,0.0,vnc,0.0,0.3,10.0,64.0,0.275644447406133,0.0029036494616034,0.8334635416666667,60.46649807552989,0.7897804816563924,0.2832124893863996,0.09375,0.1894624893863995,7.75615070660909,15,1815.9960367838544,42.83757769266765,0.2505050013462702,1.0000014662742616,50.429931640625,0.1459621975819269,1.0000004013379415,72.62702929178873,0.1185793054600556
cifar10,1000.0,3000.0,0.4,0.0,vnc,0.0,0.3,10.0,64.0,0.2228444437185923,0.0038283073733799,0.7670572916666667,60.54717051256128,0.7834635853767395,0.2774521395564079,0.09375,0.1837021395564079,7.669022051493327,15,1819.38681640625,43.10663604736328,0.2537508894999821,1.0000015377998352,56.96166877746582,0.1230715190370877,1.0000004291534423,82.02157974243164,0.1003403859833875
cifar10,3000.0,3000.0,0.0,0.0,vnc,0.0,0.3,10.0,64.0,0.3525333325068155,0.006513136714068,0.6994791666666667,60.48490619211602,0.7901048918565114,0.3052003612120946,0.09375,0.2114503612120946,8.096528037389119,15,1939.112813313802,40.542294057210285,0.2525022486845652,1.0000019431114198,55.76024462381999,0.1308845696349938,1.0000005523363749,78.8182139078776,0.1058434563378492
cifar10,3000.0,3000.0,0.1,0.0,vnc,0.0,0.3,10.0,64.0,0.3208666682243347,0.008092833998024,0.6526041666666667,60.70997288195456,0.7829790691534678,0.2886797130107879,0.09375,0.1949297130107879,7.894466193517049,15,1940.620924886068,40.53328297932943,0.2544023588299751,1.0000019431114198,62.29165013631185,0.1170771986246108,1.000000536441803,89.50396372477213,0.0932840930918852
cifar10,3000.0,3000.0,0.2,0.0,vnc,0.0,0.3,10.0,64.0,0.2888666679461797,0.0080366097633809,0.59375,60.59265129214193,0.7863046884536743,0.2869497120380401,0.09375,0.1931997120380401,7.808902168273926,15,1939.0753540039063,40.49066899617513,0.2546172579129536,1.0000020345052083,66.28156344095866,0.1105184120436509,1.00000057220459,95.5890874226888,0.0879564873874187
cifar10,3000.0,3000.0,0.4,0.0,vnc,0.0,0.3,10.0,64.0,0.2381555547316868,0.0079764772035708,0.5583333333333333,61.088697404843295,0.7711217006047567,0.2643286528686682,0.09375,0.1705786528686682,7.603660790125529,15,1924.7351725260417,40.86471977233887,0.2539926886558532,1.0000018199284872,73.94770584106445,0.0979622207581996,1.0000004688898725,108.38707987467448,0.0754769587268431
cifar10,10000.0,3000.0,0.0,0.0,vnc,0.0,0.3,10.0,64.0,0.3405777792135874,0.0077175993427391,0.4966145833333333,61.06417076268612,0.7645377079645793,0.302709279457728,0.09375,0.208959279457728,7.552774779001871,15,2346.127294921875,34.849364280700684,0.262146475414435,1.0000020503997802,71.04971275329589,0.1173064745962619,1.000000568230947,101.30074030558268,0.0970613330602645
cifar10,10000.0,3000.0,0.1,0.0,vnc,0.0,0.3,10.0,64.0,0.3063555578390756,0.0085988476702923,0.4372395833333333,61.51936781535685,0.7488186836242676,0.2790593951940536,0.09375,0.1853093951940536,7.143887901306153,15,2340.254443359375,34.384680938720706,0.2654721309741338,1.000001887480418,77.61059277852377,0.1082604482769965,1.000000496705373,112.83023122151693,0.0849051316579182
cifar10,10000.0,3000.0,0.2,0.0,vnc,0.0,0.3,10.0,64.0,0.2806888888279596,0.0073250659841587,0.39140625,61.918851082258655,0.7339669495821,0.2707337697347005,0.09375,0.1769837697347004,6.791062752405803,15,2409.802697753906,33.3564692179362,0.2738299623131752,1.0000017007191977,80.77946116129557,0.1054491830368836,1.0000004609425863,120.07099278767905,0.0834567122161387
cifar10,10000.0,3000.0,0.4,0.0,vnc,0.0,0.3,10.0,64.0,0.2362222214539845,0.0093832942279619,0.3075520833333333,62.666217996993474,0.7099276602268219,0.2504536653558413,0.09375,0.1567036653558413,6.4591503461201984,15,2360.642012532552,33.4129555384318,0.2735641380151113,1.0000014940897624,87.52134246826172,0.0958251535892486,1.0000003774960835,133.4984161376953,0.0733671893676121
fashion_mnist,1000.0,2000.0,0.0,0.0,bp,0.0,0.3,10.0,64.0,0.7921000123023987,0.0020760560749364,0.994140625,,,,,,,5,409.7875350952148,43.3887378692627,0.2165761128067969,1.0000001192092896,27.70484523773193,0.1981460109353065,1.0000001192092896,27.70484523773193,0.1981460109353065
fashion_mnist,1000.0,2000.0,0.1,0.0,bp,0.0,0.3,10.0,64.0,0.7620000004768371,0.0043011637282925,0.950390625,,,,,,,5,397.2234848022461,45.47160606384277,0.2098969921469688,1.0000002145767213,43.9999080657959,0.1204059571027755,1.0000002145767213,43.9999080657959,0.1204059571027755
fashion_mnist,1000.0,2000.0,0.2,0.0,bp,0.0,0.3,10.0,64.0,0.7401999950408935,0.0024879704131332,0.91640625,,,,,,,5,392.6317092895508,46.463753890991214,0.2071700990200042,1.000000238418579,56.1187126159668,0.0979616001248359,1.000000238418579,56.1187126159668,0.0979616001248359
fashion_mnist,1000.0,2000.0,0.4,0.0,bp,0.0,0.3,10.0,64.0,0.6246999979019165,0.0065165244040273,0.85859375,,,,,,,5,388.5159927368164,47.97416801452637,0.2060435339808463,1.0000003337860108,73.28607711791992,0.0875394523143767,1.0000003337860108,73.28607711791992,0.0875394523143767
fashion_mnist,3000.0,2000.0,0.0,0.0,bp,0.0,0.3,10.0,64.0,0.8266999959945679,0.0030561429681905,0.975390625,,,,,,,5,426.8810043334961,45.71211051940918,0.1987235933542251,1.000000286102295,22.91284408569336,0.2255061373114585,1.000000286102295,22.91284408569336,0.2255061373114585
fashion_mnist,3000.0,2000.0,0.1,0.0,bp,0.0,0.3,10.0,64.0,0.7930999994277954,0.0064949934230694,0.902734375,,,,,,,5,403.43910522460936,49.31634368896484,0.1866902083158492,1.0000003814697265,44.212565422058105,0.1315947033464908,1.0000003814697265,44.212565422058105,0.1315947033464908
fashion_mnist,3000.0,2000.0,0.2,0.0,bp,0.0,0.3,10.0,64.0,0.7666000008583069,0.0138341906026675,0.85859375,,,,,,,5,399.7477478027344,50.086486434936525,0.1846370533108711,1.0000004172325134,57.423438262939456,0.1054666578769683,1.0000004172325134,57.423438262939456,0.1054666578769683
fashion_mnist,3000.0,2000.0,0.4,0.0,bp,0.0,0.3,10.0,64.0,0.642300009727478,0.015327756974434,0.753125,,,,,,,5,396.50707855224607,51.690206909179686,0.1840481609106063,1.0000005602836608,79.31806106567383,0.0837878756225108,1.0000005602836608,79.31806106567383,0.0837878756225108
fashion_mnist,10000.0,2000.0,0.0,0.0,bp,0.0,0.3,10.0,64.0,0.8194000005722046,0.0332473303825991,0.909765625,,,,,,,5,403.4124816894531,45.0270278930664,0.1854972347617149,1.0000011205673218,22.474790859222413,0.259988947212696,1.0000011205673218,22.474790859222413,0.259988947212696
fashion_mnist,10000.0,2000.0,0.1,0.0,bp,0.0,0.3,10.0,64.0,0.7328999996185303,0.0389292322708576,0.765625,,,,,,,5,382.2462753295898,48.77501678466797,0.1747207157313823,1.0000013351440429,49.93124694824219,0.1526422575116157,1.0000013351440429,49.93124694824219,0.1526422575116157
fashion_mnist,10000.0,2000.0,0.2,0.0,bp,0.0,0.3,10.0,64.0,0.7014000177383423,0.0204556823877829,0.696484375,,,,,,,5,378.396728515625,50.263763427734375,0.1732106521725654,1.000001072883606,70.76639747619629,0.1097279250621795,1.000001072883606,70.76639747619629,0.1097279250621795
fashion_mnist,10000.0,2000.0,0.4,0.0,bp,0.0,0.3,10.0,64.0,0.5000999867916107,0.0535703717373371,0.48984375,,,,,,,5,381.0838806152344,50.78288536071777,0.176158332824707,1.0000013947486877,93.5264045715332,0.094965049624443,1.0000013947486877,93.5264045715332,0.094965049624443
fashion_mnist,1000.0,2000.0,0.0,0.0,dfa_random,0.0,0.3,10.0,64.0,0.6258999983469645,0.0156342261314126,0.65,66.68374797000713,0.0007507061177117,0.9574578007062275,0.1875,0.7699578007062277,,15,168394.43282674154,22.633757972717284,0.292584470907847,1.0002915779749553,14.85273707707723,0.2616219535470008,35934.31813586553,8.156017160415649,0.4116226504246393
fashion_mnist,1000.0,2000.0,0.1,0.0,dfa_random,0.0,0.3,10.0,64.0,0.5403333326180776,0.0142808297208768,0.5157552083333333,71.5795470783779,0.0005855399022038,0.9581033289432526,0.1875,0.7706033289432526,,15,192103.38282674152,22.61043504079183,0.2931881179412206,1.0002934177716574,19.731287225087485,0.2086393083135286,27489.936394278207,9.75477393468221,0.3623431950807571
fashion_mnist,1000.0,2000.0,0.2,0.0,dfa_random,0.0,0.3,10.0,64.0,0.5047000030676524,0.0248886957106925,0.4385416666666666,74.53640372601271,0.0005364526497335,0.9584978640079498,0.1875,0.7709978640079498,,15,212471.96095174152,22.52592837015788,0.294333313902219,1.0002808332443238,21.73826462427775,0.209892634799083,25956.897190388045,10.163042306900024,0.3592712968587875
fashion_mnist,1000.0,2000.0,0.4,0.0,dfa_random,0.0,0.3,10.0,64.0,0.2817666709423065,0.021958233224031,0.211328125,82.84587961993346,0.0001275072795882,0.9638481279214224,0.1875,0.7763481279214223,,15,307001.6036600749,22.142997407913207,0.3103980908791224,1.0003416419029236,22.340524450937902,0.2305944025516509,45377.74401981036,6.892194986343384,0.4832466373840968
fashion_mnist,3000.0,2000.0,0.0,0.0,dfa_random,0.0,0.3,10.0,64.0,0.6980333288510641,0.016437578326943,0.7188802083333333,63.70914337457034,0.0004499708002791,0.9469917575518292,0.1875,0.7594917575518291,,15,211694.77905883788,24.258068752288818,0.2853160550196965,1.0002448638280232,15.310245259602864,0.2379995663960774,175196.12083523272,9.242961931228638,0.3698541839917501
fashion_mnist,3000.0,2000.0,0.1,0.0,dfa_random,0.0,0.3,10.0,64.0,0.5727333386739095,0.0214216100678405,0.5251302083333333,69.45087999372278,0.0003935358393997,0.9540537019570668,0.1875,0.7665537019570668,,15,242350.58947550456,24.515043481191,0.272938988606135,1.0003104050954184,20.1067445119222,0.2112890491882959,216547.68250719705,10.007876388231914,0.4055419474840163
fashion_mnist,3000.0,2000.0,0.2,0.0,dfa_random,0.0,0.3,10.0,64.0,0.5141666670640309,0.0202612495827309,0.4350260416666666,71.86436705368479,0.0002629181478823,0.9545344134171804,0.1875,0.7670344134171804,,15,342486.88635050453,24.126606877644857,0.281745715936025,1.0003379901250204,21.22511682510376,0.2186585550506909,1150534.1615543764,9.649286142985028,0.4048860376079877
fashion_mnist,3000.0,2000.0,0.4,0.0,dfa_random,0.0,0.3,10.0,64.0,0.3583333333333333,0.0178254547776377,0.2317708333333333,77.93901256061184,0.0001075406825921,0.9552537083625794,0.1875,0.7677537083625794,,15,498912.7655171712,24.098667112986245,0.2758125722408294,1.0003525614738464,23.475291124979652,0.2160444483160972,2034972.4564582189,8.950679540634155,0.3880071684718132
fashion_mnist,10000.0,2000.0,0.0,0.0,dfa_random,0.0,0.3,10.0,64.0,0.6777333398660024,0.0263356038409711,0.6923177083333333,63.78506969255898,0.0003704783186851,0.9410933355490366,0.1875,0.7535933355490366,,15,203668.47440389,23.850788402557374,0.2751281013091405,1.00027308066686,15.150287024180097,0.2667411148548126,428569.65006842616,8.923919073740642,0.4123114397128423
fashion_mnist,10000.0,2000.0,0.1,0.0,dfa_random,0.0,0.3,10.0,64.0,0.5074333349863688,0.0261334891948586,0.4588541666666667,74.48209299565603,0.0001455197367628,0.9473539729913076,0.1875,0.7598539729913075,,15,330805.30877889,23.85099833806356,0.2657355844974517,1.0003638744354248,20.063861401875812,0.2320683712760607,1932557.683610789,9.341560546557108,0.4197031304240226
fashion_mnist,10000.0,2000.0,0.2,0.0,dfa_random,0.0,0.3,10.0,64.0,0.419433335463206,0.0253236153813696,0.339453125,79.63932278122171,4.736698513359652e-05,0.9430993179480236,0.1875,0.7555993179480235,,15,785306.2754455566,23.818648767471316,0.2668437222639719,1.0003521243731182,22.083902454376226,0.2237491210301716,55042891.8422884,10.82826426823934,0.3718984057505926
fashion_mnist,10000.0,2000.0,0.4,0.0,dfa_random,0.0,0.3,10.0,64.0,0.3207333336273829,0.0333894726023098,0.2174479166666666,76.71991002763394,2.1861872770756463e-05,0.951242111126582,0.1875,0.7637421111265819,,15,6165260.779612225,22.36257450580597,0.3210223287343979,1.0003598968187968,22.580575768152872,0.2277808534602323,5604801735.953132,7.6242562413215635,0.4761915077765782
fashion_mnist,1000.0,2000.0,0.0,0.0,drtp_random,0.0,0.3,10.0,64.0,0.2500999987125396,0.0139290884031329,0.271875,90.1836613527558,2.540620777981197e-07,0.97840216755867,0.1875,0.79090216755867,,15,13380992.822410077,20.51917692820231,0.4013461937506993,1.0003163377443949,17.70965140660604,0.1483570103844006,2.785597017834561e+16,4.45632868607839,0.5912213484446208
fashion_mnist,1000.0,2000.0,0.1,0.0,drtp_random,0.0,0.3,10.0,64.0,0.2441333323717117,0.0125931261776294,0.2467447916666666,92.53552178670472,1.835541150134341e-07,0.9800362249215444,0.1875,0.7925362249215444,,15,12015851.822410077,20.39514487584432,0.4112404892841975,1.0003155708312987,19.8570774714152,0.148163283119599,2.126202209331694e+16,4.293420537312826,0.604573009411494
fashion_mnist,1000.0,2000.0,0.2,0.0,drtp_random,0.0,0.3,10.0,64.0,0.2107333327333131,0.0128384525072327,0.204296875,94.20926186973271,1.0816231867024721e-07,0.9806745171546936,0.1875,0.7931745171546936,,15,9866512.88907674,20.347088066736852,0.4171227286259332,1.0002912163734436,22.30551420847575,0.1381713556746641,1.0438632666305308e+16,3.7839226563771566,0.6544557342926661
fashion_mnist,1000.0,2000.0,0.4,0.0,drtp_random,0.0,0.3,10.0,64.0,0.1665999968846638,0.0178336351815286,0.1421875,97.3506812536506,-1.8505271240804962e-07,0.9820540845394136,0.1875,0.7945540845394135,,15,6101705.522410075,20.24468224843343,0.4258546461661657,1.000246377786001,26.483113702138265,0.124641117453575,1724246865200027.0,3.720206999778748,0.6339594552914302
fashion_mnist,3000.0,2000.0,0.0,0.0,drtp_random,0.0,0.3,10.0,64.0,0.3489000002543131,0.0151517099876845,0.3572916666666667,85.08128398750314,1.5805209662076175e-08,0.977983260154724,0.1875,0.7904832601547241,,15,106275633.93426718,21.96252597173055,0.3641566038131714,1.0002914150555928,18.344599628448485,0.1365338092048962,6.733985141678931e+20,6.064620137214661,0.4537591447432836
fashion_mnist,3000.0,2000.0,0.1,0.0,drtp_random,0.0,0.3,10.0,64.0,0.3059333354234695,0.0134533470536455,0.2782552083333333,87.34860182551158,1.618440952184684e-08,0.9771909415721892,0.1875,0.7896909415721893,,15,89946344.8676005,21.909948444366456,0.3692411303520203,1.0002758860588077,20.88656476338705,0.129894033819437,3.1381774574629506e+20,6.268798724810282,0.4675232956806818
fashion_mnist,3000.0,2000.0,0.2,0.0,drtp_random,0.0,0.3,10.0,64.0,0.2621333340803781,0.0195469193816719,0.2283854166666666,88.057593276992,1.8466508551447272e-08,0.9762502153714496,0.1875,0.7887502153714497,,15,74216243.80093384,21.881432628631597,0.3693787773450215,1.0002657413482663,23.177853234608968,0.1267639838159084,1.9342934510674336e+20,6.10742982228597,0.464552774031957
fashion_mnist,3000.0,2000.0,0.4,0.0,drtp_random,0.0,0.3,10.0,64.0,0.1826000000039736,0.0163620642334492,0.1432291666666666,92.48784837717344,1.2047070294890482e-08,0.9817786773045858,0.1875,0.7942786773045858,,15,49544841.40093384,21.68851230144501,0.3880857557058334,1.000239721934001,27.44170201619466,0.1209648502369721,7.368826844845271e+19,5.101901372273763,0.500854496161143
fashion_mnist,10000.0,2000.0,0.0,0.0,drtp_random,0.0,0.3,10.0,64.0,0.3929333349068959,0.0148284530689468,0.404296875,82.1540184280352,3.597759936919258e-10,0.9744068006674448,0.1875,0.7869068006674449,,15,978432624.5837789,21.0792639096578,0.3304110278685888,1.000298527876536,18.31798241933187,0.1423783866067727,8.556798724544862e+25,6.920442835489909,0.4217595309019089
fashion_mnist,10000.0,2000.0,0.1,0.0,drtp_random,0.0,0.3,10.0,64.0,0.2915000001589456,0.0271651040025803,0.2686197916666666,84.1450320698209,4.2837596977309005e-10,0.9744242906570436,0.1875,0.7869242906570435,,15,830071122.7171122,21.03322515487671,0.336747466524442,1.0002834359804789,20.836677519480386,0.1368590426941712,8.13950971564594e+25,6.906537834803263,0.4355439454317092
fashion_mnist,10000.0,2000.0,0.2,0.0,drtp_random,0.0,0.3,10.0,64.0,0.2540666649738947,0.0213114019731251,0.2135416666666666,84.45090400864586,5.334034686531617e-10,0.976013974348704,0.1875,0.7885139743487041,,15,708491316.8504455,20.96756019592285,0.3436706105868021,1.0002676725387574,23.00842129389445,0.1292807191610336,3.965272522448491e+25,6.597929668426514,0.4668099284172058
fashion_mnist,10000.0,2000.0,0.4,0.0,drtp_random,0.0,0.3,10.0,64.0,0.1741666669646898,0.0200186026447734,0.1358072916666666,88.49083950641368,6.739258007394994e-10,0.9796240429083506,0.1875,0.7921240429083506,,15,476099869.3837789,20.82588701248169,0.3580463786919912,1.000244096914927,26.993111928304035,0.1237774776915708,1.0430776941641334e+25,6.275265995661417,0.4284703065951665
fashion_mnist,1000.0,2000.0,0.0,0.0,fa_random,0.0,0.3,10.0,64.0,0.6354333321253459,0.0117408382392012,0.6670572916666667,71.89605706134749,1.8561849269360665e-05,0.93657532731692,0.1875,0.74907532731692,,15,4178212.789076741,22.395875199635825,0.2950724909702936,1.0045034964879354,16.803805446624757,0.2712326382597287,815261488.4140513,7.811901092529297,0.4203582242131233
fashion_mnist,1000.0,2000.0,0.1,0.0,fa_random,0.0,0.3,10.0,64.0,0.5337666551272074,0.0199303461928732,0.5049479166666667,78.86829279760832,1.191345649165972e-05,0.9370622118314108,0.1875,0.7495622118314107,,15,4115337.255743408,22.336022281646727,0.2957882930835088,1.004713280995687,20.65714886983236,0.2283044969042142,1056967004.9312367,8.908265686035156,0.40584666877985
fashion_mnist,1000.0,2000.0,0.2,0.0,fa_random,0.0,0.3,10.0,64.0,0.4624333322048187,0.0162648360678389,0.4087239583333333,75.79935388884678,1.8716297025396973e-05,0.9404518047968546,0.1875,0.7529518047968546,,15,3589564.8390767416,22.20722859700521,0.2912436703840891,1.0039265116055809,20.159181054433187,0.2239127094546953,772392104.2138906,8.65796004931132,0.3927485158046086
fashion_mnist,1000.0,2000.0,0.4,0.0,fa_random,0.0,0.3,10.0,64.0,0.2449000000953674,0.0191119006411784,0.1825520833333333,87.26615670435659,-1.4315904849127032e-06,0.949568808078766,0.1875,0.7620688080787659,,15,3117439.622410075,21.723833100001016,0.3078429927428563,1.003771956761678,17.186199204126993,0.2901043698191642,820585525.8442179,6.640165241559346,0.4762775182723999
fashion_mnist,3000.0,2000.0,0.0,0.0,fa_random,0.0,0.3,10.0,64.0,0.6802000045776367,0.015032489357319,0.6962239583333333,66.12096696817774,1.7122185616358367e-05,0.9347263514995576,0.1875,0.7472263514995575,,15,5260940.6509338375,24.18806265195211,0.2836816261212031,1.0044793685277302,17.758541425069172,0.2482861325144767,4481029790.668188,8.825042088826498,0.4037986199061076
fashion_mnist,3000.0,2000.0,0.1,0.0,fa_random,0.0,0.3,10.0,64.0,0.5478666683038076,0.0210223478080025,0.5065104166666666,73.73062955601115,1.3776887869454412e-05,0.939658349752426,0.1875,0.7521583497524261,,15,5744360.784267171,24.060491053263345,0.2851467887560526,1.0044851024945578,20.917088095347086,0.2264747142791748,8012205906.950723,9.265632510185242,0.4045564085245132
fashion_mnist,3000.0,2000.0,0.2,0.0,fa_random,0.0,0.3,10.0,64.0,0.4429000000158946,0.0301359687820234,0.381640625,79.29056181786477,5.933822259507337e-06,0.9439285655816396,0.1875,0.7564285655816396,,15,6474901.934267172,23.80840080579122,0.2815468847751617,1.005185854434967,21.54421300888061,0.2349072148402531,16763554644.696936,9.240362628300984,0.3941466341416041
fashion_mnist,3000.0,2000.0,0.4,0.0,fa_random,0.0,0.3,10.0,64.0,0.3202999989191691,0.0251916835048122,0.2247395833333333,80.57361254136775,3.6724423335243726e-06,0.9524323503176372,0.1875,0.7649323503176372,,15,5827609.300933838,23.47214584350586,0.2859684983889262,1.0039690136909485,18.28200480143229,0.2692755331595738,42377274087.3662,7.775042033195495,0.4481748844186465
fashion_mnist,10000.0,2000.0,0.0,0.0,fa_random,0.0,0.3,10.0,64.0,0.6874666571617126,0.0195218101884129,0.695703125,65.32533255155002,1.737352687977515e-05,0.921017493804296,0.1875,0.7335174938042959,,15,4700481.15877889,23.94697558085124,0.2665679216384887,1.0041218757629395,17.088463497161865,0.2698851361870765,5322334679.837085,7.945526321729024,0.4578705648581186
fashion_mnist,10000.0,2000.0,0.1,0.0,fa_random,0.0,0.3,10.0,64.0,0.5433999975522359,0.0219832301193273,0.4967447916666667,73.20809564852371,8.06842345516164e-06,0.9330143392086028,0.1875,0.7455143392086029,,15,6727234.850445556,23.84459816614787,0.258443722128868,1.0041669130325317,23.023282686869305,0.2283067062497138,25278967543.136707,8.937441301345824,0.4506336137652397
fashion_mnist,10000.0,2000.0,0.2,0.0,fa_random,0.0,0.3,10.0,64.0,0.4104999919732411,0.0247963598550322,0.3407552083333333,76.3644059814089,5.54749123124291e-06,0.941372134288152,0.1875,0.753872134288152,,15,8673161.18377889,23.378250328699743,0.2677181998888651,1.0040112853050231,22.1947758992513,0.2310347850124041,197578399138.58737,9.39165121714274,0.3944926391045252
fashion_mnist,10000.0,2000.0,0.4,0.0,fa_random,0.0,0.3,10.0,64.0,0.3090666661659876,0.0190020599463335,0.2100260416666666,84.63869566714247,5.172054754587486e-07,0.9496159156163534,0.1875,0.7621159156163534,,15,9311654.68377889,22.83915901184082,0.2758849054574966,1.00320561726888,17.85893136660258,0.2637851556142171,1838414350455.749,7.66615838209788,0.4641754512985547
fashion_mnist,1000.0,2000.0,0.0,0.0,ndfa_random,0.0,0.3,10.0,64.0,0.7869666695594788,0.0013882735630064,1.0,69.57816546469257,3.783547345797221,0.3450066318114598,0.1875,0.1575066318114598,,15,412.99171752929686,45.5153507232666,0.2068022598822911,1.0000015060106913,24.88530991872152,0.1826040292779604,1.0,27.983080927530924,0.1760025625427563
fashion_mnist,1000.0,2000.0,0.1,0.0,ndfa_random,0.0,0.3,10.0,64.0,0.7343666672706604,0.0013060890838626,0.9962239583333332,69.07915141807531,3.844940741856893,0.3199833358327548,0.1875,0.1324833358327547,,15,410.4537755330404,47.88703829447429,0.2066485638419787,1.0000059763590494,24.118320592244466,0.2097322950760523,1.00000003973643,28.019163195292155,0.1913081342975298
fashion_mnist,1000.0,2000.0,0.2,0.0,ndfa_random,0.0,0.3,10.0,64.0,0.701799992720286,0.0013244947968174,0.9998697916666668,65.06136741149379,4.362139828999838,0.3322033887108167,0.1875,0.1447033887108166,,15,408.8592366536458,49.07363052368164,0.2060602277517318,1.000003969669342,35.11198399861654,0.1535464299221833,1.0,39.40921147664388,0.1455408031741777
fashion_mnist,1000.0,2000.0,0.4,0.0,ndfa_random,0.0,0.3,10.0,64.0,0.5321000059445699,0.0029439989045907,1.0,61.10652062579988,4.779334100087484,0.3400708566109339,0.1875,0.1525708566109339,,15,407.4500910441081,50.59428990681966,0.2059089461962381,1.0000025510787964,44.76781463623047,0.106960625698169,1.0,50.15372479756673,0.1069746633370716
fashion_mnist,3000.0,2000.0,0.0,0.0,ndfa_random,0.0,0.3,10.0,64.0,0.8226333340009053,0.0011705358432217,1.0,59.66505501758307,4.550810146331787,0.385457452138265,0.1875,0.1979574521382649,,15,435.4256540934245,47.85637855529785,0.1941692501306533,1.0000009139378865,21.8226614634196,0.2027373601992924,1.0,22.325490220387778,0.2092731853326161
fashion_mnist,3000.0,2000.0,0.1,0.0,ndfa_random,0.0,0.3,10.0,64.0,0.7749666651089986,0.0013805343143233,0.9997395833333332,57.19524131057008,4.623302896817525,0.3684547017018,0.1875,0.1809547017018,,15,430.70738372802737,51.03875147501628,0.193289299805959,1.0000022411346436,28.642342313130698,0.1888656708101431,1.0000000238418578,29.34403044382731,0.1944954745471477
fashion_mnist,3000.0,2000.0,0.2,0.0,ndfa_random,0.0,0.3,10.0,64.0,0.7220666686693827,0.0017070362311549,0.9997395833333332,54.622944897722746,4.74547979036967,0.3701474865277608,0.1875,0.1826474865277608,,15,428.9319742838542,52.37128219604492,0.1925049622853596,1.0000021815299989,31.6175453821818,0.1651651506622632,1.0000000198682149,33.407535235087074,0.1599240998427072
fashion_mnist,3000.0,2000.0,0.4,0.0,ndfa_random,0.0,0.3,10.0,64.0,0.5617666681607564,0.0022666673533426,0.9994791666666668,52.04912574438718,4.730536079406738,0.3711527819434801,0.1875,0.1836527819434801,,15,427.1018961588542,54.05653279622396,0.1921139642596244,1.000003413359324,32.74817956288656,0.1805028309424718,1.0000000715255737,35.32909475962321,0.1681545866032441
fashion_mnist,10000.0,2000.0,0.0,0.0,ndfa_random,0.0,0.3,10.0,64.0,0.8519000053405762,0.0010692663451324,1.0,53.65550289646674,4.2177618900934855,0.3939010361830393,0.1875,0.2064010361830393,,15,411.5872772216797,46.94607098897298,0.1788733462492624,1.0000006000200907,19.635087553660075,0.2394223416845003,1.000000003973643,18.89317989349365,0.2573502610127131
fashion_mnist,10000.0,2000.0,0.1,0.0,ndfa_random,0.0,0.3,10.0,64.0,0.7906000057856242,0.0026377301842534,0.9962239583333332,50.29293508436368,4.248218607902527,0.3688154677549998,0.1875,0.1813154677549997,,15,404.3984883626302,52.25247904459636,0.1769657025734583,1.0000076413154602,17.855005105336506,0.2859341382980346,1.0000002225240072,18.8618909517924,0.2696408505241076
fashion_mnist,10000.0,2000.0,0.2,0.0,ndfa_random,0.0,0.3,10.0,64.0,0.7332666635513305,0.003736838486482,0.9912760416666668,48.57527199818545,4.253481562932333,0.3566064258416493,0.1875,0.1691064258416493,,15,402.0644775390625,54.70950622558594,0.1752715681989987,1.000012449423472,18.45917212168376,0.2670204058289527,1.0000004371007285,19.846042283376057,0.2546191096305847
fashion_mnist,10000.0,2000.0,0.4,0.0,ndfa_random,0.0,0.3,10.0,64.0,0.5692999958992004,0.0019016295196371,0.988671875,45.31930458510944,4.331169072786967,0.3442478974660237,0.1875,0.1567478974660237,,15,401.61009267171227,57.58952229817708,0.173894320676724,1.0000139395395915,24.50429884592692,0.2137388765811919,1.000000548362732,26.379000091552733,0.1981683229406674
fashion_mnist,1000.0,2000.0,0.0,0.0,ndfa_random_kronecker,0.0,0.3,10.0,64.0,0.7896333376566569,0.0013429410273263,1.0,70.95091552350353,3.633269008000692,0.3098217919468879,0.1875,0.1223217919468879,,15,438.6707692464193,42.1016482035319,0.1987884317835171,1.0000000675519307,27.833338038126627,0.1609250960250695,1.0,31.929761123657222,0.1567619368433952
fashion_mnist,1000.0,2000.0,0.1,0.0,ndfa_random_kronecker,0.0,0.3,10.0,64.0,0.7298333287239075,0.0014164573001924,1.0,69.46697352392194,3.768305246035258,0.2985248198111852,0.1875,0.1110248198111851,,15,431.2442881266276,46.468472162882485,0.197119520107905,1.0000001748402914,27.526592381795247,0.2170075222849845,1.0,32.56205526987711,0.1982380419969558
fashion_mnist,1000.0,2000.0,0.2,0.0,ndfa_random_kronecker,0.0,0.3,10.0,64.0,0.6955999930699667,0.0018213006986853,1.0,67.2198774214715,4.00662735303243,0.3051034331321716,0.1875,0.1176034331321715,,15,425.7257029215495,48.98499145507813,0.1945845653613408,1.0000001748402914,33.24509811401367,0.1825961346427599,1.0,38.04102179209392,0.1752665951848029
fashion_mnist,1000.0,2000.0,0.4,0.0,ndfa_random_kronecker,0.0,0.3,10.0,64.0,0.5185333410898845,0.0026387538508023,1.0,65.10484233503544,4.18969501654307,0.3060537035266558,0.1875,0.1185537035266558,,15,420.3683227539062,52.998322168986,0.1925641725460688,1.0000001192092896,45.25132179260254,0.1149846506615479,1.0,51.706436475118,0.1123088637987772
fashion_mnist,3000.0,2000.0,0.0,0.0,ndfa_random_kronecker,0.0,0.3,10.0,64.0,0.8246999939282735,0.0011830128931195,1.0,65.2419526594244,3.937650458017985,0.3230856786171595,0.1875,0.1355856786171595,,15,463.8871561686198,45.73343849182129,0.1856590395172436,1.000000007947286,23.909936714172364,0.184104403356711,1.0,25.00216884613037,0.1942139248053232
fashion_mnist,3000.0,2000.0,0.1,0.0,ndfa_random_kronecker,0.0,0.3,10.0,64.0,0.7731333335240682,0.0011024487949173,1.0,63.26098363878028,4.013540267944336,0.3128998597462972,0.1875,0.1253998597462971,,15,450.7045572916667,52.33193944295248,0.1797690905630588,1.0000000516573588,33.22845726013183,0.1432415351271629,1.0,35.62725003560384,0.1437075108289718
fashion_mnist,3000.0,2000.0,0.2,0.0,ndfa_random_kronecker,0.0,0.3,10.0,64.0,0.7201666593551636,0.0012767776342146,1.0,61.94772029247776,4.080875706672669,0.3092937424778938,0.1875,0.1217937424778937,,15,447.0333607991536,55.9271100362142,0.1760614390174547,1.0000000596046448,34.176581637064615,0.1520415589213371,1.0,37.17483838399252,0.1500879662732283
fashion_mnist,3000.0,2000.0,0.4,0.0,ndfa_random_kronecker,0.0,0.3,10.0,64.0,0.5557666699091593,0.001329935160339,1.0,60.87340003467015,4.1416066487630205,0.3053095300992329,0.1875,0.1178095300992329,,15,445.12156270345054,61.27030283610026,0.1714344022174675,1.0000001351038614,31.850319480896,0.2139135581751664,1.0,35.887843704223634,0.198836047699054
fashion_mnist,10000.0,2000.0,0.0,0.0,ndfa_random_kronecker,0.0,0.3,10.0,64.0,0.8546666661898296,0.0012166158429835,1.0,63.88436690548282,3.559640371799469,0.3119672487179438,0.1875,0.1244672487179437,,15,445.7079172770182,47.64134966532389,0.1639809330304463,1.0,20.39337402979533,0.2195489386717478,1.0,20.099144458770752,0.2273972496390342
fashion_mnist,10000.0,2000.0,0.1,0.0,ndfa_random_kronecker,0.0,0.3,10.0,64.0,0.7878333369890849,0.0018807740880392,0.9966145833333332,60.662135508284784,3.528399538993836,0.3040412311752637,0.1875,0.1165412311752636,,15,468.5960103352865,58.51797892252604,0.1562866556147734,1.0000054995218912,15.448997604846957,0.3460899293422699,1.0000003139177958,16.637626536687215,0.3411332195003826
fashion_mnist,10000.0,2000.0,0.2,0.0,ndfa_random_kronecker,0.0,0.3,10.0,64.0,0.6891666650772095,0.0190831313772221,0.9505208333333334,59.31046707011066,3.301703093449275,0.2852636635303497,0.1875,0.0977636635303496,,15,526.2527303059895,64.20376052856446,0.1559706273178259,1.0000456849733987,11.429326033592224,0.4051411693294843,1.0000088334083557,10.989162588119507,0.4068727324406306
fashion_mnist,10000.0,2000.0,0.4,0.0,ndfa_random_kronecker,0.0,0.3,10.0,64.0,0.4797666668891907,0.0220250857194601,0.7986979166666667,58.02850035091321,2.2803397119045257,0.2696954160928726,0.1875,0.0821954160928725,,15,723.4704040527344,68.43776499430338,0.1633061334490775,1.000120508670807,37.63177935282389,0.1591475382447242,1.000034252802531,38.846268272399904,0.1665078212817509
fashion_mnist,1000.0,2000.0,0.0,0.0,nmnc,0.0,0.3,10.0,64.0,0.7544999957084656,0.0031844107695007,0.8838541666666667,59.51742464890443,0.2980365167061488,0.3176024640599886,0.1875,0.1301024640599886,2.7233503182729084,15,422.9191090901693,41.94933687845866,0.2257741808891296,1.000000202655792,19.975789260864257,0.2149279425541559,1.0000004410743712,33.53021055857341,0.1655626816054184
fashion_mnist,1000.0,2000.0,0.1,0.0,nmnc,0.0,0.3,10.0,64.0,0.7358666737874349,0.0039019114896256,0.8033854166666666,61.01991422978181,0.2797970041632652,0.2974227160215378,0.1875,0.1099227160215377,2.39632248878479,15,406.22983805338544,44.327633158365884,0.2180381059646606,1.0000002264976502,30.039040311177573,0.1624243502815564,1.000000500679016,51.93675969441732,0.1103995303312937
fashion_mnist,1000.0,2000.0,0.2,0.0,nmnc,0.0,0.3,10.0,64.0,0.7141666690508525,0.0041996771917814,0.7319010416666667,62.19892356996719,0.2641537713507811,0.2820364927252133,0.1875,0.0945364927252133,2.2589868863423663,15,401.1231196085612,45.22977663675944,0.2156274120012918,1.000000246365865,36.05963694254557,0.1424810710052649,1.000000540415446,64.1445878346761,0.0936647693316141
fashion_mnist,1000.0,2000.0,0.4,0.0,nmnc,0.0,0.3,10.0,64.0,0.628766671816508,0.0066299937538562,0.5466145833333333,64.15261947647919,0.2332268394529819,0.2604272698362668,0.1875,0.0729272698362668,2.011673323313395,15,398.79164835611977,45.9960698445638,0.2159016857544581,1.000000282128652,42.52505397796631,0.1386643563707669,1.0000006477038064,80.63912823994954,0.0819299761205911
fashion_mnist,3000.0,2000.0,0.0,0.0,nmnc,0.0,0.3,10.0,64.0,0.7904000004132589,0.0055639572597824,0.872265625,55.89350915961192,0.3636663183569908,0.3661576305826505,0.1875,0.1786576305826504,3.3172447284062705,15,457.3351593017578,42.72503445943197,0.2160441865523655,1.0000003894170126,17.26041488647461,0.2575633212924003,1.000000830491384,26.791535917917887,0.2168112357457478
fashion_mnist,3000.0,2000.0,0.1,0.0,nmnc,0.0,0.3,10.0,64.0,0.7862000028292339,0.0046063615317533,0.7950520833333333,58.15974505542261,0.3380613759160041,0.3334408536553382,0.1875,0.1459408536553382,2.7291282494862874,15,420.1577443440755,47.17659403483073,0.2002498130003611,1.0000003814697267,28.64965190887451,0.1730428670843442,1.0000006397565206,47.92625846862793,0.1185144506394862
fashion_mnist,3000.0,2000.0,0.2,0.0,nmnc,0.0,0.3,10.0,64.0,0.7536666591962179,0.0067871851918258,0.714453125,59.58557291145527,0.3140928467114766,0.3151259884238243,0.1875,0.1276259884238242,2.517010951042175,15,421.49163411458335,47.246355056762695,0.2020975728829701,1.0000003655751548,34.742034403483075,0.1493162102997302,1.0000006159146626,59.999707539876304,0.097356887658437
fashion_mnist,3000.0,2000.0,0.4,0.0,nmnc,0.0,0.3,10.0,64.0,0.6819666703542073,0.0111429522727806,0.5197916666666667,61.8480690887193,0.275843842079242,0.2882776255408922,0.1875,0.1007776255408922,2.1854602495829263,15,416.6827458699544,48.24836794535319,0.2008803809682527,1.0000003774960835,42.46310825347901,0.136457880338033,1.0000007192293805,78.45859591166179,0.084957060838739
fashion_mnist,10000.0,2000.0,0.0,0.0,nmnc,0.0,0.3,10.0,64.0,0.7908333381017049,0.0074947075285087,0.8381510416666667,53.18772325969,0.4179667154947916,0.4015859792629878,0.1875,0.2140859792629877,3.924896303812663,15,428.1267389933268,41.461617914835614,0.1994365066289901,1.0000007470448813,16.635014152526857,0.2969239259759585,1.0000014066696168,25.051756858825684,0.2473411013682683
fashion_mnist,10000.0,2000.0,0.1,0.0,nmnc,0.0,0.3,10.0,64.0,0.7598999937375387,0.0123249849115247,0.74921875,55.121323535943816,0.3943037003278732,0.3713210652271906,0.1875,0.1838210652271906,3.0135207176208496,15,392.5029006958008,46.01392135620117,0.1860364412268002,1.0000006198883056,29.173748016357425,0.2083566089471181,1.000001041094462,48.20029786427816,0.1518570890029271
fashion_mnist,10000.0,2000.0,0.2,0.0,nmnc,0.0,0.3,10.0,64.0,0.7220666726430257,0.0141290709063794,0.6393229166666666,57.39977073896417,0.3588847766319911,0.3463059211770692,0.1875,0.1588059211770693,2.677784236272176,15,388.75431467692056,46.63669026692708,0.1847847292820612,1.0000005125999452,35.83710708618164,0.1660470368961492,1.0000009298324586,61.91699282328288,0.1204624655346075
fashion_mnist,10000.0,2000.0,0.4,0.0,nmnc,0.0,0.3,10.0,64.0,0.6714666664600373,0.0194524740430125,0.462109375,59.77106566123983,0.3261486396193504,0.3169968297084172,0.1875,0.1294968297084172,2.30189399321874,15,386.1031163533529,46.95581347147624,0.184471080203851,1.0000004808108012,43.3374526977539,0.1474164428810278,1.000000770886739,82.1098580678304,0.0942914170523484
fashion_mnist,1000.0,2000.0,0.0,0.0,vnc,0.0,0.3,10.0,64.0,0.780566668510437,0.0033600819392059,0.9569010416666668,50.80862794007073,0.8201844374338786,0.4370139827330907,0.1875,0.2495139827330907,6.722664626439412,15,455.7090321858724,38.37450332641602,0.2348836024602253,1.0000005523363749,19.285542329152424,0.2607724532485008,1.000000286102295,24.10530735651652,0.2281407242019971
fashion_mnist,1000.0,2000.0,0.1,0.0,vnc,0.0,0.3,10.0,64.0,0.7380333344141642,0.0061654699966642,0.882421875,51.92385833373031,0.8074986040592194,0.3887028162678082,0.1875,0.2012028162678082,6.514612817764283,15,439.0338907877604,40.17134602864584,0.2286189541220664,1.000000790754954,32.82616691589355,0.1549260817468166,1.0000003576278689,42.3073927561442,0.1322400048375129
fashion_mnist,1000.0,2000.0,0.2,0.0,vnc,0.0,0.3,10.0,64.0,0.7053666631380717,0.0086261606029054,0.8084635416666667,52.24522707326023,0.7985015829404195,0.3797552784283955,0.1875,0.1922552784283955,6.436644093195597,15,431.2750208536784,41.103162384033205,0.2249122376243273,1.0000010132789612,40.27651119232178,0.1353323241074879,1.0000004291534426,53.6512622197469,0.1107093160351117
fashion_mnist,1000.0,2000.0,0.4,0.0,vnc,0.0,0.3,10.0,64.0,0.5460999965667724,0.0133832865658284,0.6529947916666666,52.68775727684003,0.7901231388250987,0.3596184641122818,0.1875,0.1721184641122817,6.3467773278554285,15,424.41311696370445,42.34434763590495,0.2233076259493827,1.000001422564189,49.92974611918132,0.1219715692102908,1.0000006437301636,69.67633336385092,0.0950998820364474
fashion_mnist,3000.0,2000.0,0.0,0.0,vnc,0.0,0.3,10.0,64.0,0.7980666637420655,0.0066836434918525,0.9186197916666666,49.85015057370332,0.8317874372005463,0.4750372976064682,0.1875,0.2875372976064682,7.228847789764404,15,485.9961639404297,39.9196039835612,0.2200197507937749,1.000000965595245,19.212661202748617,0.2428539375464121,1.000000504652659,22.826084677378336,0.2199640865127245
fashion_mnist,3000.0,2000.0,0.1,0.0,vnc,0.0,0.3,10.0,64.0,0.7546666661898295,0.0098007113511433,0.82265625,50.88084070551791,0.823984815677007,0.419898572564125,0.1875,0.232398572564125,6.952982330322266,15,461.3544158935547,41.9341599782308,0.2101746340592702,1.000001362959544,33.9867431640625,0.1641486088434854,1.0000006556510923,42.57171211242676,0.142982351531585
fashion_mnist,3000.0,2000.0,0.2,0.0,vnc,0.0,0.3,10.0,64.0,0.7181666572888692,0.0099906709127206,0.7520833333333333,51.78388273595981,0.8037411351998647,0.3897049218416213,0.1875,0.2022049218416213,6.696003262201945,15,459.0947143554688,42.165784454345705,0.2093911965688069,1.0000012715657551,42.50536944071452,0.131522287428379,1.0000006119410196,55.229401143391925,0.1075103094180424
fashion_mnist,3000.0,2000.0,0.4,0.0,vnc,0.0,0.3,10.0,64.0,0.5490666647752126,0.0142382692260259,0.5705729166666667,52.75848896756921,0.7877869804700216,0.364727558195591,0.1875,0.1772275581955909,6.447286939620971,15,458.33201395670574,42.858909098307294,0.2108653565247853,1.000001613299052,53.188541920979816,0.1148088718454042,1.0000007311503092,74.47697397867839,0.0909593167404333
fashion_mnist,10000.0,2000.0,0.0,0.0,vnc,0.0,0.3,10.0,64.0,0.7770333329836527,0.0129926221899244,0.8328125,50.06304385505719,0.8214336335659027,0.4940033028523127,0.1875,0.3065033028523127,7.90251415570577,15,475.856645711263,37.17036526997884,0.2042032286524772,1.000002344449361,20.818243408203124,0.268127004802227,1.000001390775045,23.91090571085612,0.2635097717245419
fashion_mnist,10000.0,2000.0,0.1,0.0,vnc,0.0,0.3,10.0,64.0,0.670799998442332,0.0186736268988482,0.6688802083333333,52.39546597445781,0.7977870722611745,0.4196119745572408,0.1875,0.2321119745572407,6.902938715616862,15,465.6964904785156,37.74099464416504,0.1997513776024182,1.000002630551656,38.09859059651693,0.1866255561510721,1.000001327196757,48.91652037302653,0.1668804538746674
fashion_mnist,10000.0,2000.0,0.2,0.0,vnc,0.0,0.3,10.0,64.0,0.636766666173935,0.025055074728725,0.5822916666666667,53.63219868832187,0.7747929811477661,0.3885373363892237,0.1875,0.2010373363892237,6.362280241648356,15,469.8258829752604,37.74852867126465,0.2021635308861732,1.000001891454061,48.70610287984212,0.1418753623962402,1.0000009377797443,65.6824286142985,0.1259427030881245
fashion_mnist,10000.0,2000.0,0.4,0.0,vnc,0.0,0.3,10.0,64.0,0.5365999976793925,0.0228284592569313,0.408203125,54.66683790451575,0.7552202373743058,0.3582117880384127,0.1875,0.1707117880384127,5.814356088638306,15,475.85691833496094,37.65658073425293,0.2061985274155934,1.000001569588979,59.88067207336426,0.1158590354025363,1.0000007192293805,85.9883960723877,0.0944495633244514
